CustomerID,Age,AnnualIncome_k,Tenure_Months,Recency_Days,Frequency_Purchases,MonetaryTotal,AvgOrderValue,NumWebPurchases,NumStorePurchases,NumCatalogPurchases,NumWebVisitsPerMonth,NumDealsPurchases,DiscountUsageRate,CartAbandonRate,ReturnRate,NumComplaints,LoyaltyPoints,EmailOpenRate,AppSessionMinPerMonth,SocialEngagementScore,WishlistItems,ReviewsWritten,CustomerServiceContacts,Spend_Electronics,Spend_Apparel,Spend_Grocery,Spend_HomeGoods,Spend_Beauty
CUST00001,32.0,46.0,28.0,17.2,29.0,962.47,28.84,9.0,6.4,13.7,12.7,13.9,0.504,0.095,0.152,0,1504.0,0.41,76.9,41.5,9,3,1,317.78,29.35,566.98,22.69,25.68
CUST00002,42.5,91.4,22.2,35.9,12.7,964.17,74.89,5.5,4.4,2.7,7.0,2.7,0.256,0.226,0.102,0,2450.0,0.207,25.0,20.6,5,0,0,361.35,84.72,122.69,238.6,156.81
CUST00003,43.4,61.1,117.5,156.7,2.2,103.16,41.86,0.9,1.0,0.4,2.1,0.4,0.312,0.265,0.173,2,415.0,0.065,10.1,6.7,1,1,1,33.7,15.95,30.45,8.72,14.35
CUST00004,26.1,70.4,13.7,11.8,10.1,612.14,62.07,5.2,4.7,0.2,33.6,8.8,0.533,0.476,0.134,0,973.0,0.273,310.2,96.9,15,5,0,177.35,151.48,6.33,17.68,259.3
CUST00005,42.4,68.2,65.9,7.7,40.0,5946.48,146.65,15.9,16.2,7.9,11.3,2.1,0.088,0.093,0.025,0,5180.0,0.571,159.8,21.0,7,5,0,909.67,2294.86,292.81,1237.38,1211.76
CUST00006,46.6,118.7,60.8,6.3,34.5,4567.6,128.19,12.8,7.0,14.6,7.7,1.9,0.103,0.035,0.027,0,2872.0,0.374,124.2,58.9,5,7,0,1324.22,1635.72,359.55,101.79,1146.32
CUST00007,49.1,147.8,46.0,11.0,43.8,10308.79,202.2,14.5,13.8,15.5,12.6,3.1,0.052,0.132,0.028,1,4255.0,0.83,67.6,37.7,3,4,0,839.73,3891.66,5.23,4600.07,972.1
CUST00008,43.8,67.8,24.5,32.3,7.6,513.64,67.0,3.9,3.8,0.0,1.9,4.0,0.331,0.176,0.064,0,734.0,0.157,38.7,24.1,5,1,0,115.22,61.44,49.94,8.18,278.85
CUST00009,45.6,60.4,48.3,149.4,3.5,127.67,32.3,1.7,1.6,0.1,1.9,1.0,0.257,0.217,0.163,1,333.0,0.033,8.3,4.9,0,0,1,2.96,18.47,52.87,29.5,23.86
CUST00010,54.2,77.5,93.1,98.3,2.0,63.04,32.24,1.1,1.0,0.0,3.0,1.2,0.229,0.091,0.158,3,211.0,0.072,7.2,2.6,0,0,1,0.56,22.37,20.72,11.36,8.04
CUST00011,54.8,136.5,71.3,4.1,22.2,3282.06,143.85,9.9,4.6,7.7,7.2,3.5,0.116,0.08,0.026,0,4062.0,0.369,77.0,9.7,10,4,0,611.16,667.63,86.22,1498.05,419.0
CUST00012,37.5,72.1,36.7,48.5,4.0,207.83,58.8,1.7,2.0,0.3,7.4,4.0,0.272,0.254,0.127,0,2141.0,0.258,33.5,41.2,8,1,2,14.53,62.76,84.6,15.57,30.37
CUST00013,42.8,28.0,58.1,31.2,15.6,905.31,55.73,8.9,3.4,3.3,12.2,5.9,0.235,0.192,0.104,0,1915.0,0.318,34.7,16.9,5,1,0,80.21,228.3,182.33,208.49,205.97
CUST00014,46.1,63.1,39.6,14.8,15.2,508.74,36.14,6.2,3.5,5.5,10.7,13.2,0.281,0.372,0.12,2,1057.0,0.381,43.0,24.0,10,3,1,93.99,79.26,121.74,12.05,201.7
CUST00015,46.2,15.0,31.7,25.8,31.5,1211.27,40.39,17.2,13.9,0.4,18.0,8.5,0.857,0.64,0.134,0,1186.0,0.18,59.3,45.4,10,1,0,186.22,108.97,832.02,16.3,67.76
CUST00016,32.1,68.6,25.6,21.2,16.9,668.81,36.18,10.0,3.8,3.1,12.9,16.9,0.637,0.558,0.176,1,842.0,0.463,40.4,43.1,14,0,2,88.46,348.1,94.66,46.44,91.16
CUST00017,38.1,50.6,28.7,12.3,33.2,1426.2,41.72,14.7,15.4,3.1,17.0,7.6,0.781,0.237,0.064,0,1744.0,0.553,79.4,57.2,11,2,1,25.05,95.44,1117.6,100.95,87.17
CUST00018,23.6,49.2,2.9,13.1,2.5,134.76,53.72,1.1,1.0,0.4,29.7,2.5,0.395,0.352,0.155,1,1318.0,0.232,193.8,118.3,18,1,0,21.22,51.02,6.61,4.7,51.21
CUST00019,22.5,41.6,21.0,9.6,12.1,693.03,54.32,4.5,3.1,4.5,25.5,5.5,0.241,0.496,0.105,1,988.0,0.222,86.5,138.7,20,3,2,161.59,85.85,120.83,8.42,316.34
CUST00020,36.8,77.9,10.1,24.2,11.0,369.24,34.96,4.8,4.2,2.1,16.9,5.1,0.74,0.37,0.096,1,1579.0,0.402,44.6,47.8,12,2,0,23.5,46.8,212.93,12.46,73.55
CUST00021,55.7,43.7,47.5,79.3,3.5,200.45,58.28,1.7,0.8,0.9,1.4,1.0,0.171,0.155,0.106,2,242.0,0.07,12.5,3.8,3,0,2,52.13,13.41,131.19,1.94,1.79
CUST00022,37.3,115.9,45.3,3.1,47.4,10122.21,168.89,19.3,22.2,6.0,7.2,4.1,0.142,0.07,0.027,0,0.0,0.343,103.1,47.4,2,9,1,1931.54,1825.6,1375.48,2404.59,2585.01
CUST00023,20.5,42.2,20.2,19.1,13.2,627.53,45.6,5.2,5.4,2.5,5.5,10.2,0.559,0.399,0.148,3,1294.0,0.609,83.5,41.4,14,3,0,63.91,57.36,406.77,50.1,49.39
CUST00024,43.5,66.8,28.4,18.2,28.8,1168.1,34.34,15.0,13.2,0.7,15.1,16.8,0.814,0.285,0.1,0,938.0,0.527,82.5,50.1,12,1,1,3.6,251.51,501.15,172.16,239.68
CUST00025,28.1,58.5,14.2,10.0,12.3,852.93,66.53,5.7,3.9,2.6,29.3,4.7,0.257,0.334,0.181,1,794.0,0.301,81.7,126.2,25,1,1,239.35,404.94,101.33,39.81,67.5
CUST00026,43.7,78.9,92.6,103.2,2.5,122.52,45.65,1.2,0.7,0.6,1.9,1.6,0.269,0.291,0.17,0,213.0,0.036,9.1,4.9,0,0,2,14.33,37.13,48.49,14.05,8.51
CUST00027,49.6,56.8,17.0,9.5,14.3,579.95,40.36,4.6,6.9,2.7,10.5,14.3,0.543,0.321,0.18,1,1963.0,0.497,32.4,53.1,10,3,0,128.6,201.85,145.24,53.64,50.62
CUST00028,27.3,49.0,13.8,3.9,18.9,1209.03,64.44,6.7,7.6,4.6,34.8,5.2,0.298,0.426,0.16,1,800.0,0.217,64.3,144.5,20,2,2,718.01,214.79,8.25,78.49,189.49
CUST00029,33.6,65.0,15.7,11.8,8.2,544.02,58.41,2.6,2.5,3.0,31.0,6.4,0.454,0.471,0.184,0,688.0,0.146,201.9,109.5,22,3,0,214.47,175.24,20.34,34.52,99.45
CUST00030,45.0,96.4,68.8,4.0,36.0,4645.38,132.87,19.6,14.6,1.8,12.8,3.4,0.09,0.065,0.02,0,3160.0,0.196,109.2,49.7,9,8,0,925.33,1648.16,554.81,666.3,850.78
CUST00031,65.7,52.6,37.3,127.8,2.7,231.58,82.94,1.0,1.3,0.4,1.0,0.8,0.261,0.325,0.105,3,131.0,0.01,8.0,5.7,1,0,1,4.17,31.84,121.05,13.44,61.09
CUST00032,45.3,70.2,43.7,7.8,53.7,5946.96,96.63,29.6,24.0,0.1,13.5,3.3,0.153,0.079,0.041,0,3899.0,0.786,102.0,30.8,6,5,1,3030.55,1143.37,482.26,745.25,545.53
CUST00033,43.5,93.0,73.4,7.1,40.6,7444.47,187.11,13.0,17.5,10.2,17.4,3.3,0.145,0.114,0.034,0,4306.0,0.783,104.8,22.9,10,5,0,1178.56,1484.78,2241.27,935.13,1604.72
CUST00034,49.5,63.5,42.6,43.4,14.6,611.48,41.57,5.5,3.7,5.3,7.9,1.7,0.333,0.139,0.097,0,2007.0,0.189,42.7,25.0,4,1,0,152.46,24.9,191.01,92.21,150.89
CUST00035,43.3,58.4,33.2,51.3,7.9,559.48,68.86,2.7,1.6,3.6,7.7,3.2,0.341,0.164,0.037,1,1907.0,0.42,43.8,28.6,9,3,1,80.39,95.14,174.74,33.72,175.5
CUST00036,41.0,47.7,40.3,40.7,7.1,290.01,39.57,3.5,3.2,0.3,6.9,6.9,0.289,0.28,0.1,2,1840.0,0.072,30.8,21.9,5,0,0,17.97,98.84,62.98,70.95,39.27
CUST00037,31.9,72.4,32.6,15.4,31.2,1121.39,36.63,18.1,7.0,6.0,11.6,15.9,0.71,0.28,0.114,0,1326.0,0.214,48.2,35.4,8,4,1,70.15,219.53,598.01,220.98,12.74
CUST00038,49.8,94.7,42.1,5.0,27.7,3164.86,108.09,13.1,9.7,4.8,3.7,2.6,0.109,0.088,0.021,0,3133.0,0.546,22.1,29.5,7,8,1,1594.58,777.35,158.16,574.35,60.42
CUST00039,52.4,43.9,53.7,290.3,1.7,77.5,57.51,0.8,0.4,0.5,2.6,0.6,0.224,0.145,0.157,2,201.0,0.053,11.9,4.0,0,0,3,17.1,3.81,51.91,4.68,0.01
CUST00040,24.6,55.9,15.6,15.4,19.9,921.92,52.66,8.9,9.5,1.5,18.7,5.4,0.241,0.351,0.147,0,1140.0,0.204,213.0,0.0,22,2,0,116.81,535.7,43.13,42.08,184.19
CUST00041,45.5,95.9,65.3,7.3,12.8,1727.39,131.88,5.3,5.6,1.9,6.9,2.0,0.084,0.114,0.024,0,3279.0,0.675,114.7,60.9,3,5,2,598.09,138.69,283.9,220.27,486.45
CUST00042,30.1,71.1,11.5,9.1,6.8,363.86,48.52,2.2,1.6,3.1,20.9,6.8,0.283,0.494,0.098,0,885.0,0.286,61.3,85.3,18,6,0,119.17,38.02,66.93,70.02,69.72
CUST00043,49.8,87.3,39.2,6.3,17.6,3406.92,198.2,8.1,5.1,4.5,11.2,2.3,0.043,0.078,0.018,0,6704.0,0.57,53.7,31.1,9,5,1,786.28,1173.25,210.62,739.73,497.04
CUST00044,40.5,79.0,27.9,33.0,11.5,549.81,56.39,5.4,3.5,2.5,7.3,1.7,0.299,0.226,0.09,0,982.0,0.174,26.8,28.3,3,1,0,123.8,121.87,117.62,74.95,111.58
CUST00045,51.4,21.9,24.1,17.7,14.4,583.24,38.67,6.1,3.4,4.9,12.3,14.4,0.769,0.366,0.099,0,1494.0,0.138,87.5,46.5,13,1,1,75.57,153.08,225.32,11.44,117.82
CUST00046,43.9,62.5,50.5,55.2,3.3,245.0,73.27,1.6,1.1,0.6,2.2,1.3,0.212,0.298,0.156,2,464.0,0.052,12.0,4.5,1,0,3,31.48,14.55,187.0,11.74,0.24
CUST00047,48.3,48.0,41.8,7.9,32.4,1062.74,32.59,10.9,15.6,5.9,12.4,21.2,0.862,0.397,0.079,0,1589.0,0.176,32.1,35.5,8,2,1,1.36,277.46,635.83,1.95,146.14
CUST00048,28.3,47.3,13.4,13.0,5.3,410.33,76.75,2.5,1.7,1.1,21.4,5.3,0.297,0.456,0.17,0,625.0,0.32,162.6,111.5,19,4,2,34.7,110.7,14.67,86.38,163.87
CUST00049,22.9,38.5,7.1,5.1,16.6,1317.91,76.92,5.7,4.7,6.2,19.7,7.1,0.196,0.214,0.132,0,943.0,0.368,118.1,102.9,15,3,0,157.83,471.12,66.16,22.23,600.58
CUST00050,47.6,41.4,26.6,13.8,26.7,1494.45,50.72,13.0,8.6,5.1,15.1,12.4,0.294,0.157,0.092,2,1478.0,0.451,65.3,60.5,15,1,2,33.31,120.61,775.51,18.99,546.02
CUST00051,47.6,79.0,43.4,18.5,17.4,1689.23,90.33,9.2,4.7,3.5,13.0,1.3,0.211,0.137,0.098,1,1736.0,0.211,23.1,30.0,4,0,0,307.66,233.17,184.02,135.27,829.1
CUST00052,67.6,37.3,79.1,130.3,3.8,191.93,54.35,1.9,1.8,0.1,2.2,0.3,0.238,0.263,0.222,1,313.0,0.037,5.7,7.4,1,0,3,2.9,1.99,115.71,50.28,21.05
CUST00053,39.4,55.5,40.5,45.1,7.5,727.93,87.21,3.4,1.7,2.4,8.4,4.1,0.292,0.071,0.101,1,1442.0,0.281,26.2,17.7,8,0,0,200.65,193.15,39.56,113.43,181.14
CUST00054,47.0,102.3,32.0,18.5,12.7,1153.02,100.8,4.3,6.2,2.2,7.0,4.7,0.246,0.141,0.107,0,2714.0,0.406,66.9,25.3,4,0,2,66.52,109.27,542.66,337.42,97.15
CUST00055,24.2,50.0,17.2,14.0,22.9,929.96,35.62,13.3,6.3,3.3,19.9,0.6,0.194,0.479,0.106,1,851.0,0.213,89.9,85.7,17,1,1,474.57,94.18,4.87,129.09,227.25
CUST00056,44.8,69.6,20.5,55.3,18.0,494.89,30.7,6.3,7.5,4.1,7.2,2.5,0.412,0.271,0.085,0,2093.0,0.317,54.5,21.0,4,1,0,26.76,76.78,141.01,212.17,38.17
CUST00057,46.6,107.3,54.3,0.0,34.7,5103.47,150.49,15.0,13.6,6.1,17.2,2.2,0.088,0.067,0.029,0,3905.0,0.683,79.4,14.7,8,8,0,1697.5,1040.32,149.95,1056.14,1159.57
CUST00058,34.5,50.1,25.2,14.2,24.2,175.61,9.52,10.9,5.3,8.0,12.3,12.9,0.687,0.363,0.094,2,1474.0,0.24,50.1,42.1,19,1,0,2.49,31.84,36.48,83.63,21.16
CUST00059,52.9,52.1,64.6,12.4,25.0,766.58,31.76,8.3,12.2,4.6,9.8,1.8,0.085,0.117,0.036,0,2444.0,0.457,112.3,49.6,5,7,1,103.96,278.87,49.73,198.19,135.84
CUST00060,32.6,64.2,41.5,1.7,25.9,223.84,9.58,13.0,8.9,4.0,22.0,10.7,0.421,0.158,0.082,1,1357.0,0.251,110.3,65.5,9,0,1,22.8,84.62,54.03,36.5,25.88
CUST00061,30.4,57.5,25.2,5.6,24.7,1341.31,66.63,8.7,8.4,7.6,13.8,17.6,0.674,0.374,0.093,1,1803.0,0.406,65.5,57.2,17,5,0,65.52,242.63,585.95,164.5,282.72
CUST00062,38.5,39.2,23.7,9.5,31.5,1169.06,33.48,15.7,12.7,3.1,17.0,26.9,0.362,0.248,0.156,1,1541.0,0.373,40.2,28.5,12,3,1,339.67,226.13,365.4,131.39,106.47
CUST00063,40.3,78.4,35.7,23.5,13.0,1205.11,92.18,6.4,5.5,1.1,3.9,2.9,0.117,0.17,0.046,0,1886.0,0.243,31.7,26.0,7,1,0,483.75,149.23,152.25,333.5,86.38
CUST00064,46.4,60.3,49.9,12.8,16.4,714.38,42.26,8.6,7.3,0.5,19.8,7.0,0.622,0.386,0.157,1,1766.0,0.392,61.7,41.2,12,1,2,113.6,131.95,200.92,157.74,110.17
CUST00065,53.7,75.7,39.5,20.2,19.6,636.72,31.48,6.1,9.6,3.9,18.6,12.8,0.858,0.503,0.087,1,1048.0,0.337,92.5,46.8,11,2,2,14.28,164.8,319.41,86.78,51.45
CUST00066,25.5,70.2,12.4,12.0,13.3,606.13,38.58,7.0,4.7,1.6,10.5,5.3,0.381,0.224,0.15,1,906.0,0.144,150.6,101.3,13,1,1,248.52,28.87,61.29,80.06,187.39
CUST00067,55.1,97.7,38.0,1.7,29.0,6972.45,233.83,15.3,8.0,5.8,9.9,3.4,0.1,0.085,0.03,1,2971.0,0.765,113.9,27.3,2,3,0,400.43,2026.82,1203.86,1523.5,1817.85
CUST00068,33.2,52.2,23.2,28.1,9.5,584.1,67.37,4.4,2.1,3.0,8.9,4.8,0.215,0.188,0.085,1,2354.0,0.306,26.1,12.9,4,1,0,264.32,103.35,115.52,33.71,67.2
CUST00069,44.2,99.5,46.2,6.7,16.4,2148.61,127.6,8.7,5.0,2.7,9.8,3.2,0.065,0.092,0.041,0,4806.0,0.344,50.1,15.4,5,6,0,857.67,298.44,338.22,559.15,95.13
CUST00070,49.5,46.2,37.7,24.9,10.2,505.86,53.59,3.5,3.0,3.8,8.0,3.7,0.274,0.299,0.083,0,2078.0,0.258,29.0,18.0,7,0,1,103.91,60.42,117.83,41.74,181.96
CUST00071,53.6,51.2,25.7,118.0,4.1,295.38,68.07,1.7,0.9,1.5,2.3,1.2,0.3,0.143,0.297,2,271.0,0.054,13.2,3.7,1,0,6,110.0,26.02,126.91,11.8,20.65
CUST00072,44.6,64.7,19.4,16.0,27.2,1639.43,55.42,10.9,10.7,5.5,17.7,14.3,0.726,0.313,0.092,2,1889.0,0.39,80.5,34.1,16,1,2,47.26,565.9,241.76,123.48,661.04
CUST00073,47.7,114.7,23.7,8.6,24.4,3483.57,114.34,10.1,9.4,4.9,14.4,1.6,0.11,0.082,0.031,0,4916.0,0.377,139.1,58.0,6,4,0,952.75,612.82,103.12,565.02,1249.86
CUST00074,43.7,113.4,35.6,33.6,4.9,229.48,47.86,2.2,2.1,0.6,6.0,3.0,0.259,0.16,0.108,0,1498.0,0.253,33.8,37.4,3,0,0,7.45,36.33,59.25,15.76,110.69
CUST00075,41.3,45.5,75.7,138.3,4.0,292.42,79.74,1.8,0.9,1.3,1.1,1.1,0.269,0.282,0.102,0,341.0,0.053,4.7,5.4,2,0,3,26.14,15.9,210.77,25.26,14.35
CUST00076,52.7,61.4,89.2,171.5,1.6,73.26,46.66,1.0,0.4,0.2,1.2,1.0,0.183,0.178,0.176,1,432.0,0.049,6.4,5.2,0,0,3,23.65,12.02,23.95,9.75,3.9
CUST00077,49.0,67.5,82.2,82.2,3.6,141.33,39.51,1.4,1.8,0.4,2.1,0.4,0.153,0.281,0.253,4,239.0,0.034,6.1,7.8,1,0,1,12.84,23.15,71.68,2.13,31.52
CUST00078,36.6,156.3,62.4,13.4,21.3,2375.23,150.92,8.8,10.5,2.0,9.0,3.1,0.102,0.015,0.032,0,4809.0,0.613,101.2,13.7,6,6,1,55.68,1054.03,45.03,527.99,692.51
CUST00079,33.1,49.3,25.6,17.8,20.7,469.0,22.85,10.6,10.2,0.0,13.5,19.5,0.46,0.453,0.116,1,935.0,0.381,82.5,12.7,11,5,1,76.05,188.7,31.72,12.37,160.15
CUST00080,49.9,113.0,39.0,9.6,0.0,2.36,107.73,0.0,0.0,0.0,9.1,0.0,0.124,0.035,0.03,0,4904.0,0.494,30.9,50.3,8,7,1,1.4,0.48,0.21,0.19,0.08
CUST00081,47.6,57.5,25.1,11.0,11.1,93.99,7.98,6.2,2.7,2.2,8.2,4.8,0.329,0.212,0.119,0,1899.0,0.292,22.6,28.0,8,1,0,31.88,8.4,12.89,16.28,24.54
CUST00082,38.1,30.0,65.2,142.6,3.8,131.5,32.01,1.2,1.4,1.2,3.1,1.1,0.163,0.151,0.241,1,287.0,0.068,6.6,4.3,1,0,3,13.43,10.71,79.81,9.63,17.93
CUST00083,28.7,62.3,29.4,8.2,15.1,841.82,55.48,6.2,6.1,2.8,14.5,14.6,0.573,0.332,0.058,2,1015.0,0.329,81.6,67.2,9,2,2,57.89,107.99,520.22,89.9,65.82
CUST00084,46.6,55.9,46.8,8.1,14.8,1287.05,94.81,8.6,6.8,0.0,6.2,2.9,0.082,0.088,0.036,0,4933.0,0.601,60.3,38.9,5,4,1,402.62,28.71,82.23,594.79,178.7
CUST00085,45.6,49.2,26.4,10.9,11.0,460.5,39.66,3.7,4.6,2.7,16.5,11.0,0.814,0.207,0.088,1,995.0,0.53,82.6,47.8,14,4,1,47.13,135.24,135.3,102.88,39.95
CUST00086,33.7,61.8,12.5,12.9,4.9,235.07,53.61,1.9,1.4,1.6,20.2,4.9,0.718,0.261,0.124,2,1197.0,0.304,58.1,55.9,9,3,0,2.57,58.62,115.63,44.45,13.8
CUST00087,56.1,73.5,23.6,151.2,2.7,81.68,29.66,0.8,1.0,0.8,1.7,0.8,0.206,0.164,0.168,2,389.0,0.068,13.9,6.7,0,0,1,9.87,17.13,44.23,8.67,1.78
CUST00088,66.8,83.9,72.7,194.8,3.7,217.88,54.48,1.1,1.4,1.2,1.0,1.1,0.195,0.231,0.151,1,378.0,0.05,6.5,4.3,2,0,2,30.31,23.73,41.01,13.7,109.12
CUST00089,48.9,52.7,22.0,47.2,3.5,231.05,67.85,1.1,1.4,0.9,9.4,3.5,0.246,0.229,0.084,0,1783.0,0.247,21.9,18.6,4,0,0,13.59,20.32,63.42,67.58,66.15
CUST00090,25.8,44.8,14.7,13.8,18.8,818.24,40.51,10.8,5.9,2.1,19.4,6.5,0.273,0.31,0.238,0,1189.0,0.192,189.5,81.1,21,1,2,407.08,128.78,91.99,14.74,175.63
CUST00091,50.3,154.8,24.8,7.2,32.3,3400.86,115.14,18.5,11.3,2.4,10.8,3.1,0.088,0.088,0.025,0,3130.0,0.683,69.0,24.5,8,2,1,645.21,1875.18,53.13,551.19,276.15
CUST00092,51.8,66.3,60.2,215.3,2.9,189.51,67.8,1.2,1.1,0.6,2.6,1.1,0.13,0.31,0.156,2,240.0,0.072,6.4,5.1,1,0,4,52.83,27.96,69.05,8.51,31.15
CUST00093,47.2,83.2,70.8,117.9,2.4,154.34,76.05,1.4,0.8,0.1,2.0,0.4,0.279,0.366,0.164,5,286.0,0.029,8.9,4.7,0,1,2,29.77,6.59,90.89,15.73,11.36
CUST00094,35.9,61.3,13.3,7.4,25.3,1038.84,40.87,8.4,12.4,4.5,30.7,2.1,0.343,0.308,0.187,1,640.0,0.315,198.1,77.1,17,2,0,275.6,162.9,171.55,262.62,166.17
CUST00095,53.9,55.9,51.3,146.9,1.4,99.7,61.82,0.8,0.5,0.1,1.6,0.8,0.275,0.194,0.293,2,245.0,0.059,9.3,5.7,0,1,1,11.48,13.87,36.52,14.68,23.15
CUST00096,24.7,52.3,12.7,9.7,0.0,0.0,58.47,0.0,0.0,0.0,38.9,0.0,0.206,0.514,0.163,0,1159.0,0.252,220.1,91.6,15,5,1,0.0,0.0,0.0,0.0,0.0
CUST00097,23.5,55.8,7.7,15.1,12.3,716.95,66.91,4.1,5.6,2.5,30.9,7.6,0.335,0.316,0.161,0,1034.0,0.187,150.9,94.0,18,6,0,380.04,192.09,29.82,49.8,65.2
CUST00098,28.0,24.8,13.3,8.9,13.8,750.12,53.11,5.4,2.9,5.5,23.7,3.0,0.344,0.187,0.058,0,1100.0,0.243,207.1,55.7,17,2,0,151.66,401.56,132.6,5.26,59.04
CUST00099,47.5,103.2,67.0,5.2,34.2,4464.79,132.84,12.3,16.5,5.4,9.4,2.0,0.1,0.078,0.032,1,5364.0,0.377,121.3,18.4,2,6,0,928.41,1870.4,32.41,1186.06,447.5
CUST00100,27.4,95.4,39.9,9.5,2.3,613.53,255.88,0.7,0.5,1.1,10.5,2.3,0.17,0.101,0.039,0,3852.0,0.594,52.3,23.4,5,2,0,157.4,303.94,10.76,102.93,38.49
CUST00101,39.5,136.6,62.3,12.4,19.6,3460.88,165.68,11.3,7.8,0.6,8.3,2.1,0.148,0.06,0.019,0,4194.0,0.442,80.9,21.5,6,4,1,1537.95,178.24,53.75,1346.96,343.98
CUST00102,65.0,68.9,70.6,219.2,3.5,135.16,40.78,1.4,0.7,1.4,2.2,0.5,0.191,0.266,0.069,3,300.0,0.068,11.1,2.2,0,1,3,7.17,29.36,56.12,22.72,19.78
CUST00103,34.9,62.7,17.5,13.8,30.2,1185.24,37.41,17.7,8.9,3.6,12.4,8.2,0.522,0.325,0.086,1,1870.0,0.583,58.1,23.9,11,3,1,31.37,241.95,750.3,92.89,68.74
CUST00104,18.0,60.9,13.5,12.3,12.3,715.07,54.19,4.3,3.2,4.8,52.2,7.9,0.224,0.208,0.135,0,1263.0,0.347,157.6,126.7,10,3,1,237.93,164.55,34.97,165.51,112.11
CUST00105,42.4,67.7,16.6,66.9,6.2,255.64,42.81,3.1,1.9,1.2,11.6,4.0,0.305,0.232,0.097,0,2749.0,0.277,12.4,27.3,4,3,1,99.63,38.04,49.74,21.32,46.91
CUST00106,44.4,52.4,18.6,12.4,7.4,177.17,23.75,3.2,1.6,2.5,15.1,7.4,0.651,0.304,0.061,0,1656.0,0.213,64.8,41.6,17,3,0,8.9,38.12,119.9,0.78,9.47
CUST00107,18.0,42.8,8.2,16.8,15.4,824.2,49.29,8.9,6.6,0.0,15.2,4.2,0.306,0.589,0.173,2,909.0,0.31,185.4,50.2,12,2,0,308.39,211.17,100.08,73.88,130.68
CUST00108,35.1,59.9,58.7,178.6,2.3,100.41,44.06,1.3,0.9,0.1,2.1,1.0,0.224,0.227,0.105,3,305.0,0.04,5.9,3.9,0,1,6,1.15,4.24,53.65,32.28,9.07
CUST00109,29.6,64.1,29.6,4.5,22.9,576.03,28.45,10.5,8.6,3.8,14.0,3.2,0.519,0.257,0.171,0,1078.0,0.265,67.4,19.6,8,3,1,4.95,141.38,249.43,50.97,129.3
CUST00110,47.1,92.9,36.5,0.1,25.8,4872.44,207.59,9.8,6.1,9.9,4.7,3.5,0.119,0.086,0.029,0,7201.0,0.686,131.8,27.9,5,3,0,758.49,1936.14,648.53,1161.96,367.32
CUST00111,35.1,64.0,35.4,20.7,35.9,1406.14,43.77,17.7,10.8,7.4,12.7,15.7,1.0,0.369,0.15,0,2064.0,0.363,59.4,63.3,17,5,1,83.11,479.71,633.37,61.35,148.61
CUST00112,31.8,165.6,66.0,5.5,30.7,5600.09,163.16,11.5,6.7,12.5,7.1,4.3,0.084,0.048,0.037,0,6864.0,0.612,108.5,29.7,3,4,1,2284.83,1238.85,602.05,1370.9,103.46
CUST00113,38.2,37.8,51.3,42.9,13.9,627.53,43.76,6.0,3.8,4.2,8.7,2.7,0.237,0.258,0.062,0,1469.0,0.411,23.7,21.5,5,1,0,225.98,151.92,161.54,59.86,28.24
CUST00114,35.9,61.4,29.6,38.6,15.6,706.0,47.65,8.4,7.4,0.0,6.6,2.7,0.224,0.246,0.055,0,1805.0,0.39,22.4,22.1,3,0,4,129.81,84.38,246.91,106.12,138.79
CUST00115,41.7,60.2,54.1,4.2,1.6,101.48,57.25,0.6,0.7,0.3,0.7,0.7,0.193,0.287,0.178,7,255.0,0.042,9.7,6.3,2,0,3,19.38,3.49,25.5,49.44,3.67
CUST00116,31.2,32.3,25.3,37.3,11.4,634.04,64.78,3.7,5.4,2.3,10.2,4.4,0.305,0.086,0.087,0,1747.0,0.187,35.1,24.7,4,0,0,80.97,288.68,114.62,97.09,52.69
CUST00117,47.8,69.4,30.3,44.2,14.7,836.67,61.63,4.6,5.8,4.3,3.0,2.9,0.204,0.241,0.065,1,1764.0,0.295,26.6,14.9,5,1,0,265.69,165.29,185.67,152.54,67.47
CUST00118,32.1,57.5,35.9,21.5,16.2,252.35,15.57,8.2,3.5,4.6,15.4,15.4,0.946,0.39,0.107,1,1190.0,0.38,99.3,37.1,16,4,2,15.44,71.56,127.94,27.75,9.67
CUST00119,48.5,59.9,33.4,51.9,2.4,206.45,91.41,0.7,0.6,1.0,9.4,2.4,0.305,0.204,0.087,0,1739.0,0.205,0.0,18.2,6,0,2,60.32,35.51,38.46,31.88,40.28
CUST00120,25.2,50.6,19.4,7.0,23.4,1344.42,58.47,11.7,6.7,5.0,46.9,3.5,0.268,0.678,0.225,0,762.0,0.305,302.3,6.3,20,2,1,425.05,154.12,440.5,109.61,215.13
CUST00121,40.8,78.1,29.6,63.3,11.9,659.74,53.69,5.3,2.9,3.6,6.8,4.1,0.214,0.133,0.127,0,1080.0,0.179,35.2,35.2,7,2,0,164.36,96.33,117.25,178.57,103.22
CUST00122,30.3,83.2,36.7,30.4,17.2,855.76,50.5,9.9,7.6,0.0,10.2,4.1,0.146,0.211,0.07,0,2099.0,0.308,27.8,0.0,2,1,1,111.9,36.14,308.67,248.06,150.99
CUST00123,34.8,60.2,32.7,10.3,27.4,1524.26,61.77,16.2,12.8,0.0,12.3,15.3,0.803,0.291,0.018,0,1971.0,0.592,73.5,68.4,14,0,2,89.28,172.45,1021.17,32.85,208.51
CUST00124,52.1,110.2,26.7,6.4,13.9,2614.22,175.19,6.3,5.3,2.3,3.9,4.6,0.081,0.148,0.018,0,4225.0,0.371,94.4,32.9,4,5,0,897.95,812.63,314.02,324.51,265.11
CUST00125,35.4,56.5,35.5,14.8,20.3,738.52,38.67,9.8,9.4,1.1,12.3,2.3,0.499,0.549,0.123,0,965.0,0.415,51.7,37.9,18,3,0,131.47,191.8,246.08,0.04,169.13
CUST00126,23.2,47.8,3.9,4.5,9.8,574.19,56.68,5.5,2.8,1.4,24.5,5.1,0.319,0.405,0.208,0,1426.0,0.275,108.5,85.7,18,3,0,91.08,257.33,101.2,13.71,110.87
CUST00127,45.2,65.1,27.0,46.9,11.1,717.72,71.61,4.8,5.4,0.9,4.1,4.2,0.226,0.212,0.041,0,1412.0,0.317,27.0,15.1,7,0,0,210.74,35.11,327.82,55.0,89.05
CUST00128,28.5,76.3,33.3,31.0,10.6,1234.29,119.63,6.3,5.1,0.0,9.4,3.0,0.272,0.186,0.07,0,2473.0,0.294,51.7,19.0,5,1,0,9.93,440.12,27.97,510.68,245.59
CUST00129,60.1,84.0,22.6,8.9,31.1,5769.58,173.97,11.3,12.5,7.3,16.2,0.9,0.064,0.045,0.047,0,5108.0,0.46,195.4,21.1,4,5,0,2012.66,1997.59,82.32,925.09,751.92
CUST00130,27.6,40.4,8.3,14.9,18.7,1700.27,84.16,8.1,5.3,5.4,13.9,6.2,0.209,0.583,0.162,2,701.0,0.187,16.8,73.1,25,4,0,416.26,743.97,167.95,1.96,370.14
CUST00131,31.0,49.6,9.4,0.0,15.5,764.93,42.05,8.4,3.6,3.5,25.9,7.1,0.151,0.31,0.199,0,957.0,0.298,100.9,127.6,12,4,3,169.83,294.57,15.8,89.36,195.37
CUST00132,38.7,24.4,45.1,17.7,31.4,706.57,19.98,10.2,7.4,13.8,24.9,6.6,0.8,0.35,0.064,3,700.0,0.221,63.3,40.4,8,3,2,33.42,43.95,500.07,40.19,88.94
CUST00133,51.9,143.7,52.9,6.1,37.6,5821.36,145.03,11.4,9.4,16.8,2.5,3.5,0.081,0.12,0.036,1,2942.0,0.818,161.7,40.5,4,6,1,855.92,2293.38,245.4,838.25,1588.42
CUST00134,33.5,43.1,17.1,11.5,7.3,257.65,31.75,3.7,2.6,1.0,13.1,7.3,0.694,0.433,0.131,0,1505.0,0.448,119.8,35.6,14,2,0,34.25,52.37,62.7,66.93,41.4
CUST00135,36.5,52.8,25.1,37.1,13.3,1085.18,75.55,6.5,2.8,3.9,10.7,3.6,0.404,0.278,0.094,0,954.0,0.223,54.3,28.2,10,0,2,167.7,362.49,133.46,138.14,283.39
CUST00136,41.7,60.7,34.1,25.2,16.1,342.65,23.43,5.1,3.4,7.6,7.5,16.1,0.952,0.384,0.164,0,1456.0,0.244,44.2,27.7,20,5,2,6.17,94.56,232.57,9.29,0.05
CUST00137,29.5,61.2,15.0,12.5,9.8,528.41,57.97,3.8,3.3,2.7,29.5,4.3,0.194,0.498,0.111,1,1187.0,0.193,207.8,32.8,21,4,0,77.5,197.33,18.47,4.22,230.89
CUST00138,66.8,64.6,45.6,75.8,4.1,165.57,39.77,2.3,0.8,1.0,2.7,0.8,0.197,0.199,0.241,2,419.0,0.083,6.8,2.1,2,1,1,1.43,4.86,149.17,0.78,9.34
CUST00139,41.1,36.5,26.6,4.9,22.8,395.16,15.89,11.8,7.7,3.3,7.6,4.1,0.789,0.148,0.072,1,1234.0,0.669,37.5,25.1,17,1,2,52.26,132.32,180.27,10.27,20.04
CUST00140,33.1,39.1,16.8,27.9,9.5,363.7,34.56,2.9,4.3,2.3,4.5,1.8,0.257,0.258,0.129,0,1880.0,0.264,36.8,19.5,5,0,0,28.49,127.44,50.54,70.18,87.06
CUST00141,42.4,88.1,25.0,22.7,9.2,876.71,85.89,2.9,1.9,4.5,7.9,5.6,0.072,0.248,0.053,0,1496.0,0.215,53.7,27.4,3,3,2,58.7,88.24,28.04,387.39,314.33
CUST00142,39.8,43.5,27.0,23.5,28.0,1043.15,36.2,15.9,10.0,2.0,11.1,14.8,0.839,0.402,0.107,0,1712.0,0.687,41.6,38.8,13,2,4,37.42,180.69,487.81,241.91,95.32
CUST00143,19.2,58.6,15.8,5.2,19.8,696.41,39.67,7.2,6.7,6.0,22.0,4.6,0.386,0.602,0.062,1,1164.0,0.245,182.1,78.7,20,6,2,242.94,241.02,34.88,76.99,100.58
CUST00144,29.2,68.4,31.6,13.6,19.8,617.16,32.4,6.6,8.2,5.1,18.6,11.6,1.0,0.452,0.142,0,909.0,0.313,126.7,23.4,13,3,1,29.51,13.92,427.79,57.3,88.65
CUST00145,42.3,37.3,13.7,22.1,6.8,236.41,36.31,3.4,3.3,0.1,11.7,6.8,0.518,0.57,0.07,3,1292.0,0.24,90.2,45.4,13,4,2,9.9,22.61,163.78,10.3,29.82
CUST00146,47.7,87.6,42.7,9.6,33.1,6671.28,203.16,13.9,16.2,3.0,11.1,2.5,0.105,0.037,0.033,0,5417.0,0.774,107.8,33.1,3,6,1,3813.75,1359.13,375.61,265.75,857.04
CUST00147,44.3,93.3,69.3,112.0,2.9,219.73,68.37,1.5,0.6,0.8,1.0,0.6,0.153,0.174,0.164,4,201.0,0.041,3.2,3.0,1,0,0,13.08,32.23,147.91,18.14,8.37
CUST00148,28.8,50.0,12.5,8.7,14.1,322.32,20.83,5.5,4.1,4.5,50.0,6.7,0.355,0.502,0.137,1,1103.0,0.268,108.3,36.3,17,2,2,68.24,110.56,12.62,9.63,121.27
CUST00149,48.6,72.3,63.3,7.2,40.4,5904.1,166.38,16.3,9.4,14.8,15.0,4.9,0.126,0.083,0.024,0,4286.0,0.831,23.1,15.2,5,2,0,1683.15,1265.23,98.93,1756.91,1099.87
CUST00150,33.3,69.9,21.4,19.2,18.0,487.9,26.33,5.6,6.9,5.6,0.9,4.2,0.615,0.184,0.091,3,1567.0,0.31,53.3,17.6,16,4,2,25.29,103.33,193.32,25.68,140.27
CUST00151,46.4,81.5,31.7,27.8,15.0,913.74,70.61,6.9,3.2,4.9,8.6,2.2,0.178,0.222,0.07,0,1470.0,0.161,57.3,20.8,4,1,1,66.42,137.94,276.55,130.96,301.87
CUST00152,44.6,33.3,31.8,10.3,29.1,1428.67,45.83,17.1,10.2,1.8,22.1,20.3,0.619,0.364,0.145,1,1426.0,0.205,38.1,5.9,11,0,3,265.2,254.11,754.83,115.68,38.86
CUST00153,42.8,100.7,38.3,8.4,24.9,1890.15,75.59,9.0,9.9,6.0,9.6,1.1,0.082,0.05,0.027,0,5594.0,0.583,99.3,30.2,6,8,0,184.23,874.24,97.19,322.43,412.07
CUST00154,27.1,43.3,15.5,10.5,21.2,1445.01,67.82,11.5,5.1,4.6,17.1,4.4,0.251,0.547,0.148,0,562.0,0.266,127.5,24.6,15,3,2,488.85,171.1,52.08,39.35,693.62
CUST00155,39.9,50.4,29.5,52.0,1.8,105.05,61.14,0.9,0.8,0.1,9.9,1.8,0.253,0.179,0.085,0,2301.0,0.394,33.9,34.0,7,1,1,33.52,12.46,21.28,13.46,24.32
CUST00156,37.7,73.0,37.4,15.5,21.1,949.23,48.49,8.0,9.7,3.4,6.6,5.5,0.495,0.371,0.102,0,1187.0,0.378,81.5,27.7,17,4,2,59.86,231.75,522.68,49.61,85.33
CUST00157,41.4,93.0,72.9,163.9,2.8,101.86,30.88,1.6,0.9,0.3,1.4,1.3,0.122,0.185,0.178,2,408.0,0.05,8.2,4.5,0,0,3,0.55,8.24,68.9,9.56,14.6
CUST00158,44.5,82.7,66.7,48.1,2.4,104.16,51.78,0.8,1.0,0.6,0.5,0.3,0.163,0.165,0.115,2,259.0,0.029,8.6,1.1,0,0,3,8.19,46.92,25.52,4.12,19.4
CUST00159,32.1,51.9,32.6,26.0,18.3,661.57,43.26,6.0,4.9,7.4,19.2,4.4,0.806,0.318,0.073,1,1405.0,0.363,70.6,41.6,13,4,0,37.64,90.92,426.77,87.92,18.33
CUST00160,42.6,93.5,94.8,154.4,3.0,208.32,62.84,1.7,1.2,0.1,1.4,0.8,0.121,0.119,0.173,1,350.0,0.039,7.0,1.7,2,0,1,46.68,27.69,89.83,35.86,8.27
CUST00161,37.3,61.3,22.4,11.3,16.1,566.44,33.31,7.2,3.3,5.6,8.7,10.4,0.704,0.564,0.141,0,1650.0,0.26,51.4,26.2,13,1,1,86.7,44.52,357.84,37.33,40.06
CUST00162,38.4,57.4,64.2,180.0,3.3,158.83,40.85,1.5,0.8,1.0,1.3,0.9,0.295,0.192,0.192,5,147.0,0.046,7.0,7.2,0,0,4,1.48,83.44,36.98,1.27,35.65
CUST00163,59.1,42.7,41.7,50.1,2.1,74.15,29.98,0.7,0.7,0.7,1.5,1.3,0.201,0.246,0.209,0,401.0,0.053,9.6,4.3,0,0,3,34.96,8.79,17.67,0.92,11.81
CUST00164,25.8,53.5,24.0,11.2,17.5,882.98,43.15,7.1,8.3,2.1,42.0,8.0,0.335,0.337,0.099,0,498.0,0.145,330.6,84.2,22,3,0,248.49,256.72,14.57,37.54,325.66
CUST00165,50.8,103.6,58.2,10.5,43.8,10122.37,203.88,22.7,19.0,2.1,15.1,3.3,0.101,0.073,0.034,0,7027.0,0.1,82.3,52.5,5,5,0,3487.82,1330.89,89.97,2235.67,2978.02
CUST00166,48.4,65.6,30.1,41.1,12.4,729.11,70.48,4.9,4.9,2.6,9.6,0.9,0.308,0.22,0.105,1,263.0,0.399,35.4,17.9,5,1,0,287.56,10.07,27.35,225.6,178.52
CUST00167,52.1,44.5,43.3,5.9,26.1,724.55,31.2,11.9,6.5,7.7,4.8,12.8,0.995,0.371,0.192,0,987.0,0.481,18.8,83.4,10,0,0,25.03,135.8,331.14,175.75,56.83
CUST00168,36.0,60.5,12.6,21.6,6.5,98.49,16.68,3.6,2.2,0.7,9.6,6.5,0.539,0.383,0.137,0,1692.0,0.348,39.8,32.4,11,4,1,25.65,13.73,20.98,21.81,16.33
CUST00169,39.4,95.5,67.5,0.0,31.9,3884.76,146.49,13.6,11.3,6.9,11.1,3.6,0.141,0.062,0.036,0,5134.0,0.45,50.3,6.5,6,4,1,762.69,864.88,565.63,1361.22,330.34
CUST00170,27.9,56.1,12.5,12.9,10.8,642.18,55.71,4.3,3.7,2.8,6.9,10.8,0.314,0.455,0.146,2,1168.0,0.243,215.6,138.5,27,4,1,169.17,40.79,134.29,29.5,268.43
CUST00171,34.1,46.6,30.8,47.0,5.1,353.63,77.66,1.7,2.5,0.9,2.0,0.5,0.199,0.298,0.265,4,277.0,0.054,5.0,3.0,0,0,0,9.3,37.62,208.71,97.32,0.68
CUST00172,39.4,57.3,26.8,9.1,20.8,4351.36,190.97,12.1,6.9,1.7,12.5,5.2,0.082,0.139,0.048,0,4215.0,0.688,96.1,30.5,5,9,0,657.7,1664.63,4.9,555.83,1468.29
CUST00173,25.8,66.2,18.5,9.7,26.6,1578.25,54.63,10.4,5.7,10.5,12.8,5.4,0.181,0.545,0.196,0,699.0,0.2,142.9,69.5,17,3,0,591.5,362.39,133.91,197.76,292.69
CUST00174,31.7,76.0,33.2,4.1,26.9,940.92,36.66,13.0,12.0,1.9,15.2,16.7,0.788,0.206,0.103,1,2395.0,0.567,65.8,44.8,19,1,3,36.14,109.2,589.04,53.49,153.05
CUST00175,57.8,31.0,86.1,68.9,2.1,123.46,57.8,1.2,0.9,0.0,2.6,0.5,0.183,0.163,0.133,5,351.0,0.032,14.3,4.1,2,0,5,5.71,27.94,48.54,25.75,15.51
CUST00176,48.7,145.3,49.1,3.8,24.6,2952.83,146.92,13.2,9.2,2.2,14.9,3.2,0.081,0.094,0.029,0,3968.0,0.712,81.5,44.4,9,2,0,330.65,915.41,157.26,1196.83,352.68
CUST00177,45.3,67.2,32.0,142.2,1.5,74.68,54.64,0.7,0.3,0.5,1.7,1.1,0.109,0.238,0.306,3,551.0,0.062,6.5,7.5,1,0,2,18.32,3.7,32.2,17.8,2.66
CUST00178,36.3,52.5,25.8,1.0,14.6,708.74,51.47,5.2,6.7,2.7,4.7,8.4,0.72,0.278,0.07,2,1360.0,0.608,6.1,43.1,12,4,1,10.96,124.01,253.57,224.55,95.64
CUST00179,39.0,57.3,26.2,35.0,6.9,345.93,52.7,4.1,1.8,1.0,13.9,0.0,0.237,0.304,0.083,0,1511.0,0.359,22.8,19.4,5,2,1,3.19,89.8,63.59,77.44,111.91
CUST00180,41.7,165.7,35.1,4.0,31.6,2451.6,89.08,10.5,7.7,13.4,2.8,2.5,0.099,0.068,0.043,1,5858.0,0.868,91.7,51.6,5,5,0,647.77,1066.41,10.55,285.93,440.94
CUST00181,26.2,50.6,34.4,4.6,13.4,591.14,38.59,5.6,3.7,4.0,15.9,10.7,0.642,0.102,0.076,0,1090.0,0.543,76.0,39.5,9,3,5,26.13,184.5,322.06,17.95,40.5
CUST00182,39.6,80.2,42.8,5.9,31.1,3099.17,90.9,9.5,10.7,10.8,9.8,2.6,0.039,0.08,0.027,0,2997.0,0.577,143.8,16.6,4,7,0,1045.74,1245.77,188.91,428.04,190.7
CUST00183,38.3,81.7,33.0,35.2,8.0,407.35,63.87,3.5,2.3,2.2,8.6,6.1,0.184,0.109,0.031,1,1033.0,0.163,39.1,21.8,6,0,1,163.24,71.31,44.04,46.88,81.88
CUST00184,35.1,102.9,29.0,26.0,12.6,615.95,51.57,6.7,5.3,0.5,7.4,6.6,0.371,0.254,0.053,1,2026.0,0.282,42.6,19.8,5,2,3,45.2,161.16,61.8,267.32,80.47
CUST00185,27.4,77.2,44.2,9.8,22.5,1015.25,46.12,6.9,6.2,9.4,14.7,14.1,0.361,0.314,0.12,0,2538.0,0.462,65.0,49.8,11,2,2,129.7,65.62,370.58,145.11,304.24
CUST00186,57.2,90.1,21.1,104.7,4.4,131.22,27.82,2.3,1.5,0.5,2.8,1.0,0.115,0.292,0.212,3,374.0,0.036,9.1,5.6,1,0,1,27.92,6.79,42.19,53.47,0.85
CUST00187,60.2,90.0,34.1,23.5,10.9,307.41,26.48,5.0,5.2,0.7,8.5,3.7,0.296,0.258,0.067,0,1199.0,0.225,25.5,13.6,4,1,1,67.62,63.98,65.62,40.43,69.76
CUST00188,23.7,55.7,18.0,14.7,15.7,820.14,51.35,8.7,3.1,3.9,14.9,5.5,0.367,0.537,0.138,0,630.0,0.415,59.0,68.0,24,2,0,202.33,189.6,10.01,55.74,362.46
CUST00189,27.7,39.0,10.4,5.2,11.0,92.82,7.97,4.6,3.0,3.4,43.0,6.4,0.259,0.313,0.189,1,1119.0,0.365,317.0,182.4,18,3,0,14.06,10.09,17.21,29.19,22.28
CUST00190,46.0,34.0,35.3,13.4,23.3,1026.84,50.08,10.3,10.4,2.6,9.0,3.2,0.543,0.209,0.103,0,980.0,0.338,47.4,78.5,16,6,1,1.04,183.77,480.31,4.31,357.42
CUST00191,47.4,131.1,52.3,10.4,35.4,4923.69,131.96,16.6,15.2,3.7,3.9,2.5,0.085,0.048,0.035,0,3980.0,0.774,83.2,46.9,7,5,0,1156.02,1620.84,103.25,724.78,1318.8
CUST00192,56.5,61.9,32.0,56.1,14.0,1196.69,89.75,4.9,4.4,4.8,6.0,2.9,0.272,0.219,0.112,1,755.0,0.317,35.6,30.1,4,0,0,137.4,151.77,335.47,170.14,401.91
CUST00193,44.4,65.8,28.5,37.6,10.9,974.58,86.74,4.8,2.3,3.8,11.1,5.0,0.151,0.252,0.126,0,1584.0,0.255,32.6,25.7,8,0,1,75.44,74.92,524.75,278.13,21.33
CUST00194,41.4,84.1,9.3,142.3,1.8,64.28,37.9,0.9,0.7,0.1,3.3,0.6,0.06,0.163,0.289,3,182.0,0.055,4.9,4.5,3,0,2,4.44,1.99,37.98,17.78,2.09
CUST00195,38.5,53.8,31.6,9.1,22.8,769.8,39.72,11.5,9.5,1.8,18.9,9.1,0.668,0.354,0.107,2,1438.0,0.194,80.7,33.5,12,3,0,82.41,157.33,156.01,355.85,18.2
CUST00196,42.5,55.9,30.3,14.0,30.3,1182.32,38.05,17.7,13.6,0.0,11.2,20.4,0.889,0.346,0.099,0,1198.0,0.175,32.2,8.3,25,4,1,103.83,168.56,744.95,163.38,1.6
CUST00197,60.3,45.1,67.5,139.2,2.6,175.12,60.75,1.5,0.8,0.4,1.3,0.9,0.217,0.217,0.31,1,218.0,0.059,2.8,5.7,1,0,2,14.93,45.48,84.55,26.15,4.02
CUST00198,53.3,58.8,39.6,9.6,7.1,301.05,41.38,3.1,2.5,1.6,9.6,4.4,0.253,0.247,0.144,1,1396.0,0.277,52.9,13.5,5,1,0,45.32,10.83,130.2,59.68,55.01
CUST00199,51.0,72.0,38.5,44.2,7.1,536.11,77.94,3.3,1.5,2.3,7.3,7.1,0.295,0.202,0.12,1,978.0,0.297,24.3,16.0,4,1,2,91.53,65.26,64.78,37.0,277.54
CUST00200,40.0,72.7,68.1,191.6,2.5,127.06,41.77,1.0,0.9,0.7,1.8,1.3,0.077,0.165,0.263,4,371.0,0.046,14.4,1.7,1,0,4,10.43,12.5,51.01,36.3,16.82
CUST00201,60.1,67.7,54.2,155.1,2.5,175.24,72.74,0.9,1.0,0.5,1.9,0.1,0.188,0.155,0.248,0,315.0,0.059,4.4,3.4,0,0,2,30.64,36.33,60.68,23.02,24.57
CUST00202,54.2,160.7,49.6,6.1,24.4,1602.83,61.77,11.0,9.4,4.0,17.0,2.1,0.15,0.087,0.033,0,6523.0,0.519,127.2,55.4,3,6,0,360.67,254.57,246.79,476.19,264.6
CUST00203,51.8,98.7,58.6,7.3,16.4,2762.29,207.78,7.4,3.8,5.2,15.3,3.6,0.087,0.099,0.037,0,4781.0,0.575,115.6,49.4,10,4,1,475.17,154.13,278.43,946.66,907.9
CUST00204,48.1,46.3,30.9,43.6,6.7,423.96,58.52,3.8,2.8,0.1,9.6,2.1,0.258,0.265,0.066,0,1798.0,0.322,0.8,18.5,8,1,1,66.06,104.2,70.97,37.47,145.26
CUST00205,56.1,63.4,64.2,205.2,3.7,189.13,45.56,1.6,0.8,1.3,0.3,1.8,0.098,0.191,0.26,1,248.0,0.054,7.8,5.2,0,0,0,33.12,46.62,25.7,14.49,69.2
CUST00206,48.6,132.8,35.0,2.3,22.8,2523.28,111.66,11.8,5.0,6.0,7.8,3.9,0.105,0.085,0.03,0,4843.0,0.361,73.1,17.8,6,5,0,581.75,308.93,544.03,1007.13,81.43
CUST00207,34.1,122.6,32.1,11.2,24.3,4738.05,171.26,12.9,8.4,2.9,5.8,2.3,0.08,0.066,0.034,0,3473.0,0.121,141.5,49.0,4,4,1,1261.4,1036.44,107.27,774.92,1558.02
CUST00208,66.1,104.1,51.9,246.1,2.7,74.56,28.24,1.5,0.7,0.5,2.7,0.7,0.2,0.235,0.214,1,343.0,0.036,12.1,3.7,1,0,2,12.81,0.91,44.11,16.12,0.61
CUST00209,42.9,96.1,66.4,6.1,44.8,8303.16,194.56,21.2,20.9,2.7,11.1,3.6,0.125,0.057,0.036,0,3338.0,0.548,92.2,62.0,4,3,1,2068.52,2700.46,412.47,1335.31,1786.41
CUST00210,52.5,115.7,14.1,8.1,40.1,7027.59,167.95,21.8,15.3,3.0,4.0,2.1,0.112,0.077,0.034,0,3107.0,0.552,95.8,57.9,5,5,0,3407.82,461.38,33.44,2520.29,604.67
CUST00211,32.0,31.5,12.3,8.8,16.8,429.76,22.47,7.1,5.8,3.9,28.6,8.7,0.445,0.605,0.137,0,959.0,0.237,179.1,51.7,19,3,1,70.06,160.93,62.61,14.59,121.57
CUST00212,43.8,64.8,56.5,68.9,4.1,114.29,31.63,2.4,1.1,0.6,1.7,1.1,0.157,0.242,0.183,3,395.0,0.023,17.3,6.6,0,0,2,7.0,41.4,31.25,15.6,19.04
CUST00213,56.4,62.7,54.6,234.4,4.9,305.5,57.22,1.8,1.0,2.1,2.2,0.5,0.141,0.269,0.276,4,319.0,0.057,9.4,1.8,1,0,1,99.2,34.27,110.39,24.02,37.63
CUST00214,43.3,65.4,31.8,18.2,21.1,864.51,37.61,7.3,7.2,6.6,25.5,6.2,0.96,0.288,0.068,2,1668.0,0.457,65.2,26.0,14,2,0,10.31,305.58,444.41,13.16,91.05
CUST00215,34.8,59.0,63.5,155.5,3.3,147.7,46.01,1.3,1.6,0.5,4.2,1.4,0.173,0.192,0.218,1,131.0,0.053,7.2,8.0,1,1,4,12.18,19.17,27.27,36.32,52.77
CUST00216,42.2,52.6,24.1,22.6,18.2,763.68,41.35,8.9,4.8,4.4,21.2,18.2,0.397,0.343,0.104,3,1242.0,0.588,41.1,50.5,11,0,2,47.28,180.02,380.07,90.39,65.91
CUST00217,34.6,45.2,32.7,18.8,19.2,1278.27,61.09,8.2,8.6,2.4,12.1,5.1,0.907,0.387,0.115,0,1928.0,0.543,40.4,21.5,10,0,0,104.1,301.59,602.57,126.54,143.48
CUST00218,50.3,66.1,91.7,188.3,1.7,118.52,61.66,0.8,0.4,0.5,3.1,0.8,0.172,0.244,0.169,3,436.0,0.027,9.2,5.5,2,0,1,26.7,23.31,43.88,12.09,12.54
CUST00219,36.0,61.6,48.1,151.6,3.1,64.02,24.91,1.2,1.0,0.9,2.2,1.1,0.228,0.276,0.217,1,224.0,0.066,8.3,1.5,0,0,1,2.78,19.89,29.55,5.8,6.0
CUST00220,42.3,91.4,37.3,39.2,9.9,798.45,74.58,3.9,3.8,2.2,7.3,2.5,0.179,0.301,0.069,1,1272.0,0.259,36.8,13.2,2,0,2,60.38,64.04,109.47,161.5,403.05
CUST00221,45.4,72.9,26.0,138.7,2.7,132.65,53.45,1.0,1.0,0.7,1.8,0.4,0.226,0.155,0.012,5,371.0,0.052,9.8,2.1,0,1,1,31.64,0.49,59.92,2.64,37.97
CUST00222,22.5,58.7,6.4,12.5,17.6,747.49,50.81,9.9,5.4,2.3,11.4,5.0,0.199,0.413,0.136,1,1249.0,0.282,189.8,92.8,19,3,1,351.31,151.92,51.76,118.03,74.47
CUST00223,43.5,151.9,41.6,13.1,36.7,4158.97,138.27,11.1,9.2,16.4,9.9,3.1,0.135,0.118,0.024,0,5209.0,0.366,132.6,18.8,8,2,0,1120.54,1346.62,544.62,895.53,251.66
CUST00224,44.0,76.4,31.0,10.3,20.0,438.23,22.19,8.8,8.9,2.3,14.8,14.3,0.281,0.722,0.095,1,1807.0,0.305,0.0,35.5,16,1,2,34.48,100.27,208.08,25.65,69.75
CUST00225,37.2,43.0,36.0,25.5,17.6,660.28,42.71,9.6,6.7,1.2,9.4,17.6,0.862,0.131,0.077,0,1515.0,0.272,19.6,38.3,19,3,0,27.51,255.22,235.81,42.43,99.32
CUST00226,43.1,39.7,18.9,15.6,18.2,682.43,34.11,7.5,4.4,6.3,17.6,18.2,0.798,0.397,0.175,0,1577.0,0.424,89.1,35.6,12,2,2,57.46,73.6,396.49,20.71,134.18
CUST00227,45.9,81.1,41.5,52.1,18.8,1281.95,66.54,10.5,6.2,2.1,3.7,3.1,0.204,0.248,0.08,0,1515.0,0.226,48.1,13.2,7,0,2,219.16,152.74,221.51,460.25,228.3
CUST00228,39.9,63.0,20.1,15.3,26.9,742.01,24.88,10.9,6.7,9.3,12.2,21.0,0.546,0.34,0.106,1,1328.0,0.392,19.0,46.3,5,0,0,123.97,12.97,286.46,209.55,109.07
CUST00229,38.5,84.0,46.0,13.7,9.7,1036.17,105.33,5.0,2.7,1.9,7.9,3.6,0.346,0.183,0.062,0,2105.0,0.134,38.5,27.1,11,1,0,253.45,224.66,194.95,140.12,223.0
CUST00230,45.8,35.7,60.4,137.0,3.7,178.2,48.99,1.4,1.4,0.9,2.8,0.5,0.15,0.127,0.247,1,294.0,0.05,4.5,4.4,0,0,5,53.53,24.06,73.41,23.59,3.62
CUST00231,40.4,77.5,46.8,119.6,3.0,224.78,64.17,1.6,0.7,0.7,3.3,0.5,0.178,0.219,0.165,1,61.0,0.031,10.8,7.9,2,0,4,0.24,1.85,83.73,82.53,56.43
CUST00232,24.6,45.8,8.4,15.5,16.2,1422.63,87.03,6.1,5.3,4.8,26.4,3.7,0.179,0.55,0.137,0,786.0,0.26,103.5,99.3,15,7,1,703.78,403.55,41.7,105.96,167.64
CUST00233,20.5,47.0,8.3,4.2,17.9,773.96,45.43,6.6,7.6,3.7,19.5,12.5,0.355,0.518,0.14,1,1055.0,0.289,110.0,41.8,26,0,0,265.16,274.9,7.36,62.03,164.5
CUST00234,26.6,52.4,13.3,11.3,20.2,1270.37,65.05,9.5,4.8,6.0,27.8,7.2,0.105,0.515,0.18,1,1102.0,0.22,202.3,133.4,16,7,0,607.04,193.07,37.63,87.44,345.2
CUST00235,35.3,60.3,30.0,8.6,12.3,302.96,26.54,6.3,5.3,0.8,15.8,9.5,0.991,0.337,0.175,0,859.0,0.454,68.1,45.7,9,3,0,30.86,141.96,97.24,8.73,24.17
CUST00236,54.8,54.8,44.8,130.2,2.1,94.44,47.51,0.8,0.8,0.5,1.6,0.8,0.26,0.253,0.231,7,320.0,0.029,11.3,4.7,0,0,1,6.97,8.83,23.06,10.7,44.88
CUST00237,40.6,32.5,27.7,9.2,22.6,1015.22,54.35,12.0,10.9,0.0,10.1,10.9,0.576,0.428,0.114,1,1575.0,0.493,42.4,52.5,11,4,1,139.74,247.69,432.04,72.97,122.79
CUST00238,48.0,91.2,46.6,9.3,43.4,2646.18,64.16,22.9,15.8,4.8,2.6,3.0,0.104,0.105,0.035,0,3652.0,0.636,45.4,49.0,6,7,0,351.53,1196.83,96.08,796.11,205.64
CUST00239,32.2,79.7,55.5,151.6,1.6,132.41,74.61,0.8,0.6,0.2,1.9,0.8,0.257,0.33,0.145,1,226.0,0.032,9.4,5.4,2,0,5,15.4,5.7,67.17,35.52,8.62
CUST00240,44.6,87.8,56.4,10.0,21.0,5102.6,198.65,12.5,8.4,0.0,6.2,2.8,0.11,0.135,0.023,0,3476.0,0.495,78.6,23.8,8,2,0,1344.31,563.65,750.04,540.74,1903.86
CUST00241,33.0,65.0,46.1,15.3,5.1,380.99,67.01,2.4,1.6,1.1,3.6,4.7,0.294,0.253,0.073,0,1522.0,0.306,30.0,39.7,4,0,2,85.98,68.91,98.62,43.14,84.35
CUST00242,48.6,59.5,35.5,27.9,11.7,806.76,78.59,7.0,5.8,0.0,6.1,4.3,0.43,0.148,0.129,0,1283.0,0.327,27.3,18.2,3,1,0,32.4,242.3,154.58,145.15,232.33
CUST00243,42.6,68.1,29.9,35.4,11.3,905.6,74.9,5.4,3.3,2.6,12.0,4.3,0.351,0.348,0.115,0,1365.0,0.247,52.8,19.1,3,2,0,104.36,413.61,279.78,26.31,81.54
CUST00244,34.8,54.6,29.7,13.7,23.3,729.27,37.66,11.2,5.3,6.8,13.0,13.9,0.843,0.409,0.115,1,1714.0,0.427,61.0,11.5,20,3,1,22.53,46.16,284.75,52.44,323.39
CUST00245,47.1,80.7,56.6,6.0,24.8,3895.11,155.34,8.8,8.7,7.3,10.1,2.1,0.091,0.069,0.033,0,2745.0,0.338,74.9,63.9,4,5,2,1979.71,775.35,16.98,417.77,705.31
CUST00246,46.7,62.2,30.8,27.3,5.5,259.96,46.05,2.5,2.6,0.4,8.9,4.2,0.227,0.242,0.037,0,152.0,0.235,44.2,14.0,10,1,1,29.91,88.39,63.62,56.85,21.19
CUST00247,25.8,56.9,13.5,5.3,21.2,1653.74,63.3,12.6,4.6,4.0,16.1,8.0,0.182,0.471,0.194,0,894.0,0.296,107.1,66.8,19,1,0,441.75,412.67,323.75,235.27,240.3
CUST00248,37.6,26.9,22.0,23.3,8.9,475.84,48.57,3.0,3.3,2.6,5.8,2.9,0.367,0.248,0.052,0,2087.0,0.2,53.7,15.6,4,0,1,20.19,99.73,98.24,179.32,78.35
CUST00249,32.1,97.6,28.1,46.5,16.6,930.6,63.51,8.0,3.6,5.0,1.0,3.9,0.269,0.226,0.104,0,1622.0,0.278,18.2,23.6,2,0,0,337.74,199.78,167.85,98.6,126.62
CUST00250,34.8,87.6,35.6,19.4,10.8,758.59,80.05,5.5,4.2,1.1,9.8,7.7,0.266,0.258,0.063,2,1982.0,0.365,47.6,21.0,4,1,0,87.13,73.16,125.59,247.44,225.27
CUST00251,42.5,47.5,30.5,15.7,24.4,1018.8,47.78,11.4,9.0,4.1,4.6,10.8,1.0,0.33,0.056,1,1317.0,0.556,80.8,43.6,9,1,2,19.92,304.7,276.69,386.65,30.84
CUST00252,30.7,46.6,36.2,13.6,34.2,1423.75,43.71,17.7,9.1,7.5,13.9,14.4,0.508,0.439,0.142,0,1157.0,0.578,86.7,52.0,11,2,1,109.88,83.58,974.02,2.58,253.69
CUST00253,36.1,85.9,47.8,49.1,8.3,906.76,99.06,2.8,1.8,3.7,6.7,2.8,0.334,0.21,0.06,0,2175.0,0.231,49.0,13.7,6,2,1,281.67,158.95,176.76,271.33,18.06
CUST00254,37.4,47.8,33.9,14.1,23.3,948.66,35.67,8.2,9.3,5.9,9.5,11.4,0.449,0.364,0.151,0,1819.0,0.301,62.9,47.2,13,1,1,30.24,197.27,470.9,139.31,110.94
CUST00255,33.3,99.4,86.1,6.9,25.9,3121.67,114.22,8.8,6.5,10.5,9.0,2.9,0.105,0.069,0.026,1,5552.0,0.403,74.0,17.7,9,6,2,1076.34,875.7,637.29,463.46,68.88
CUST00256,21.6,59.3,13.5,9.7,23.4,1205.59,43.51,11.9,5.0,6.4,19.1,6.2,0.34,0.509,0.116,0,597.0,0.131,232.0,29.3,9,3,1,478.75,378.71,25.52,169.46,153.15
CUST00257,34.7,66.1,21.9,28.3,6.4,196.93,27.9,2.3,1.8,2.3,4.4,3.7,0.306,0.214,0.107,0,1520.0,0.195,37.4,19.3,4,2,0,33.16,52.05,28.42,21.23,62.07
CUST00258,51.0,69.2,37.8,209.6,4.0,190.92,43.73,2.0,1.5,0.5,3.4,0.6,0.239,0.155,0.214,1,423.0,0.046,6.0,5.5,2,0,2,17.46,53.14,64.27,0.28,55.77
CUST00259,32.8,76.4,16.3,12.4,16.7,897.73,70.99,7.6,7.7,1.5,25.0,4.6,0.313,0.401,0.087,1,673.0,0.1,343.7,96.4,22,5,0,268.45,219.01,2.63,200.41,207.22
CUST00260,36.1,119.4,44.4,7.6,19.8,3503.56,160.15,10.1,9.7,0.0,7.8,1.0,0.091,0.098,0.026,0,2313.0,0.33,112.7,46.2,5,4,1,998.71,752.41,272.62,975.07,504.75
CUST00261,42.2,76.2,67.2,116.1,2.9,138.24,45.87,1.3,1.1,0.4,1.7,0.8,0.154,0.234,0.207,4,335.0,0.058,14.2,3.9,0,0,2,1.28,33.23,56.46,17.42,29.84
CUST00262,39.0,92.9,36.2,36.9,10.0,749.98,83.92,4.6,4.8,0.7,9.3,4.6,0.253,0.168,0.082,0,1328.0,0.373,25.8,27.3,8,1,2,186.75,266.0,65.68,82.32,149.23
CUST00263,44.5,75.4,42.2,4.6,23.5,3118.7,138.25,9.2,6.1,8.2,5.0,2.8,0.122,0.103,0.018,2,6177.0,0.573,35.1,33.1,7,2,0,346.93,1553.85,256.24,857.16,104.54
CUST00264,34.3,41.6,7.8,10.3,16.2,1399.97,79.97,5.1,3.3,7.9,18.1,8.1,0.188,0.353,0.155,1,594.0,0.228,133.1,80.6,14,5,2,419.56,327.79,26.75,46.84,579.04
CUST00265,37.8,81.3,26.0,32.2,17.5,1360.81,99.01,9.6,6.2,1.8,8.3,8.7,0.286,0.213,0.097,1,1805.0,0.378,29.0,16.3,3,2,0,174.19,370.3,118.77,248.42,449.11
CUST00266,47.7,71.8,63.6,183.3,1.9,79.89,43.1,1.0,0.8,0.2,2.3,0.7,0.141,0.171,0.168,2,537.0,0.036,5.8,4.1,0,0,2,11.24,12.86,23.11,32.47,0.22
CUST00267,48.4,67.1,42.6,111.3,4.6,284.52,58.78,2.6,2.0,0.1,0.6,0.7,0.304,0.21,0.163,3,156.0,0.039,8.6,1.9,0,0,0,33.53,21.28,143.27,20.57,65.87
CUST00268,47.7,70.1,79.9,177.1,5.3,107.11,20.09,2.6,1.8,0.8,1.1,0.9,0.196,0.195,0.26,3,295.0,0.08,5.9,5.0,0,0,2,9.87,27.51,24.03,18.85,26.85
CUST00269,31.9,35.0,39.4,12.3,21.4,814.92,35.75,7.7,7.0,6.7,23.0,21.4,0.195,0.449,0.12,0,1549.0,0.508,50.7,51.4,9,1,1,20.54,248.11,511.76,32.49,2.03
CUST00270,32.7,90.1,38.2,15.9,22.6,916.1,41.3,9.7,7.6,5.4,14.6,16.8,0.508,0.443,0.063,0,933.0,0.452,55.5,32.3,5,2,0,298.79,36.54,481.59,28.53,70.65
CUST00271,40.2,73.4,24.3,33.9,13.2,755.29,53.31,7.0,3.7,2.5,9.1,3.1,0.335,0.157,0.072,1,442.0,0.341,33.6,22.3,9,2,2,147.67,60.26,125.29,68.02,354.05
CUST00272,59.3,65.1,17.3,39.3,6.7,279.13,47.25,2.2,2.7,1.8,6.7,4.0,0.33,0.188,0.061,2,1709.0,0.201,45.7,29.0,4,1,0,36.5,69.0,14.37,107.96,51.3
CUST00273,46.0,70.9,40.2,47.8,11.3,616.54,50.82,4.8,3.1,3.4,7.8,2.6,0.181,0.266,0.084,1,1200.0,0.309,32.5,26.2,4,2,1,235.16,54.29,210.75,14.21,102.13
CUST00274,50.4,65.6,33.8,24.7,11.1,775.27,83.91,4.8,3.0,3.4,2.1,6.0,0.296,0.196,0.078,0,1635.0,0.304,45.5,32.0,5,0,1,356.49,214.17,72.4,20.86,111.35
CUST00275,23.6,45.0,9.9,0.0,24.4,902.27,38.5,9.7,5.9,8.9,12.3,8.3,0.313,0.677,0.147,0,817.0,0.246,178.6,67.2,15,4,2,317.94,317.45,35.93,57.09,173.87
CUST00276,35.2,62.3,22.4,14.9,24.8,1959.05,69.5,10.8,6.8,7.3,42.4,6.5,0.335,0.46,0.094,0,460.0,0.297,77.3,74.9,24,3,0,1070.27,77.13,88.85,55.75,667.06
CUST00277,51.8,67.2,86.6,143.5,3.3,98.05,29.83,1.1,1.6,0.6,3.0,1.2,0.135,0.142,0.156,1,390.0,0.063,0.0,4.8,0,0,3,2.5,23.44,36.14,12.4,23.56
CUST00278,47.9,55.0,55.5,232.1,2.8,97.64,38.07,1.1,0.8,0.8,1.6,0.8,0.15,0.235,0.177,2,281.0,0.067,10.9,3.1,0,0,3,10.13,0.22,24.64,0.93,61.71
CUST00279,49.5,87.5,63.2,95.5,2.3,144.01,56.57,1.3,1.1,0.0,2.2,1.3,0.237,0.285,0.083,3,180.0,0.037,5.3,3.5,1,0,2,15.63,22.64,44.21,26.06,35.48
CUST00280,54.3,86.8,57.7,124.8,2.0,61.29,34.55,0.6,0.6,0.8,2.2,0.9,0.22,0.127,0.149,2,221.0,0.042,5.8,4.9,1,0,0,0.41,7.39,38.18,1.72,13.59
CUST00281,43.9,72.9,30.7,52.7,8.7,492.93,69.08,3.0,3.6,2.2,8.3,3.6,0.161,0.304,0.022,0,1719.0,0.204,44.6,16.8,4,0,0,94.33,111.87,119.31,18.77,148.66
CUST00282,28.6,48.3,28.6,2.1,23.7,1009.54,41.99,11.8,5.5,6.5,0.0,6.9,0.706,0.332,0.143,2,969.0,0.411,77.9,52.8,7,4,1,126.17,311.13,376.65,89.32,106.27
CUST00283,39.3,62.2,31.4,7.4,20.4,726.2,40.08,11.6,4.5,4.3,5.4,20.3,0.66,0.372,0.14,1,987.0,0.341,53.6,29.3,18,6,2,63.99,109.74,210.6,337.44,4.43
CUST00284,38.0,131.0,61.3,8.4,43.7,5787.23,154.43,23.4,11.3,8.9,11.3,3.3,0.05,0.104,0.022,1,2959.0,0.577,63.3,27.9,7,10,1,608.75,923.41,122.78,2126.72,2005.56
CUST00285,20.1,68.5,12.6,8.8,18.5,1530.69,79.33,8.5,4.5,5.6,18.9,2.1,0.241,0.476,0.125,0,614.0,0.367,104.9,37.3,23,7,2,502.85,442.61,61.82,388.01,135.41
CUST00286,54.9,157.8,42.9,5.5,15.1,2224.36,156.51,5.8,3.1,6.2,8.1,5.0,0.091,0.094,0.03,0,4755.0,0.538,129.3,48.6,10,5,0,279.5,234.74,859.77,557.38,292.98
CUST00287,32.4,37.2,17.9,14.4,17.8,632.98,41.95,7.0,5.2,5.6,7.9,10.4,0.273,0.473,0.132,1,990.0,0.388,262.1,0.0,20,1,0,199.71,147.2,63.99,80.91,141.18
CUST00288,30.4,55.5,11.8,10.0,11.7,260.57,22.98,4.7,5.0,1.9,23.9,6.3,0.267,0.553,0.116,0,942.0,0.229,135.6,73.2,19,4,0,71.19,68.74,10.43,36.22,73.99
CUST00289,41.4,65.2,24.4,27.7,19.8,922.72,48.92,11.8,6.6,1.4,10.8,19.8,0.629,0.623,0.198,1,1003.0,0.479,61.8,11.7,11,0,0,105.61,299.24,265.41,26.69,225.78
CUST00290,31.8,48.6,19.4,9.6,11.2,718.12,66.21,3.9,3.4,3.8,30.4,0.0,0.3,0.375,0.124,0,1288.0,0.246,247.3,90.6,20,3,2,212.96,220.73,37.05,64.99,182.4
CUST00291,37.1,107.2,28.8,5.0,32.0,3687.97,122.19,13.4,12.7,5.9,7.3,2.1,0.144,0.072,0.024,0,4684.0,0.744,156.0,10.2,3,4,1,533.96,644.26,1383.1,889.65,236.99
CUST00292,42.5,106.5,32.5,5.3,15.2,1917.16,138.32,4.9,5.1,5.1,13.2,3.5,0.111,0.097,0.031,1,6221.0,0.626,122.9,36.9,7,2,1,548.18,354.48,217.16,266.52,530.82
CUST00293,44.3,95.6,34.4,16.2,13.1,1351.28,90.91,7.7,3.4,2.0,10.1,6.3,0.254,0.238,0.064,0,1740.0,0.368,48.8,20.5,3,2,1,213.11,102.17,118.04,230.86,687.11
CUST00294,59.2,54.6,29.1,7.3,21.4,780.13,41.39,11.4,10.5,0.0,11.6,15.8,0.548,0.273,0.148,0,1654.0,0.366,26.9,46.6,11,3,0,85.08,166.84,338.05,4.2,185.94
CUST00295,39.8,80.3,53.5,9.8,20.4,4181.71,211.15,10.7,9.6,0.1,15.4,2.2,0.039,0.081,0.024,0,5474.0,0.536,111.3,32.4,6,8,0,307.37,463.05,301.22,2468.25,641.82
CUST00296,28.5,47.1,9.0,5.2,9.1,524.33,61.27,4.4,3.4,1.4,10.6,6.9,0.104,0.273,0.197,0,1059.0,0.283,138.4,33.7,18,1,1,173.57,79.81,135.85,71.15,63.95
CUST00297,62.8,64.8,72.5,116.7,4.0,126.15,31.52,1.2,1.3,1.4,1.9,0.4,0.285,0.175,0.221,0,189.0,0.053,12.2,7.5,2,1,1,5.83,26.87,47.34,27.76,18.34
CUST00298,50.7,59.8,39.9,12.9,31.1,1716.63,50.1,16.6,10.8,3.7,14.5,10.3,0.378,0.317,0.148,0,1362.0,0.519,10.1,43.2,9,0,2,241.44,109.44,913.21,244.95,207.57
CUST00299,64.0,67.0,71.3,216.7,2.3,152.98,63.99,0.9,0.8,0.6,2.6,1.1,0.278,0.287,0.143,4,242.0,0.066,4.4,5.2,1,0,4,54.07,6.45,66.05,25.64,0.78
CUST00300,56.6,93.7,52.7,6.3,32.6,5985.8,197.9,17.9,8.4,6.3,9.5,3.6,0.117,0.106,0.025,0,3012.0,0.344,72.2,35.3,6,3,0,1761.79,1483.57,79.67,1002.41,1658.36
CUST00301,43.5,128.2,85.5,9.5,19.0,2460.73,129.03,10.8,7.2,1.0,8.8,4.1,0.091,0.112,0.029,0,2976.0,0.393,94.4,36.8,6,3,1,171.29,451.08,321.71,870.43,646.22
CUST00302,25.7,33.1,22.8,13.0,20.7,852.14,40.76,8.5,8.1,4.2,24.3,7.9,0.203,0.537,0.127,0,1120.0,0.366,134.8,88.4,15,4,0,386.48,151.12,4.08,176.63,133.82
CUST00303,22.6,32.3,14.1,5.6,21.5,1659.58,78.93,9.2,8.8,3.5,37.1,9.3,0.308,0.186,0.08,1,588.0,0.199,90.0,62.8,19,6,1,590.41,298.56,105.5,219.84,445.26
CUST00304,35.0,81.7,76.3,145.8,2.7,89.48,33.67,1.2,0.9,0.7,1.1,0.9,0.251,0.244,0.183,2,306.0,0.042,9.7,2.9,2,0,4,12.09,0.61,69.47,5.96,1.35
CUST00305,49.8,62.1,58.0,133.5,3.9,231.66,56.77,2.0,1.5,0.4,0.0,1.1,0.101,0.144,0.184,3,337.0,0.054,8.2,6.6,1,1,1,5.44,27.94,23.87,115.01,59.41
CUST00306,46.4,63.7,42.1,33.7,17.2,940.67,56.12,10.3,3.7,3.2,5.5,3.4,0.12,0.072,0.095,0,762.0,0.241,50.6,32.8,7,1,0,441.86,63.29,177.66,188.91,68.95
CUST00307,27.0,40.6,17.7,15.3,12.4,951.47,78.5,6.9,6.0,0.0,31.2,8.7,0.167,0.511,0.214,1,749.0,0.26,156.4,84.9,21,1,0,81.83,317.14,7.5,20.16,524.85
CUST00308,37.4,85.2,30.9,18.6,14.5,641.74,46.75,4.8,6.7,3.0,14.3,13.4,0.851,0.212,0.038,2,1310.0,0.423,77.6,32.7,12,2,0,83.63,307.44,159.16,35.74,55.77
CUST00309,52.3,69.4,68.1,233.8,2.8,137.69,53.88,0.9,0.7,1.3,1.8,0.4,0.188,0.182,0.218,0,244.0,0.035,9.1,6.1,0,1,0,17.64,3.36,43.35,46.63,26.7
CUST00310,31.8,54.0,26.5,13.5,19.4,664.01,41.18,8.5,6.2,4.7,19.1,17.5,0.408,0.325,0.213,0,2203.0,0.48,59.2,32.7,5,3,1,10.0,180.98,347.31,15.35,110.37
CUST00311,29.3,56.0,14.6,7.6,13.2,924.38,56.22,6.5,4.5,2.2,27.6,4.5,0.225,0.396,0.191,0,645.0,0.181,221.0,114.4,17,5,2,426.07,155.49,16.91,23.03,302.88
CUST00312,24.3,57.6,47.1,9.1,15.1,1917.23,120.92,5.9,7.3,1.9,11.0,2.4,0.071,0.109,0.032,0,1879.0,0.563,145.6,40.4,4,5,0,55.9,59.01,156.87,1026.81,618.64
CUST00313,50.8,141.4,49.6,8.1,21.2,4157.02,193.97,8.9,9.7,2.5,9.2,2.6,0.131,0.069,0.037,0,4461.0,0.533,55.9,51.4,4,4,1,404.47,623.92,663.64,1811.53,653.46
CUST00314,44.9,95.6,43.2,38.8,15.7,1520.08,102.64,7.6,4.2,3.8,5.5,3.1,0.129,0.276,0.064,0,2252.0,0.456,20.0,22.6,14,2,1,376.29,87.53,370.44,465.28,220.54
CUST00315,34.7,79.9,39.3,24.0,16.3,1113.96,69.86,5.7,8.1,2.6,9.0,7.3,0.307,0.158,0.08,1,1715.0,0.471,31.8,6.2,3,0,2,40.81,225.18,151.24,253.9,442.83
CUST00316,56.5,58.6,57.9,139.4,1.7,82.89,42.4,0.8,0.8,0.1,2.7,0.8,0.199,0.248,0.232,2,315.0,0.057,5.6,3.4,2,0,4,14.74,6.86,42.36,16.95,1.98
CUST00317,33.0,51.4,14.3,6.4,21.5,688.14,35.92,12.2,6.3,3.1,28.2,9.8,0.397,0.56,0.136,0,605.0,0.147,99.8,49.7,19,2,2,288.48,123.73,2.61,88.27,185.06
CUST00318,44.4,112.2,84.4,9.2,8.0,788.17,121.39,3.8,2.2,2.1,8.8,0.6,0.074,0.08,0.033,0,5598.0,0.539,44.7,37.6,9,4,1,73.55,247.75,89.85,229.76,147.26
CUST00319,44.9,164.5,51.3,3.7,11.3,893.11,82.44,6.5,4.5,0.2,14.4,1.8,0.143,0.091,0.035,0,2489.0,0.535,124.8,24.9,4,3,1,104.78,187.08,45.23,223.63,332.39
CUST00320,41.1,54.1,38.3,7.2,40.2,1598.03,47.76,19.8,11.0,9.4,10.5,18.6,0.879,0.146,0.117,0,1324.0,0.337,61.4,54.3,9,1,0,158.55,166.76,625.91,185.22,461.59
CUST00321,23.8,46.4,9.1,19.6,22.2,1255.25,64.96,8.6,5.8,7.8,21.0,3.7,0.311,0.328,0.139,0,1204.0,0.37,250.4,128.2,12,3,0,271.73,332.48,22.78,148.02,480.25
CUST00322,60.4,90.2,67.9,93.0,1.6,74.11,42.42,1.0,0.5,0.1,3.3,1.2,0.27,0.185,0.237,2,374.0,0.047,5.0,5.8,1,0,1,15.41,11.96,22.42,4.8,19.5
CUST00323,41.1,50.6,51.3,168.4,3.8,153.9,37.55,2.3,1.0,0.5,1.4,0.8,0.113,0.111,0.145,0,87.0,0.047,11.0,6.1,1,0,0,18.99,22.9,71.56,33.24,7.21
CUST00324,34.6,69.5,31.5,20.8,17.8,901.03,46.94,10.2,4.5,3.1,12.5,11.6,0.714,0.557,0.112,1,1211.0,0.504,95.4,9.5,7,0,0,56.69,161.97,387.28,8.14,286.95
CUST00325,37.1,94.7,24.6,25.3,10.4,972.37,95.19,5.5,4.5,0.4,4.3,3.2,0.235,0.241,0.025,0,1650.0,0.23,52.0,4.7,6,0,0,39.75,101.39,300.82,222.97,307.44
CUST00326,54.0,35.4,68.4,77.0,4.0,292.87,78.93,2.3,2.0,0.0,1.1,0.9,0.184,0.24,0.214,1,199.0,0.062,13.2,2.6,1,0,4,123.29,12.65,136.82,10.46,9.65
CUST00327,20.3,28.7,13.8,3.9,28.2,1085.06,39.07,16.0,7.6,4.6,27.3,5.3,0.437,0.554,0.217,2,617.0,0.273,208.0,57.6,15,2,1,281.77,300.97,224.55,66.26,211.51
CUST00328,51.6,78.9,56.5,166.4,2.5,135.48,46.11,1.1,0.6,0.8,2.4,0.8,0.225,0.143,0.227,2,288.0,0.068,8.0,4.1,0,1,2,29.37,47.36,38.86,0.65,19.24
CUST00329,29.9,22.5,22.2,2.0,16.2,964.85,64.3,6.5,5.7,3.9,30.6,3.6,0.406,0.45,0.078,0,1070.0,0.303,203.4,46.9,15,1,1,131.73,330.47,145.42,42.15,315.08
CUST00330,46.6,62.3,33.0,16.4,20.0,719.79,37.53,8.0,9.3,2.7,18.2,11.8,0.628,0.343,0.107,0,937.0,0.348,72.8,34.4,11,1,0,65.77,237.3,160.02,246.46,10.24
CUST00331,29.5,41.4,33.1,12.7,21.3,1114.72,56.39,10.0,5.9,5.3,14.3,21.3,0.703,0.228,0.171,1,2016.0,0.304,60.5,52.1,12,1,4,31.07,151.66,608.2,258.35,65.44
CUST00332,65.1,73.0,67.2,153.6,2.5,110.12,47.59,0.8,0.7,1.0,2.0,0.1,0.226,0.213,0.114,6,420.0,0.046,14.1,5.1,1,0,3,19.26,11.03,71.35,6.88,1.61
CUST00333,41.3,100.1,61.4,10.1,30.1,4119.19,154.62,13.8,11.7,4.7,12.7,3.9,0.119,0.091,0.024,1,5774.0,0.541,83.1,33.1,3,6,0,788.47,254.14,1441.33,1013.81,621.44
CUST00334,54.7,123.2,50.2,10.2,12.5,1542.44,106.13,5.5,5.7,1.3,1.4,2.8,0.088,0.083,0.027,0,4239.0,0.495,17.0,30.3,8,7,1,300.64,64.32,708.36,357.72,111.39
CUST00335,43.3,109.3,55.7,8.6,25.5,2940.19,101.39,9.9,9.6,6.0,16.9,5.1,0.046,0.067,0.03,0,4079.0,0.925,123.9,13.3,6,8,2,1076.83,617.91,434.54,277.4,533.51
CUST00336,61.1,115.0,56.9,8.0,29.9,4060.34,134.41,15.9,12.9,1.1,14.5,3.8,0.095,0.088,0.02,1,5799.0,0.091,86.9,51.0,8,5,0,339.61,1558.4,39.04,455.9,1667.39
CUST00337,38.5,42.8,40.1,37.8,5.6,116.94,23.54,1.8,1.7,2.2,11.4,5.6,0.186,0.189,0.069,2,2421.0,0.35,26.4,20.8,7,0,1,30.08,38.8,11.43,29.04,7.59
CUST00338,40.9,54.4,67.1,160.1,2.1,67.82,31.19,0.9,0.8,0.4,1.9,1.9,0.202,0.106,0.133,2,266.0,0.035,13.8,2.6,1,0,2,8.22,1.75,28.44,20.07,9.34
CUST00339,27.1,49.5,15.2,11.3,16.9,944.82,63.16,8.3,8.3,0.3,26.7,6.3,0.185,0.272,0.05,0,1121.0,0.318,240.1,58.5,18,0,1,393.4,201.9,4.47,65.54,279.52
CUST00340,41.7,137.9,57.3,6.6,27.2,4553.03,144.1,8.6,10.2,8.3,6.0,2.5,0.053,0.068,0.043,0,4119.0,0.35,113.3,35.6,5,3,0,1847.15,355.38,269.85,1417.9,662.74
CUST00341,32.3,56.9,7.8,1.1,12.0,585.38,44.69,6.1,5.2,0.6,24.9,8.7,0.181,0.178,0.21,2,1252.0,0.161,118.1,57.2,21,3,1,168.6,146.83,41.68,45.8,182.48
CUST00342,31.4,33.1,11.4,11.9,11.2,682.0,59.35,6.2,2.8,2.2,23.4,8.0,0.403,0.557,0.185,0,590.0,0.225,204.5,50.5,10,2,0,406.52,154.05,19.89,8.64,92.9
CUST00343,55.5,46.6,65.8,6.3,27.2,3837.13,122.06,16.2,7.9,3.1,5.7,3.0,0.116,0.041,0.022,0,1818.0,0.42,76.6,25.4,8,4,0,742.86,1234.24,326.8,934.82,598.41
CUST00344,21.6,78.2,11.1,11.3,7.9,550.12,72.1,3.3,3.0,1.6,14.9,7.9,0.429,0.662,0.136,0,964.0,0.413,115.3,84.3,13,3,1,135.21,193.98,53.08,27.54,140.31
CUST00345,31.2,50.0,32.5,17.7,27.4,1184.82,43.25,13.7,12.2,1.5,10.9,16.2,1.0,0.458,0.107,0,839.0,0.219,73.3,57.7,11,0,0,81.71,316.95,416.59,95.46,274.1
CUST00346,52.4,40.7,62.0,60.1,3.4,47.72,17.35,1.1,1.6,0.7,2.6,0.8,0.141,0.276,0.22,3,457.0,0.049,2.7,6.0,0,0,1,2.92,4.2,27.77,1.99,10.84
CUST00347,45.5,48.2,1.0,87.1,2.6,119.69,47.15,0.8,0.7,1.1,4.0,1.2,0.126,0.239,0.223,4,206.0,0.031,14.0,1.9,0,0,2,29.7,4.3,69.02,4.84,11.82
CUST00348,40.3,193.6,34.1,11.7,22.3,3963.66,167.14,11.1,5.0,6.1,14.0,2.8,0.16,0.086,0.02,0,4295.0,0.606,151.1,33.2,7,7,0,739.07,1462.19,73.89,1140.15,548.36
CUST00349,46.5,60.5,41.6,32.3,22.5,874.05,39.13,7.5,9.9,5.1,14.7,20.8,0.667,0.401,0.102,1,2231.0,0.365,35.0,70.7,17,1,1,72.77,98.63,484.12,138.07,80.46
CUST00350,61.8,77.8,21.1,191.6,3.7,159.89,51.69,1.2,1.3,1.2,1.5,0.5,0.079,0.358,0.19,4,210.0,0.069,8.3,6.8,5,1,0,36.51,37.01,73.12,0.39,12.87
CUST00351,29.6,52.5,11.0,7.9,19.1,606.98,31.31,6.2,7.2,5.7,25.3,3.5,0.498,0.612,0.153,2,783.0,0.378,246.0,103.6,20,5,2,225.74,104.79,20.93,17.49,238.03
CUST00352,52.0,46.9,26.4,47.7,13.5,596.31,41.39,4.4,4.4,4.6,8.8,7.7,0.28,0.155,0.06,0,1885.0,0.368,49.2,38.7,6,0,2,156.84,110.24,92.98,121.94,114.31
CUST00353,48.4,71.3,63.1,0.0,2.3,116.96,52.27,0.8,1.0,0.5,2.4,1.4,0.168,0.298,0.189,3,291.0,0.026,7.1,6.1,2,0,2,22.61,31.03,23.41,4.75,35.16
CUST00354,46.9,91.6,30.1,7.7,30.2,4236.66,137.66,15.0,13.5,1.6,12.7,3.9,0.126,0.089,0.047,0,3970.0,0.827,123.4,26.2,6,6,0,1613.22,935.56,275.11,633.16,779.6
CUST00355,61.6,122.6,37.2,9.3,33.6,6237.54,188.26,19.5,13.9,0.2,13.4,0.6,0.068,0.058,0.032,0,4545.0,0.461,57.2,48.9,3,7,1,1111.27,3374.76,444.45,1019.05,288.01
CUST00356,39.9,65.3,44.7,148.5,2.1,109.15,48.4,0.8,0.8,0.5,2.0,0.8,0.212,0.216,0.279,4,490.0,0.065,10.3,1.4,0,0,4,1.28,27.61,67.93,3.48,8.86
CUST00357,47.9,113.8,48.8,10.5,23.9,3528.09,146.82,7.4,10.7,5.7,7.5,1.6,0.111,0.104,0.024,0,3926.0,0.621,98.5,45.7,7,4,1,1140.35,631.07,516.61,462.39,777.67
CUST00358,19.8,75.2,16.4,12.6,20.9,1946.92,83.21,10.9,5.6,4.4,28.8,8.2,0.209,0.4,0.011,2,1008.0,0.323,144.7,137.0,15,8,0,699.79,110.18,283.62,587.49,265.85
CUST00359,27.1,64.4,25.5,25.8,13.3,575.1,45.99,4.4,4.8,4.1,2.2,3.5,0.168,0.206,0.077,0,1317.0,0.446,23.7,18.1,7,0,1,15.51,169.0,83.75,124.14,182.71
CUST00360,27.5,54.2,10.5,15.9,20.0,1456.42,67.67,8.4,8.7,2.9,15.1,7.6,0.126,0.499,0.151,1,482.0,0.295,218.2,35.2,16,1,3,685.12,170.06,18.84,33.39,549.01
CUST00361,32.9,32.1,40.5,14.9,4.8,193.73,42.28,1.6,1.3,1.9,6.7,4.8,0.671,0.191,0.073,0,1134.0,0.527,116.7,40.6,9,3,3,29.79,75.53,85.64,1.12,1.65
CUST00362,54.2,55.8,91.6,226.6,3.0,250.69,70.11,1.7,1.0,0.3,2.1,2.0,0.198,0.179,0.205,3,237.0,0.063,10.2,7.9,0,1,1,11.22,8.18,170.26,21.55,39.48
CUST00363,29.1,75.4,11.7,6.6,17.7,1287.39,66.81,6.7,5.6,5.3,16.6,7.0,0.216,0.349,0.173,1,1211.0,0.162,225.3,63.8,15,3,2,160.88,643.69,80.47,188.19,214.17
CUST00364,28.6,57.1,15.2,11.5,17.5,1092.13,54.14,5.6,7.5,4.4,13.5,8.5,0.374,0.544,0.2,0,631.0,0.248,63.5,78.9,16,1,1,571.43,253.1,63.39,3.12,201.1
CUST00365,43.8,67.5,7.8,28.1,6.4,649.57,100.23,2.2,1.7,2.5,10.1,5.0,0.273,0.079,0.083,0,1157.0,0.308,39.2,4.2,4,0,1,292.03,37.9,39.99,151.95,127.7
CUST00366,36.0,62.0,20.3,16.9,26.9,726.41,33.13,15.6,12.9,0.0,19.8,14.5,0.109,0.567,0.103,1,2424.0,0.445,55.1,42.9,14,1,1,29.89,53.02,519.59,78.46,45.46
CUST00367,44.9,70.3,39.3,63.7,16.0,1296.7,83.45,8.3,7.6,0.2,8.6,1.9,0.252,0.262,0.051,0,2385.0,0.327,3.7,22.6,8,1,1,333.43,179.93,60.75,249.49,473.09
CUST00368,53.2,89.6,33.6,38.3,11.1,714.57,65.02,4.6,2.6,4.0,5.3,4.0,0.382,0.146,0.108,0,1967.0,0.478,54.4,9.2,4,1,0,190.37,204.36,137.66,51.49,130.7
CUST00369,32.5,49.5,29.4,22.8,16.6,822.35,54.12,7.8,8.1,0.8,8.6,3.4,0.757,0.364,0.12,1,1519.0,0.647,80.5,45.8,12,2,0,26.61,346.46,375.01,58.87,15.4
CUST00370,51.6,115.7,42.3,4.7,20.3,4110.96,197.56,6.5,9.7,4.2,12.1,1.9,0.011,0.067,0.022,0,4640.0,0.792,196.6,30.4,6,5,0,937.81,1014.32,508.05,817.38,833.4
CUST00371,42.8,114.1,38.7,8.8,24.8,4689.33,183.3,10.3,10.7,3.8,8.9,3.3,0.112,0.078,0.034,1,3375.0,0.395,42.1,16.9,8,5,0,480.92,2832.18,166.06,693.08,517.09
CUST00372,44.5,98.5,62.3,6.1,24.3,4603.01,204.62,10.3,5.7,8.3,12.2,1.0,0.136,0.058,0.022,0,4543.0,0.734,108.1,50.2,2,8,1,460.31,1404.92,352.91,1851.86,533.01
CUST00373,37.2,73.8,57.7,9.7,25.1,1012.96,43.44,7.7,8.4,9.0,11.6,3.3,0.053,0.103,0.017,0,3943.0,0.387,57.0,33.4,7,4,0,301.72,146.91,1.29,513.01,50.02
CUST00374,46.4,86.4,53.8,180.1,3.4,130.18,45.25,1.9,1.5,0.1,1.1,0.5,0.147,0.195,0.2,4,307.0,0.038,6.5,4.5,1,0,5,8.05,17.89,51.48,9.12,43.64
CUST00375,62.4,102.9,50.1,3.6,30.8,1940.88,58.9,17.9,11.9,0.9,12.5,4.6,0.069,0.091,0.022,0,4261.0,0.729,69.3,32.9,5,4,1,440.15,422.01,57.99,521.62,499.11
CUST00376,34.2,64.9,28.9,11.8,25.3,1441.44,44.85,11.1,12.4,1.8,17.1,17.5,0.873,0.384,0.151,0,1910.0,0.628,21.9,26.1,11,1,2,62.87,287.65,635.2,10.91,444.81
CUST00377,26.6,54.7,45.6,37.6,9.8,716.66,82.8,3.1,4.1,2.5,7.4,4.2,0.217,0.116,0.084,0,1480.0,0.183,32.5,31.3,5,2,0,242.69,103.95,154.6,170.99,44.43
CUST00378,25.3,99.8,56.8,9.8,26.0,2430.21,90.62,9.4,12.0,4.5,11.9,3.9,0.13,0.082,0.026,0,3972.0,0.703,54.3,36.0,13,6,1,623.06,741.42,29.55,733.12,303.07
CUST00379,48.0,56.5,30.9,24.3,13.5,1286.59,84.17,5.6,2.9,5.0,8.9,5.7,0.162,0.272,0.127,2,1433.0,0.175,26.6,13.2,6,1,0,252.66,120.25,377.57,148.18,387.93
CUST00380,38.2,40.0,15.2,15.8,20.7,596.8,28.12,12.3,8.9,0.0,16.1,15.3,0.69,0.181,0.167,0,2141.0,0.369,0.0,36.8,11,4,2,104.07,106.06,275.24,31.76,79.66
CUST00381,55.1,133.4,45.8,10.9,23.1,2834.42,104.86,12.0,10.2,0.9,8.1,3.8,0.133,0.096,0.04,0,4254.0,0.6,66.6,22.0,6,5,0,550.26,662.84,55.31,712.5,853.5
CUST00382,53.9,39.9,87.1,159.0,3.8,269.72,64.65,2.0,1.4,0.5,1.9,1.3,0.091,0.158,0.255,1,460.0,0.06,11.3,1.9,0,0,5,25.39,50.47,151.7,8.15,33.99
CUST00383,56.1,50.3,80.5,157.3,2.4,81.38,35.64,1.2,0.7,0.5,1.7,0.7,0.258,0.124,0.208,0,219.0,0.042,6.4,5.4,2,0,2,6.66,4.55,24.52,35.56,10.08
CUST00384,45.6,91.2,23.5,35.4,7.1,588.26,69.7,3.6,1.7,1.8,4.6,5.1,0.329,0.178,0.077,2,1575.0,0.221,37.3,29.1,3,2,1,58.62,99.22,146.73,210.85,72.84
CUST00385,59.3,92.4,60.6,37.2,2.8,167.47,61.82,1.6,1.2,0.0,1.0,0.9,0.149,0.23,0.246,2,205.0,0.062,2.8,7.2,1,0,3,10.79,17.47,88.19,14.05,36.97
CUST00386,41.2,99.1,36.2,43.6,7.5,345.68,44.97,3.4,1.8,2.3,9.0,2.4,0.277,0.114,0.112,0,1147.0,0.255,32.7,23.2,10,1,0,69.37,100.43,51.95,68.04,55.89
CUST00387,27.7,34.3,42.2,21.3,18.4,755.39,40.98,5.8,8.5,4.0,11.0,14.7,0.564,0.453,0.112,5,2404.0,0.463,80.1,41.2,6,2,1,30.18,154.75,438.21,96.66,35.59
CUST00388,31.9,132.2,34.2,6.7,19.5,1640.27,86.52,9.1,7.8,2.6,5.8,2.8,0.083,0.065,0.026,0,6810.0,0.591,79.2,21.2,5,7,1,371.66,356.69,23.63,731.31,156.98
CUST00389,63.6,64.4,38.7,154.1,5.3,261.65,53.59,2.2,2.1,1.0,3.0,0.7,0.216,0.292,0.148,2,307.0,0.043,11.6,3.5,0,0,0,10.79,16.53,161.95,10.07,62.3
CUST00390,36.1,60.6,51.6,38.2,3.4,177.64,52.32,1.8,1.6,0.0,13.2,3.4,0.181,0.345,0.079,0,1406.0,0.477,50.7,18.4,5,1,1,17.79,46.71,47.36,53.55,12.23
CUST00391,41.2,78.4,25.5,41.9,7.8,505.53,54.56,3.1,3.2,1.5,6.9,2.7,0.198,0.235,0.103,1,2186.0,0.258,26.5,29.6,3,1,0,72.08,140.4,58.5,85.39,149.16
CUST00392,18.9,73.5,16.2,15.4,20.9,998.19,54.81,9.0,7.2,4.6,20.1,9.8,0.425,0.421,0.137,3,1137.0,0.324,212.1,23.8,20,7,0,105.35,239.39,26.72,277.41,349.31
CUST00393,42.5,65.0,35.7,17.8,22.8,793.48,45.95,11.0,11.4,0.4,14.5,8.1,0.877,0.335,0.121,4,768.0,0.494,95.2,45.1,8,3,1,70.57,145.72,253.95,62.04,261.2
CUST00394,42.5,83.4,41.4,133.1,2.5,148.88,63.21,1.4,1.0,0.1,2.0,1.2,0.213,0.175,0.179,6,302.0,0.048,7.4,7.4,3,0,3,11.43,6.51,43.88,86.63,0.42
CUST00395,30.7,51.6,13.9,17.8,24.8,749.66,32.45,12.3,5.1,7.4,10.6,17.4,0.339,0.307,0.065,0,1502.0,0.439,24.2,58.5,13,2,1,112.88,179.64,347.74,7.84,101.55
CUST00396,43.3,85.3,31.7,38.1,16.3,1179.13,70.8,9.2,8.1,0.0,5.3,5.1,0.275,0.277,0.081,0,856.0,0.256,41.2,29.4,4,0,0,145.81,158.09,359.55,171.03,344.64
CUST00397,44.9,85.4,34.8,10.3,12.1,853.84,64.09,4.5,5.8,1.7,9.6,3.8,0.397,0.251,0.088,2,1819.0,0.287,19.4,30.4,4,1,0,156.49,150.37,136.29,176.93,233.78
CUST00398,34.2,36.0,18.0,8.1,10.9,843.07,76.73,4.8,3.8,2.3,25.4,5.3,0.248,0.2,0.168,1,642.0,0.264,22.1,73.1,18,1,0,268.3,279.8,46.32,61.4,187.26
CUST00399,67.5,63.6,84.6,139.2,3.2,153.85,50.84,1.4,0.7,1.1,2.9,0.7,0.12,0.306,0.2,2,374.0,0.058,8.9,4.9,1,0,3,25.16,17.3,38.34,70.29,2.76
CUST00400,52.8,74.3,67.9,125.3,4.4,211.09,43.81,2.2,1.1,1.1,1.8,0.6,0.222,0.128,0.181,0,317.0,0.028,8.9,0.0,0,0,5,0.02,64.2,78.39,34.67,33.81
CUST00401,46.0,85.7,45.8,7.5,27.7,4478.37,147.8,11.5,12.2,4.0,7.4,2.0,0.062,0.068,0.027,0,6159.0,0.417,104.5,40.9,3,1,0,676.05,1113.04,157.76,1639.55,891.97
CUST00402,31.8,84.6,32.9,17.7,6.4,542.29,91.63,2.0,2.6,1.8,10.1,4.2,0.175,0.168,0.121,0,3275.0,0.264,16.6,6.4,1,4,0,53.3,131.96,184.73,66.57,105.72
CUST00403,24.3,35.5,5.7,7.3,2.1,80.65,36.31,1.1,0.6,0.4,26.6,2.1,0.406,0.341,0.162,2,801.0,0.214,65.2,102.8,20,3,1,6.71,21.27,39.53,9.71,3.44
CUST00404,41.1,44.1,19.5,10.4,9.9,571.83,66.25,3.1,2.7,4.1,7.4,4.4,0.302,0.209,0.088,0,1582.0,0.362,17.0,31.8,3,5,0,21.05,128.55,63.47,262.94,95.82
CUST00405,31.6,48.9,26.8,12.1,16.9,940.54,61.93,5.2,5.3,6.4,14.7,16.9,0.773,0.397,0.13,0,841.0,0.378,69.5,3.5,5,2,5,17.59,309.13,491.4,26.41,96.0
CUST00406,44.5,36.0,40.3,29.6,10.7,548.91,51.67,4.0,3.8,2.9,8.7,5.2,0.347,0.278,0.045,0,1197.0,0.254,0.0,36.7,4,2,1,174.08,121.75,159.94,79.8,13.35
CUST00407,36.1,54.2,40.8,19.2,24.0,815.63,37.97,7.5,7.7,8.7,3.3,14.6,0.805,0.399,0.117,1,1803.0,0.491,29.0,50.6,20,2,4,121.16,20.8,432.43,82.46,158.78
CUST00408,33.0,116.6,31.8,3.1,27.9,4204.62,152.07,10.8,6.3,10.8,11.5,2.1,0.103,0.086,0.04,1,4213.0,0.63,127.2,61.3,8,3,0,1707.46,696.54,755.14,596.11,449.36
CUST00409,47.8,90.0,21.0,13.6,8.2,749.08,81.44,4.4,3.1,0.8,5.4,4.5,0.388,0.26,0.058,0,2119.0,0.312,33.0,28.0,6,3,0,247.3,48.28,187.81,163.15,102.54
CUST00410,29.9,92.7,49.4,0.6,29.7,1290.87,39.25,10.5,12.0,7.1,11.8,2.7,0.102,0.099,0.002,0,3636.0,0.211,58.0,41.5,5,4,0,506.21,353.64,125.71,151.52,153.79
CUST00411,28.1,28.0,19.6,5.8,25.0,827.72,33.89,12.9,9.6,2.5,19.6,10.1,0.561,0.427,0.111,0,1788.0,0.298,55.2,19.5,6,0,0,221.06,64.97,476.71,29.01,35.98
CUST00412,34.6,42.4,32.7,27.0,14.7,488.37,35.08,5.1,4.9,4.7,13.1,2.5,0.149,0.293,0.084,2,1664.0,0.453,46.8,27.0,1,3,0,73.09,82.79,135.94,133.54,63.02
CUST00413,19.4,106.0,24.0,48.5,7.5,507.29,65.11,3.9,2.8,0.7,4.5,5.5,0.235,0.244,0.078,0,1392.0,0.318,23.7,29.7,2,0,0,38.74,86.49,31.82,220.36,129.89
CUST00414,24.8,42.0,14.5,5.2,12.3,778.92,53.64,4.0,5.2,3.1,25.9,10.0,0.439,0.509,0.121,0,1027.0,0.234,144.4,88.6,17,2,1,185.92,290.94,81.8,63.8,156.47
CUST00415,62.2,52.6,66.8,74.8,4.0,162.48,38.61,2.2,1.0,0.8,2.5,0.3,0.213,0.148,0.165,4,301.0,0.063,13.1,1.6,0,0,2,29.67,10.07,97.31,1.58,23.85
CUST00416,25.2,37.7,15.1,9.3,5.4,218.65,37.34,2.4,2.5,0.6,42.0,5.4,0.292,0.597,0.225,0,1251.0,0.246,175.9,125.1,19,3,2,107.5,2.64,36.83,9.77,61.9
CUST00417,48.9,48.4,35.1,8.1,13.5,747.38,47.63,6.6,6.7,0.3,18.4,2.5,0.568,0.148,0.073,1,588.0,0.472,57.8,23.3,7,3,0,94.66,43.56,398.49,7.59,203.08
CUST00418,37.9,88.5,27.6,0.0,6.3,206.61,24.36,2.6,2.1,1.7,13.8,6.3,0.846,0.417,0.04,1,1659.0,0.436,68.6,41.7,8,3,2,49.02,26.57,70.79,4.13,56.09
CUST00419,57.9,59.0,16.7,164.8,0.9,40.93,51.09,0.3,0.3,0.3,2.2,0.4,0.247,0.098,0.309,0,322.0,0.063,8.1,3.0,1,0,4,8.12,0.21,25.77,4.09,2.74
CUST00420,46.8,64.8,56.1,61.1,3.0,128.72,53.19,1.7,0.9,0.3,2.7,0.7,0.2,0.284,0.238,3,287.0,0.057,7.4,6.9,0,0,2,7.87,5.4,39.76,24.16,51.53
CUST00421,63.2,69.8,67.8,183.1,2.1,43.43,25.3,1.2,0.5,0.3,2.2,1.4,0.255,0.15,0.281,4,220.0,0.021,5.6,3.9,0,0,1,11.8,5.84,6.44,3.04,16.3
CUST00422,54.9,71.6,87.9,130.0,3.2,123.89,35.55,1.3,0.8,1.1,2.5,1.1,0.09,0.158,0.243,2,336.0,0.036,12.5,2.7,2,0,2,10.06,34.14,19.4,26.77,33.53
CUST00423,52.4,87.3,59.4,5.2,21.7,4192.79,177.99,7.1,8.1,6.5,12.1,1.7,0.087,0.113,0.008,0,4116.0,0.343,148.2,0.0,10,4,0,1460.18,1117.42,197.82,819.01,598.35
CUST00424,24.6,49.5,18.1,9.4,22.6,1061.54,53.19,12.1,6.1,4.3,13.9,5.6,0.382,0.464,0.177,1,1153.0,0.249,142.2,23.2,13,2,0,542.64,288.69,5.52,24.14,200.56
CUST00425,34.6,70.5,55.9,4.1,16.7,2894.19,196.88,5.8,3.5,7.5,1.9,3.7,0.091,0.075,0.027,0,4492.0,0.438,83.4,39.6,3,5,0,907.11,573.42,230.78,1001.39,181.49
CUST00426,24.1,42.9,22.0,16.3,18.6,467.79,26.75,8.9,6.1,3.6,15.4,10.3,0.291,0.288,0.194,0,1070.0,0.227,95.2,70.8,21,2,1,91.17,28.01,22.27,21.22,305.11
CUST00427,31.1,76.5,21.7,4.1,9.8,340.6,38.44,5.7,4.4,0.0,27.8,4.6,0.487,0.707,0.15,1,778.0,0.099,164.3,63.1,29,3,0,42.77,186.73,14.21,2.49,94.4
CUST00428,39.4,58.4,42.5,28.1,12.8,1251.69,98.75,7.4,3.4,2.0,11.1,6.7,0.327,0.199,0.095,0,982.0,0.284,16.0,8.8,7,2,1,358.56,171.81,88.35,356.96,276.01
CUST00429,33.3,49.3,36.5,9.2,34.4,1586.19,52.01,11.4,15.1,7.9,21.2,14.9,0.92,0.32,0.032,0,1230.0,0.483,76.0,57.6,13,1,0,51.75,143.14,746.93,187.6,456.78
CUST00430,49.4,99.2,64.7,9.4,18.9,4370.42,225.86,10.3,8.1,0.4,10.1,2.0,0.135,0.068,0.038,0,4840.0,0.772,95.8,12.4,8,8,0,242.6,1636.95,170.65,1079.65,1240.56
CUST00431,37.4,85.2,61.6,6.6,30.5,5028.15,177.33,16.8,13.2,0.6,7.6,2.4,0.053,0.082,0.042,1,4812.0,0.418,131.6,36.8,4,6,0,1517.25,1766.1,356.32,1024.38,364.09
CUST00432,46.7,90.8,86.4,175.5,1.8,76.0,38.32,0.9,0.4,0.5,1.6,1.4,0.228,0.203,0.158,3,292.0,0.051,10.1,3.2,0,0,5,30.48,2.69,7.75,34.01,1.07
CUST00433,48.8,64.1,44.5,124.5,4.4,151.28,42.32,2.5,1.3,0.7,0.8,1.8,0.287,0.216,0.276,1,419.0,0.028,8.2,4.9,2,0,0,6.66,41.52,53.53,11.31,38.27
CUST00434,40.9,148.7,58.5,9.5,26.4,3630.64,117.66,12.5,10.9,3.0,12.8,2.8,0.057,0.07,0.037,0,6100.0,0.345,109.0,30.5,7,1,1,1077.6,880.77,94.86,1309.05,268.35
CUST00435,38.4,79.6,57.6,6.0,30.6,3953.63,146.28,15.4,11.9,3.4,10.3,3.3,0.069,0.089,0.01,0,5273.0,0.371,92.5,27.2,5,3,0,491.99,1389.37,87.0,1187.93,797.34
CUST00436,49.5,83.3,46.1,102.1,3.7,175.21,50.19,1.8,1.1,0.9,1.8,1.0,0.171,0.033,0.199,3,233.0,0.04,5.5,6.0,3,0,5,20.39,24.02,18.32,52.95,59.53
CUST00437,44.9,130.2,55.0,3.2,14.7,2240.61,128.92,4.5,6.2,4.0,7.0,2.8,0.084,0.067,0.032,1,5965.0,0.625,61.1,73.5,5,2,0,1123.27,587.75,222.98,222.42,84.19
CUST00438,45.5,73.4,44.7,42.1,10.9,1181.81,100.34,4.0,3.7,3.2,9.6,2.9,0.164,0.181,0.099,0,1623.0,0.403,50.8,20.9,3,1,3,413.45,72.47,209.6,306.35,179.94
CUST00439,56.9,58.2,47.9,137.2,3.4,102.28,45.57,1.7,1.1,0.6,2.2,1.4,0.252,0.228,0.139,3,325.0,0.046,5.9,4.1,0,0,1,7.56,0.22,51.78,20.64,22.07
CUST00440,35.0,95.3,60.2,9.9,27.6,2455.71,95.51,10.1,8.1,9.4,8.2,3.3,0.151,0.077,0.039,0,3334.0,0.517,146.5,11.9,4,2,0,1425.01,141.92,100.71,634.21,153.85
CUST00441,33.2,87.8,60.8,8.9,18.9,1365.62,70.77,10.8,6.9,1.2,11.2,4.8,0.025,0.07,0.016,0,4517.0,0.481,82.0,22.3,6,9,0,176.1,240.2,188.21,532.72,228.4
CUST00442,38.2,49.0,41.2,34.0,4.2,303.23,71.44,2.4,1.9,0.0,12.8,4.2,0.161,0.093,0.11,0,2385.0,0.282,17.3,14.6,5,1,2,114.46,26.65,64.61,76.91,20.59
CUST00443,42.6,35.6,38.7,20.5,27.5,1045.92,35.93,12.6,12.8,2.1,18.4,23.1,0.395,0.366,0.129,1,1698.0,0.652,17.8,46.7,12,1,1,379.3,157.67,278.23,62.61,168.1
CUST00444,44.2,61.7,30.2,9.2,27.1,454.44,18.55,12.9,5.7,8.5,19.9,9.9,0.577,0.423,0.126,0,767.0,0.48,25.2,36.7,12,3,2,3.21,94.83,322.95,2.46,30.99
CUST00445,42.1,67.7,36.0,49.2,5.4,386.21,62.16,2.9,2.1,0.3,7.3,5.4,0.189,0.152,0.08,1,865.0,0.461,40.6,25.0,5,1,2,137.13,69.68,79.64,42.05,57.72
CUST00446,49.7,103.3,45.4,47.0,7.1,396.16,54.39,3.9,2.9,0.4,6.2,4.9,0.304,0.146,0.102,1,1266.0,0.215,42.4,29.7,7,3,1,54.4,211.18,66.39,43.13,21.06
CUST00447,34.5,64.4,35.0,37.8,11.5,1196.47,98.63,3.6,4.9,3.0,13.4,3.9,0.246,0.17,0.087,0,1444.0,0.098,14.8,19.1,3,1,0,467.03,56.06,499.15,100.62,73.61
CUST00448,61.5,48.8,32.5,147.5,3.4,204.87,53.25,1.3,1.5,0.5,0.8,1.3,0.134,0.151,0.163,1,230.0,0.062,10.0,8.4,4,0,1,26.39,8.41,32.57,27.37,110.13
CUST00449,54.8,75.1,31.6,11.2,7.7,132.99,17.71,3.6,3.0,1.0,20.7,4.6,0.387,0.236,0.085,0,1526.0,0.49,30.5,38.4,10,1,3,21.21,17.71,64.8,0.19,29.09
CUST00450,33.5,109.1,38.0,12.5,38.2,4996.15,139.82,13.0,15.2,9.9,7.6,3.2,0.063,0.082,0.038,0,4293.0,0.448,97.4,53.6,8,4,0,781.54,534.23,347.22,1333.59,1999.58
CUST00451,62.3,85.7,50.5,163.3,3.2,229.95,64.24,1.5,1.3,0.4,2.1,0.4,0.163,0.224,0.109,1,395.0,0.054,11.3,5.2,0,0,2,36.86,16.09,116.44,5.07,55.49
CUST00452,25.3,47.8,10.4,8.0,14.3,817.66,55.08,6.3,5.3,2.7,23.4,3.5,0.174,0.38,0.173,2,1180.0,0.27,80.9,98.8,11,2,0,384.09,233.96,7.01,68.48,124.11
CUST00453,29.4,57.8,17.7,5.7,15.2,839.09,59.97,7.9,6.7,0.6,17.3,5.7,0.222,0.538,0.112,1,465.0,0.299,179.9,70.8,22,2,0,282.38,381.88,18.03,63.33,93.47
CUST00454,39.0,87.9,26.9,38.6,10.5,1341.72,121.82,3.2,3.8,3.4,4.8,6.8,0.328,0.12,0.09,0,2059.0,0.209,50.2,22.7,5,1,0,506.32,224.53,78.52,42.1,490.25
CUST00455,48.8,111.5,46.9,11.3,29.4,6434.78,205.86,15.5,8.9,5.0,7.8,2.4,0.088,0.061,0.033,0,4078.0,0.632,91.2,35.4,8,2,1,1718.2,1769.67,2395.1,375.33,176.47
CUST00456,27.2,43.5,12.1,7.6,24.6,609.9,23.3,10.7,7.4,6.4,13.7,3.7,0.436,0.486,0.096,0,1175.0,0.258,122.6,44.1,21,3,1,244.86,58.36,2.89,116.95,186.84
CUST00457,42.7,117.5,54.8,10.4,45.0,7026.25,155.19,26.1,13.7,5.2,6.8,3.5,0.12,0.073,0.036,0,6019.0,0.585,87.4,15.0,6,6,1,2719.73,1083.33,796.99,656.55,1769.64
CUST00458,24.5,64.3,15.5,12.4,17.9,796.59,39.62,9.5,6.7,1.8,32.0,8.2,0.414,0.501,0.14,0,1272.0,0.19,151.8,83.0,10,4,0,179.21,63.27,108.49,193.0,252.61
CUST00459,49.9,96.2,52.5,11.6,34.6,7038.91,183.32,12.3,16.3,6.0,11.0,2.8,0.077,0.071,0.025,1,5122.0,0.359,141.5,29.0,4,3,0,1346.55,3219.18,53.15,1765.58,654.44
CUST00460,42.2,113.6,63.7,7.9,22.5,4145.92,170.19,7.6,10.7,4.3,14.0,3.0,0.114,0.099,0.032,0,5862.0,0.222,120.0,12.7,5,3,0,1305.07,393.21,747.37,1334.46,365.82
CUST00461,64.0,86.8,50.2,8.6,34.2,4652.02,156.2,16.3,8.7,9.2,15.1,4.5,0.082,0.083,0.039,0,6884.0,0.616,113.4,34.5,8,2,0,1792.37,1158.22,340.97,715.64,644.83
CUST00462,51.4,78.7,76.4,123.0,2.5,70.82,27.45,1.5,1.1,0.0,0.9,1.0,0.175,0.213,0.27,2,422.0,0.046,8.0,4.1,0,0,0,19.26,29.91,14.46,2.51,4.68
CUST00463,71.8,55.6,71.2,248.6,3.8,166.12,43.67,1.9,0.8,1.1,1.4,1.4,0.234,0.169,0.137,3,311.0,0.053,5.4,2.1,0,1,3,46.37,28.02,60.81,26.69,4.23
CUST00464,23.1,66.4,13.6,7.9,23.5,1105.04,44.2,10.2,8.4,4.9,24.5,1.6,0.121,0.521,0.174,0,728.0,0.417,186.5,94.0,17,2,0,297.58,399.38,341.19,28.44,38.45
CUST00465,38.9,62.6,32.8,26.5,8.1,623.29,73.53,4.8,2.6,0.8,9.5,3.7,0.207,0.069,0.089,0,1368.0,0.425,3.7,19.3,3,2,0,55.18,53.4,203.87,136.29,174.54
CUST00466,32.1,68.6,25.4,15.5,29.0,1012.32,29.9,12.8,13.5,2.7,7.2,24.9,0.571,0.297,0.115,1,1380.0,0.424,39.7,31.3,10,3,1,83.91,268.42,434.66,124.88,100.45
CUST00467,49.3,56.0,41.5,20.9,16.3,638.51,35.18,7.5,3.5,5.4,11.8,15.0,0.666,0.313,0.158,1,1037.0,0.414,102.8,45.0,13,4,1,112.86,103.7,269.12,10.55,142.28
CUST00468,40.5,72.9,20.7,45.9,11.5,515.73,43.36,5.9,5.3,0.4,13.4,2.7,0.28,0.254,0.073,0,1673.0,0.168,38.4,18.7,6,0,1,158.32,216.45,51.8,25.5,63.66
CUST00469,39.3,52.5,28.7,14.6,21.7,1157.21,48.57,7.9,7.5,6.3,9.1,20.0,0.797,0.372,0.107,1,1633.0,0.478,91.7,23.0,12,5,0,217.38,325.06,540.82,49.69,24.26
CUST00470,49.6,79.8,31.5,42.1,6.8,536.52,76.63,2.5,3.3,0.9,8.2,3.7,0.267,0.184,0.072,0,2427.0,0.434,41.3,18.2,7,0,1,105.59,98.35,58.44,49.46,224.68
CUST00471,41.8,147.5,52.3,6.4,28.8,4383.86,190.18,16.9,8.1,3.8,9.0,4.7,0.085,0.117,0.043,0,4117.0,0.558,56.7,55.0,8,7,0,1053.27,646.76,899.64,1445.08,339.11
CUST00472,34.3,104.1,17.0,4.0,8.2,550.71,75.21,4.4,3.7,0.1,5.3,5.5,0.309,0.174,0.071,0,1989.0,0.405,32.5,26.0,6,1,0,59.66,15.13,49.38,230.86,195.67
CUST00473,48.2,92.0,44.9,5.7,28.4,2882.21,113.26,12.3,12.5,3.6,11.7,3.8,0.094,0.073,0.036,1,4033.0,0.564,0.0,35.2,5,5,0,254.4,341.1,148.7,1398.02,739.99
CUST00474,45.0,100.4,50.4,33.2,7.3,542.28,56.97,2.5,2.6,2.1,3.6,3.2,0.144,0.193,0.033,0,936.0,0.41,5.5,17.7,7,0,0,46.97,52.18,275.8,26.25,141.08
CUST00475,30.6,32.4,10.9,13.0,30.5,668.99,22.39,17.2,14.7,0.0,28.6,4.5,0.376,0.333,0.157,0,759.0,0.288,207.2,99.4,12,3,3,31.01,131.8,89.01,110.9,306.28
CUST00476,50.2,76.7,46.8,47.8,9.0,793.56,86.05,3.1,1.8,4.0,6.9,4.4,0.333,0.227,0.124,1,1107.0,0.284,36.0,25.6,9,2,3,91.32,163.33,287.24,115.42,136.25
CUST00477,51.1,158.2,46.8,3.1,16.3,2426.75,146.9,5.5,5.8,5.0,16.9,1.8,0.085,0.12,0.02,0,4940.0,0.723,158.0,63.1,4,9,0,1005.65,479.35,291.91,248.49,401.34
CUST00478,27.9,38.2,13.2,15.6,18.4,1074.12,57.15,8.9,4.2,5.3,21.6,10.8,0.31,0.586,0.2,2,891.0,0.289,154.7,81.7,17,2,1,417.94,5.28,63.37,49.27,538.27
CUST00479,33.4,77.6,32.5,26.4,8.0,370.27,42.91,3.7,3.5,0.8,4.5,2.7,0.258,0.235,0.082,0,1898.0,0.547,25.0,22.0,1,2,0,81.39,163.77,50.74,22.79,51.58
CUST00480,22.0,43.5,11.8,6.6,21.5,457.47,24.44,10.2,6.1,5.2,28.7,7.3,0.316,0.52,0.153,2,1015.0,0.342,83.6,137.1,23,3,1,118.17,191.56,39.39,37.49,70.87
CUST00481,58.2,74.5,65.1,176.5,3.7,150.44,42.28,2.2,1.8,0.0,3.1,1.3,0.224,0.152,0.093,0,344.0,0.045,12.2,2.0,2,0,4,63.8,12.89,51.92,18.4,3.43
CUST00482,56.2,53.4,32.2,129.8,3.1,225.52,66.26,1.1,1.2,0.8,2.9,1.3,0.209,0.236,0.287,3,362.0,0.045,9.4,7.3,3,0,2,52.13,26.7,93.45,52.45,0.79
CUST00483,21.4,78.0,19.5,9.3,21.6,1284.7,57.03,12.8,7.8,0.9,40.4,2.4,0.268,0.281,0.191,0,1238.0,0.172,313.5,0.0,19,2,1,102.91,212.0,600.58,72.94,296.26
CUST00484,36.3,75.6,86.9,190.9,2.2,120.31,53.31,1.0,0.9,0.3,1.1,1.2,0.104,0.202,0.127,2,378.0,0.084,8.2,7.4,0,0,5,5.45,14.27,47.21,22.97,30.4
CUST00485,22.5,76.7,13.8,7.2,22.5,1216.62,55.91,7.6,7.6,7.4,26.7,4.4,0.208,0.451,0.166,1,790.0,0.287,215.5,96.1,13,4,0,189.0,271.92,381.7,31.11,342.89
CUST00486,46.4,69.2,40.8,28.6,9.4,849.91,91.57,5.4,2.1,2.0,9.0,4.9,0.238,0.241,0.104,2,2034.0,0.116,47.3,15.0,4,0,0,129.05,206.31,122.46,26.87,365.21
CUST00487,39.7,103.3,37.2,6.7,16.1,1920.4,140.01,4.8,7.4,3.9,9.3,1.5,0.106,0.064,0.033,0,3490.0,0.939,124.1,32.2,11,7,0,55.46,788.51,324.61,592.86,158.96
CUST00488,48.6,53.4,21.0,22.3,19.8,616.84,32.47,11.6,8.0,0.2,10.5,18.3,0.389,0.287,0.177,0,1303.0,0.397,43.9,54.6,12,3,1,62.59,23.0,390.13,18.24,122.89
CUST00489,32.4,97.4,37.4,49.7,12.4,875.74,77.34,5.2,4.9,2.3,6.6,6.2,0.269,0.174,0.063,2,1737.0,0.36,28.6,17.1,3,1,2,44.14,74.06,555.39,86.75,115.39
CUST00490,50.1,76.1,30.3,20.4,17.1,1527.49,80.43,8.7,7.2,1.3,10.6,2.9,0.27,0.209,0.127,3,1696.0,0.267,48.6,25.9,4,1,0,135.35,352.98,182.98,605.61,250.57
CUST00491,22.6,46.4,19.7,13.6,25.1,1954.41,82.28,9.9,8.3,6.9,23.4,5.0,0.299,0.276,0.148,1,1471.0,0.318,200.2,94.9,12,3,0,443.41,234.2,393.68,102.3,780.82
CUST00492,38.1,84.7,56.0,35.7,2.3,77.34,34.7,1.1,1.0,0.2,1.7,1.1,0.196,0.227,0.27,1,409.0,0.052,8.4,3.7,3,0,4,1.07,15.4,50.05,10.78,0.04
CUST00493,35.4,53.6,22.9,17.4,26.3,874.78,39.66,12.0,11.1,3.3,11.1,9.3,0.595,0.291,0.116,3,1716.0,0.339,70.3,52.8,11,2,0,32.59,119.91,701.49,0.82,19.98
CUST00494,44.6,47.4,22.0,13.3,13.6,525.23,39.38,4.5,6.4,2.8,15.8,13.6,0.809,0.401,0.049,1,1586.0,0.483,56.2,26.4,13,1,2,15.94,356.39,125.17,8.66,19.08
CUST00495,28.7,42.8,14.3,6.0,25.0,1849.55,78.27,11.3,9.4,4.3,40.6,6.0,0.352,0.639,0.207,1,1038.0,0.189,191.0,47.3,23,1,0,116.56,1128.6,104.45,187.84,312.11
CUST00496,33.7,64.7,44.8,8.4,25.7,1036.23,44.14,14.4,11.7,0.0,20.6,12.4,0.575,0.572,0.139,2,941.0,0.342,43.2,35.9,10,3,0,343.13,46.6,394.78,222.44,29.27
CUST00497,26.5,19.7,8.0,11.5,17.9,1092.02,53.87,7.7,7.4,2.9,29.5,9.8,0.079,0.453,0.203,0,623.0,0.212,167.7,98.9,22,5,1,386.89,364.39,103.43,32.79,204.52
CUST00498,58.6,77.9,43.8,11.4,31.5,6658.09,218.06,11.6,10.1,9.8,8.3,2.1,0.081,0.051,0.036,0,6065.0,0.489,170.2,32.7,7,6,1,1707.65,1286.64,1438.13,1237.5,988.17
CUST00499,35.4,29.8,31.8,26.6,14.9,1364.74,94.65,7.4,4.8,2.7,11.9,3.5,0.289,0.2,0.096,0,1732.0,0.381,34.5,13.8,2,0,2,285.24,464.5,163.39,368.52,83.1
CUST00500,41.7,59.2,28.5,39.1,13.2,991.34,89.97,4.9,6.2,2.1,8.7,4.3,0.245,0.14,0.085,0,1548.0,0.354,29.3,24.9,5,0,0,89.27,73.56,55.05,353.08,420.38
CUST00501,46.8,55.4,65.3,132.4,2.8,152.35,50.98,1.1,1.1,0.6,2.5,1.8,0.135,0.184,0.154,2,335.0,0.033,13.9,8.2,2,1,3,20.45,55.33,35.41,36.99,4.18
CUST00502,20.1,43.3,17.2,3.0,21.1,379.62,21.8,7.8,4.3,8.9,20.6,6.7,0.419,0.458,0.139,0,687.0,0.286,120.7,87.7,22,2,3,37.76,118.6,60.56,84.64,78.06
CUST00503,44.1,54.2,6.3,13.9,12.4,1006.84,73.49,4.6,4.9,2.9,14.4,12.4,0.528,0.458,0.085,0,1566.0,0.606,75.3,85.6,11,4,1,20.97,106.05,724.35,50.48,104.99
CUST00504,40.9,64.0,24.1,37.6,8.9,658.79,66.46,4.9,2.3,1.8,0.9,4.8,0.183,0.272,0.102,0,1873.0,0.361,43.4,15.3,4,1,2,104.58,111.07,141.68,181.22,120.25
CUST00505,41.0,48.5,24.0,93.4,3.8,274.72,67.06,2.3,1.0,0.5,2.4,0.9,0.246,0.217,0.308,6,352.0,0.077,6.6,4.7,1,0,2,11.7,37.74,109.39,111.75,4.13
CUST00506,52.6,108.5,34.8,3.0,46.2,7719.07,194.21,15.4,12.5,18.3,10.5,2.9,0.111,0.1,0.034,1,4048.0,0.626,92.6,34.5,5,6,1,2164.54,1664.95,232.17,2232.49,1424.91
CUST00507,41.4,60.5,17.8,38.9,19.5,1237.18,54.8,8.8,9.4,1.4,5.9,4.3,0.228,0.244,0.125,0,1744.0,0.301,24.6,19.6,5,2,1,179.6,448.04,485.27,18.08,106.19
CUST00508,50.6,94.7,21.3,64.8,8.1,330.1,40.06,4.8,2.5,0.9,14.2,0.9,0.253,0.223,0.063,0,1312.0,0.264,34.5,22.1,6,1,1,51.57,121.8,34.14,56.06,66.53
CUST00509,40.3,109.5,38.7,49.2,11.0,621.04,67.78,3.4,5.4,2.1,6.4,5.7,0.245,0.133,0.064,0,1583.0,0.242,36.4,18.4,9,1,1,149.57,130.55,74.49,217.11,49.32
CUST00510,54.4,58.7,73.3,28.6,4.4,183.98,45.06,1.7,1.4,1.3,2.6,0.9,0.242,0.246,0.175,2,419.0,0.035,5.7,4.4,0,0,4,38.88,3.83,118.46,20.36,2.45
CUST00511,46.6,61.4,45.9,90.6,3.8,119.65,32.4,1.4,1.1,1.3,2.7,0.9,0.25,0.104,0.279,2,246.0,0.019,13.9,6.1,0,0,4,4.37,19.42,57.97,32.44,5.45
CUST00512,20.4,45.1,18.1,16.0,14.3,478.97,30.61,6.8,4.3,3.2,11.5,3.8,0.351,0.668,0.13,0,678.0,0.277,5.1,140.8,16,6,2,141.43,133.49,31.91,2.46,169.69
CUST00513,28.5,84.8,41.1,42.6,14.4,802.55,58.73,7.8,6.5,0.1,10.7,2.3,0.168,0.256,0.039,0,1621.0,0.3,27.7,15.4,3,1,0,91.26,167.73,252.03,266.0,25.53
CUST00514,47.0,88.6,46.6,56.5,14.8,1148.43,80.0,7.1,4.6,3.1,5.7,3.4,0.229,0.277,0.05,0,2120.0,0.435,13.1,27.3,4,0,0,352.96,527.07,178.17,35.47,54.77
CUST00515,32.8,118.1,62.5,10.9,27.4,3666.6,133.06,10.2,6.3,10.9,13.5,1.5,0.077,0.079,0.03,0,4157.0,0.536,22.5,56.3,5,6,1,898.8,186.68,66.45,593.31,1921.35
CUST00516,33.6,101.2,47.5,11.4,17.4,3038.42,173.86,6.7,7.8,3.0,11.0,4.2,0.062,0.106,0.033,0,5808.0,0.415,50.6,42.8,5,5,0,909.37,255.07,13.51,1730.5,129.97
CUST00517,37.4,46.4,38.8,16.3,17.3,511.32,31.86,7.2,8.0,2.1,18.1,11.4,0.417,0.207,0.182,2,1297.0,0.268,63.4,33.3,6,3,2,57.2,204.2,185.64,20.53,43.75
CUST00518,35.8,71.2,25.1,36.0,9.5,675.44,65.12,3.1,4.0,2.4,10.3,6.1,0.313,0.177,0.059,1,1252.0,0.297,25.5,21.7,3,1,0,166.48,130.3,66.93,287.6,24.14
CUST00519,38.9,84.2,39.4,46.0,11.1,466.47,45.63,3.5,4.2,3.4,12.3,6.3,0.353,0.158,0.085,0,2249.0,0.419,45.1,18.2,6,0,1,21.61,150.94,43.77,136.65,113.51
CUST00520,47.1,97.3,43.1,6.2,46.8,10306.13,208.68,20.4,12.5,13.9,14.6,4.0,0.105,0.072,0.02,0,4448.0,0.4,66.4,27.9,9,2,3,3453.2,4021.71,430.9,1246.56,1153.75
CUST00521,18.0,55.5,10.7,18.2,14.8,696.58,43.28,7.6,4.9,2.4,29.3,8.2,0.472,0.703,0.115,0,775.0,0.279,349.5,65.1,12,1,1,89.78,272.61,59.27,11.77,263.15
CUST00522,35.1,64.9,21.4,8.1,29.6,709.69,24.82,17.4,12.7,0.0,11.8,7.1,0.71,0.337,0.097,1,2276.0,0.331,27.4,76.1,15,5,2,151.83,332.84,56.15,47.67,121.21
CUST00523,46.2,76.1,31.8,19.0,12.2,816.39,73.26,4.2,4.0,4.0,7.9,3.0,0.23,0.298,0.068,0,1273.0,0.313,25.1,15.0,5,1,1,106.82,126.19,283.86,179.3,120.21
CUST00524,39.9,69.2,47.9,38.0,17.7,574.77,45.29,7.2,7.0,3.6,6.7,2.7,0.138,0.235,0.128,0,1463.0,0.2,38.8,21.6,4,0,2,21.78,106.56,141.95,94.8,209.67
CUST00525,36.1,85.0,49.3,28.5,12.6,598.86,43.97,6.9,5.3,0.3,10.5,7.8,0.215,0.232,0.071,0,1656.0,0.405,38.8,16.2,5,1,1,71.12,136.49,130.3,116.96,143.99
CUST00526,25.1,37.8,17.0,7.7,7.6,322.91,46.1,4.1,2.2,1.4,34.0,6.4,0.424,0.833,0.166,1,1133.0,0.302,77.6,104.9,14,3,0,39.09,178.6,51.12,2.75,51.34
CUST00527,23.2,58.5,11.8,5.4,14.9,702.02,50.06,5.2,4.8,4.9,20.3,8.8,0.258,0.457,0.09,0,1339.0,0.34,250.6,35.1,18,2,1,242.71,307.54,33.24,24.07,94.46
CUST00528,32.8,45.8,38.6,12.8,18.9,855.49,44.98,10.0,5.0,3.8,15.9,12.2,0.579,0.359,0.131,1,1531.0,0.488,68.3,44.6,13,2,1,67.66,362.86,283.01,117.65,24.3
CUST00529,44.7,124.3,46.4,11.7,24.1,1638.43,76.45,13.1,5.5,5.4,11.5,2.2,0.139,0.052,0.039,0,6321.0,0.386,41.6,48.3,3,8,2,378.28,351.24,148.35,340.66,419.91
CUST00530,41.0,60.5,30.6,26.5,10.0,622.1,69.26,5.5,3.2,1.3,11.0,4.1,0.206,0.249,0.086,1,1607.0,0.457,34.5,33.5,6,1,2,213.39,28.27,56.1,225.21,99.13
CUST00531,40.2,82.7,29.6,15.8,10.7,796.09,75.53,4.2,3.7,2.8,5.8,3.6,0.239,0.119,0.096,0,851.0,0.344,45.8,22.0,2,0,1,80.18,158.02,183.38,205.87,168.64
CUST00532,26.2,40.0,50.5,35.0,14.7,809.84,55.57,5.6,4.8,4.2,6.7,7.9,0.269,0.318,0.076,1,1378.0,0.361,26.5,12.1,7,1,1,89.73,146.92,163.79,184.59,224.82
CUST00533,48.0,66.7,45.5,37.2,7.1,295.53,48.79,3.8,2.6,0.7,7.9,3.7,0.249,0.184,0.075,0,710.0,0.377,41.3,15.2,3,1,2,57.04,72.27,35.71,70.77,59.74
CUST00534,20.6,46.6,18.0,14.1,13.4,600.81,48.25,6.9,6.2,0.3,14.5,4.5,0.155,0.526,0.107,0,902.0,0.232,256.9,116.0,17,4,0,71.29,57.96,18.81,30.71,422.05
CUST00535,42.2,53.3,89.9,187.5,3.4,201.05,58.77,1.6,0.9,0.9,2.9,1.2,0.247,0.183,0.208,3,245.0,0.027,10.1,0.0,0,0,3,36.94,3.52,112.59,46.39,1.61
CUST00536,49.0,73.1,39.1,49.1,12.5,589.94,45.32,4.7,5.8,2.1,12.2,3.5,0.292,0.256,0.071,0,2937.0,0.388,18.6,13.9,4,1,1,200.35,22.41,102.06,117.72,147.4
CUST00537,34.1,55.1,38.1,29.8,7.8,440.73,55.46,4.0,3.1,0.7,8.2,4.7,0.271,0.136,0.074,0,1118.0,0.209,37.2,16.8,6,1,0,55.86,45.38,161.3,38.37,139.82
CUST00538,38.3,52.1,30.3,3.2,10.1,489.71,41.99,3.8,4.5,1.7,15.7,10.0,0.369,0.418,0.134,0,1451.0,0.252,58.2,43.9,20,3,1,29.45,7.72,272.0,76.15,104.39
CUST00539,27.1,42.5,18.2,9.5,24.8,891.06,38.81,9.3,5.3,10.1,17.6,2.4,0.216,0.464,0.118,0,1639.0,0.226,249.1,42.4,18,6,1,181.65,158.47,74.94,224.13,251.87
CUST00540,45.8,89.1,30.8,14.6,29.8,5660.56,185.82,16.2,6.6,7.0,13.7,3.1,0.118,0.053,0.014,0,3600.0,0.692,85.9,30.8,12,1,0,1732.2,702.12,710.12,1226.02,1290.09
CUST00541,39.8,78.0,22.5,35.4,10.5,463.98,48.28,4.4,5.0,1.2,10.6,1.3,0.286,0.203,0.108,0,1872.0,0.251,14.9,9.8,13,0,1,151.94,79.64,57.43,85.41,89.55
CUST00542,43.1,29.8,53.7,111.0,3.2,123.36,48.58,1.7,1.5,0.0,1.0,0.6,0.204,0.264,0.104,0,240.0,0.06,7.9,8.8,0,0,4,19.54,18.69,80.78,0.07,4.29
CUST00543,51.6,92.7,36.9,15.4,14.7,725.91,48.31,6.2,3.4,5.1,16.6,14.7,0.489,0.436,0.14,1,895.0,0.299,57.2,31.1,13,5,2,33.26,164.61,254.17,107.18,166.7
CUST00544,44.0,54.6,44.9,237.5,3.0,149.66,47.47,1.4,0.8,0.8,2.4,0.0,0.161,0.183,0.201,2,182.0,0.073,6.0,5.4,0,0,5,33.84,18.37,53.65,29.78,14.02
CUST00545,54.0,53.5,74.7,128.9,1.9,99.97,48.02,0.7,0.6,0.7,2.9,1.6,0.181,0.129,0.187,2,269.0,0.061,5.8,4.9,1,1,1,15.69,12.89,51.24,5.23,14.92
CUST00546,29.6,61.7,33.1,9.1,17.6,341.3,17.06,7.1,7.4,3.0,7.6,17.0,0.643,0.356,0.059,1,650.0,0.373,84.3,51.9,10,0,0,70.85,23.22,217.15,11.0,19.08
CUST00547,50.8,162.8,61.4,7.7,35.0,3951.28,108.82,18.1,15.6,1.3,6.2,2.9,0.132,0.09,0.023,1,3894.0,0.516,73.1,31.0,4,3,0,648.02,867.24,962.64,565.52,907.85
CUST00548,51.4,56.6,81.5,112.0,3.7,205.53,62.33,1.5,1.5,0.8,1.5,0.7,0.22,0.244,0.21,0,415.0,0.052,5.1,2.8,1,0,5,67.03,30.02,58.99,18.55,30.94
CUST00549,27.6,55.7,10.1,12.3,7.7,270.77,44.21,3.9,3.5,0.3,38.6,5.4,0.495,0.371,0.103,0,870.0,0.278,290.7,44.5,17,3,1,32.93,52.09,30.93,0.99,153.83
CUST00550,47.0,43.0,68.4,180.8,2.9,176.06,60.86,1.2,0.6,1.1,2.9,0.4,0.04,0.135,0.151,1,385.0,0.062,2.8,0.9,1,1,2,89.16,25.25,37.88,9.29,14.48
CUST00551,28.1,45.1,10.9,12.2,6.3,175.18,26.11,3.3,2.8,0.2,29.3,6.3,0.221,0.462,0.097,1,1258.0,0.226,162.0,79.5,11,3,0,19.73,69.96,5.57,0.77,79.16
CUST00552,44.2,81.6,42.2,21.4,18.1,572.45,29.57,8.7,7.4,1.9,2.7,2.7,0.209,0.169,0.082,0,1847.0,0.311,54.8,14.0,3,1,1,50.32,42.69,72.31,183.36,223.78
CUST00553,32.6,65.2,18.2,17.1,13.7,658.94,46.77,5.1,3.2,5.3,23.4,6.8,0.441,0.474,0.14,0,1214.0,0.186,274.5,103.2,10,3,0,361.68,103.43,15.31,25.5,153.01
CUST00554,25.5,50.9,14.3,14.6,23.7,1041.18,45.12,12.7,9.9,1.2,32.0,5.6,0.392,0.462,0.098,1,855.0,0.364,291.9,115.1,19,3,0,202.23,195.35,89.06,187.92,366.62
CUST00555,30.4,117.7,20.3,28.6,12.4,763.3,53.55,5.6,4.1,2.7,7.5,2.5,0.296,0.277,0.025,3,1406.0,0.152,35.2,37.9,7,4,0,55.9,36.69,39.24,124.85,506.62
CUST00556,22.9,50.2,22.3,12.3,19.0,509.72,27.89,7.6,6.2,5.2,20.7,4.1,0.185,0.568,0.144,1,763.0,0.25,218.9,56.2,20,3,1,59.59,280.68,18.1,13.7,137.66
CUST00557,41.8,80.6,45.8,8.7,11.1,1173.06,111.72,3.8,3.1,4.2,7.9,3.0,0.104,0.08,0.043,0,4978.0,0.23,59.0,19.8,6,6,1,281.1,352.75,145.88,66.68,326.65
CUST00558,39.6,102.9,45.0,10.5,16.8,1978.34,119.61,5.2,7.6,4.1,10.9,4.0,0.109,0.122,0.021,0,2855.0,0.69,76.6,19.0,7,7,0,742.46,294.74,499.65,262.02,179.47
CUST00559,43.1,71.3,65.5,228.8,3.0,71.55,22.73,1.2,0.8,1.0,3.5,1.3,0.153,0.32,0.18,2,461.0,0.043,10.9,4.1,2,0,2,30.52,3.01,21.39,12.37,4.25
CUST00560,35.1,86.6,16.3,182.9,2.8,143.09,45.85,1.0,0.7,1.1,1.8,0.8,0.221,0.279,0.226,2,299.0,0.04,11.9,9.7,2,0,3,3.36,13.72,98.34,8.5,19.17
CUST00561,47.9,77.2,52.2,91.7,4.0,170.76,41.89,1.5,1.6,1.0,1.9,1.0,0.292,0.178,0.175,6,375.0,0.048,7.0,4.6,1,0,3,10.32,3.1,129.93,6.18,21.23
CUST00562,42.8,39.5,31.4,6.7,6.6,299.59,44.07,2.1,2.2,2.3,16.2,6.6,0.751,0.511,0.102,0,971.0,0.301,30.0,58.7,17,1,1,55.96,71.66,143.49,13.76,14.72
CUST00563,49.8,130.2,48.4,10.0,34.0,1721.6,57.14,20.3,7.5,6.2,6.4,2.0,0.087,0.104,0.041,0,3831.0,0.621,85.0,49.6,4,2,1,520.16,614.69,99.57,270.45,216.72
CUST00564,32.3,76.2,48.6,12.0,45.1,4933.65,131.22,21.8,20.9,2.4,12.9,2.7,0.073,0.081,0.042,0,4012.0,0.506,66.9,13.2,6,2,0,651.73,820.99,32.71,725.12,2703.09
CUST00565,34.3,66.4,18.0,16.7,28.7,1210.31,42.43,8.9,11.7,8.1,20.9,10.0,0.617,0.416,0.131,0,1635.0,0.373,64.3,56.0,12,3,1,173.63,228.9,490.74,82.98,234.06
CUST00566,26.6,62.9,16.3,9.4,20.1,1031.7,50.64,7.7,7.9,4.4,12.4,5.4,0.374,0.177,0.096,0,815.0,0.343,216.0,47.1,22,2,1,138.86,148.28,345.89,55.43,343.23
CUST00567,34.9,54.0,33.8,3.2,21.4,848.41,41.99,11.3,4.7,5.4,11.7,11.5,0.557,0.351,0.125,1,1278.0,0.632,31.4,26.1,18,2,0,17.97,71.31,670.11,18.24,70.78
CUST00568,29.5,69.5,20.3,12.5,16.0,925.45,54.97,7.1,6.3,2.6,10.6,7.5,0.256,0.476,0.157,1,992.0,0.327,231.9,91.4,15,4,2,377.73,319.6,1.11,129.58,97.43
CUST00569,30.8,104.7,31.9,27.5,16.2,1511.17,85.17,9.2,6.5,0.5,6.4,3.5,0.212,0.21,0.086,4,2218.0,0.259,45.3,16.5,5,1,2,259.01,261.21,232.49,603.34,155.12
CUST00570,42.2,87.0,21.3,9.4,12.8,491.88,39.52,5.4,5.3,2.1,10.6,12.8,0.449,0.29,0.034,0,1634.0,0.363,80.3,11.1,9,3,2,3.92,57.02,416.6,1.08,13.27
CUST00571,30.1,36.0,15.1,6.2,6.5,485.02,67.94,2.6,1.9,2.1,29.0,5.6,0.186,0.418,0.198,0,537.0,0.287,188.4,31.9,17,1,2,191.32,126.87,93.05,9.31,64.47
CUST00572,44.9,65.9,49.5,26.9,4.2,238.19,55.29,1.7,1.4,1.1,1.9,0.9,0.298,0.201,0.103,3,208.0,0.041,1.8,4.0,1,0,1,13.65,78.98,110.5,22.19,12.86
CUST00573,34.3,33.7,27.6,22.0,28.5,1374.65,51.48,13.2,9.7,5.6,8.5,26.6,0.692,0.341,0.014,0,1816.0,0.413,93.4,53.3,13,1,1,74.14,185.5,1028.66,43.7,42.66
CUST00574,60.7,71.0,21.1,92.2,0.3,12.45,42.59,0.1,0.1,0.0,1.7,0.3,0.225,0.233,0.216,0,410.0,0.035,4.3,6.0,0,1,2,2.65,1.99,4.61,1.88,1.32
CUST00575,36.2,48.4,24.4,27.2,9.3,727.33,80.6,5.3,3.9,0.1,4.3,6.3,0.299,0.126,0.08,2,1994.0,0.277,29.4,7.5,6,2,0,190.05,312.13,63.8,27.87,133.48
CUST00576,41.6,64.3,41.1,18.0,12.7,644.85,49.84,3.9,5.0,3.7,8.2,3.6,0.286,0.179,0.082,0,1991.0,0.315,28.4,19.0,5,1,0,144.56,149.05,192.47,70.22,88.55
CUST00577,36.4,150.5,53.7,10.0,24.8,2385.46,88.09,13.3,8.0,3.5,11.1,4.6,0.094,0.126,0.03,0,4525.0,0.612,130.5,24.5,4,7,1,442.96,504.62,263.63,793.07,381.18
CUST00578,34.4,87.0,17.8,70.2,15.6,886.58,62.03,8.2,5.8,1.5,7.5,4.1,0.214,0.234,0.049,2,1401.0,0.332,21.2,23.6,2,0,1,204.26,139.62,116.36,347.18,79.17
CUST00579,27.1,49.8,10.0,12.0,21.8,1472.64,69.43,9.3,7.5,5.0,28.2,10.0,0.396,0.49,0.186,0,912.0,0.241,122.9,77.1,19,6,1,455.62,312.57,193.51,46.14,464.8
CUST00580,35.9,49.7,13.0,21.4,34.0,1397.11,38.34,17.9,8.2,7.9,6.8,13.2,0.124,0.318,0.143,1,1500.0,0.494,45.6,0.0,14,4,3,47.71,351.56,787.28,150.8,59.77
CUST00581,24.9,50.1,10.4,1.7,19.2,1150.75,67.67,10.3,8.2,0.7,37.9,2.7,0.397,0.184,0.198,1,861.0,0.322,36.8,41.1,20,4,1,525.06,284.89,38.65,110.62,191.53
CUST00582,49.2,52.4,25.3,38.6,6.7,434.39,66.54,3.7,3.3,0.0,3.4,4.8,0.208,0.262,0.075,1,1259.0,0.297,52.4,34.7,2,1,1,129.76,30.8,194.83,19.6,59.41
CUST00583,20.4,43.0,17.0,8.9,19.1,958.36,54.4,9.6,5.0,4.5,18.9,2.0,0.409,0.368,0.088,1,1207.0,0.141,217.1,103.8,10,3,1,248.16,287.01,55.98,7.84,359.37
CUST00584,36.9,58.6,42.9,22.0,26.1,471.26,21.68,11.2,10.2,4.8,15.2,18.9,0.634,0.223,0.096,1,1223.0,0.214,81.4,11.8,10,6,2,76.23,124.35,221.95,16.12,32.61
CUST00585,47.2,48.3,49.6,96.4,3.8,208.28,54.43,2.1,1.3,0.4,1.7,1.4,0.254,0.189,0.212,1,244.0,0.06,9.2,2.9,0,0,1,44.07,30.49,63.76,25.72,44.25
CUST00586,33.1,35.4,27.5,15.4,25.5,802.36,35.07,14.8,11.8,0.0,8.6,10.3,0.541,0.231,0.094,1,1677.0,0.557,83.4,53.3,7,1,3,224.09,145.56,167.59,231.77,33.35
CUST00587,36.3,112.3,20.0,8.7,29.2,3174.0,102.74,14.1,14.0,1.2,9.5,0.7,0.145,0.059,0.028,0,5543.0,0.385,45.3,57.3,4,7,0,400.26,926.25,154.93,1303.06,389.5
CUST00588,34.7,84.6,14.0,5.2,41.9,2828.25,64.59,18.7,17.5,5.7,14.3,1.1,0.141,0.087,0.026,0,537.0,0.461,42.6,30.7,6,3,3,975.61,954.52,129.75,450.94,317.42
CUST00589,44.5,120.6,44.1,10.6,47.4,11500.1,240.3,27.6,23.4,0.0,11.2,4.9,0.096,0.096,0.02,0,3808.0,0.427,117.0,72.4,11,4,0,1936.55,3795.64,1075.0,4373.12,319.79
CUST00590,56.4,138.0,49.7,13.2,17.8,1582.89,97.81,7.7,6.4,3.7,10.5,4.8,0.107,0.003,0.037,1,5609.0,0.562,61.8,41.0,7,5,1,250.91,438.31,97.18,325.92,470.57
CUST00591,43.6,122.7,62.2,8.6,7.7,1893.13,247.59,2.6,2.3,2.8,8.6,2.9,0.118,0.076,0.029,0,1046.0,0.596,54.4,54.9,2,3,0,646.58,399.38,427.7,225.63,193.84
CUST00592,46.0,52.7,78.8,130.2,2.6,148.07,58.81,1.2,0.5,0.9,2.9,0.8,0.258,0.215,0.206,4,227.0,0.066,11.4,5.6,4,1,2,4.68,4.76,51.29,4.1,83.25
CUST00593,29.4,73.9,29.5,23.7,31.8,834.33,26.25,18.9,7.0,5.9,4.9,11.8,0.719,0.439,0.122,1,1586.0,0.316,59.5,30.6,15,1,3,28.79,272.38,180.85,169.58,182.73
CUST00594,41.5,48.2,31.5,11.9,14.1,513.6,34.14,5.4,5.3,3.4,14.2,14.1,0.799,0.32,0.082,0,1856.0,0.357,86.5,33.5,14,2,2,18.02,222.28,217.07,24.12,32.1
CUST00595,34.0,41.0,32.6,47.5,6.1,445.16,66.79,1.9,1.8,2.4,8.0,1.4,0.279,0.167,0.082,1,1654.0,0.436,40.0,19.2,5,2,0,154.75,22.22,68.46,53.73,146.0
CUST00596,27.6,57.2,14.1,13.3,25.0,1695.02,69.11,9.9,11.2,3.9,23.5,5.7,0.208,0.513,0.151,0,1300.0,0.32,154.6,63.7,15,2,1,455.72,671.39,254.53,109.05,204.33
CUST00597,56.6,73.5,80.4,56.5,3.2,251.26,68.53,1.5,1.5,0.3,2.3,1.9,0.237,0.153,0.147,1,141.0,0.035,7.0,6.5,0,0,1,32.4,71.88,37.16,107.72,2.1
CUST00598,34.9,64.3,42.4,2.6,12.3,1707.62,135.0,7.2,4.6,0.4,6.8,3.4,0.069,0.128,0.02,0,3412.0,0.528,105.4,32.4,6,6,1,488.15,424.33,76.96,257.76,460.43
CUST00599,40.4,59.9,14.7,7.7,36.3,1555.6,38.75,13.3,17.9,5.1,23.0,11.4,0.719,0.144,0.098,1,1642.0,0.512,73.4,45.3,8,3,3,3.47,343.05,853.63,143.57,211.88
CUST00600,47.1,124.3,24.1,10.5,33.0,6887.25,215.65,11.7,10.1,11.1,6.5,2.2,0.139,0.112,0.028,0,3705.0,0.42,27.0,25.2,5,6,0,1505.88,1397.38,1007.06,1830.16,1146.75
CUST00601,38.9,77.5,40.8,8.4,34.7,5873.82,188.8,12.9,13.6,8.2,6.7,2.6,0.082,0.066,0.038,0,4866.0,0.66,98.4,9.7,5,3,0,559.77,1606.39,182.87,2580.33,944.46
CUST00602,42.0,48.7,47.7,18.2,15.8,352.27,22.43,4.9,6.2,4.7,16.2,15.8,0.46,0.389,0.157,0,649.0,0.676,72.9,14.5,16,1,0,16.42,33.68,202.74,57.08,42.34
CUST00603,40.4,124.4,19.9,4.6,26.5,4349.79,151.41,8.6,6.9,10.9,10.2,3.1,0.107,0.074,0.031,0,5619.0,0.593,79.2,66.3,6,0,0,946.62,1471.1,187.22,1274.27,470.58
CUST00604,37.4,161.5,69.8,10.1,28.9,3351.17,116.28,10.4,6.6,11.9,15.7,4.0,0.106,0.102,0.035,1,4851.0,0.692,95.8,31.4,4,2,0,996.89,924.98,362.86,642.04,424.41
CUST00605,48.8,143.9,50.6,7.4,39.6,6090.38,166.21,17.3,18.7,3.6,13.5,2.7,0.09,0.089,0.036,0,5821.0,0.365,99.7,30.4,5,10,0,2068.15,2099.68,15.4,898.04,1009.1
CUST00606,21.4,35.4,14.2,4.0,17.7,1158.85,64.31,6.9,3.9,6.9,18.9,8.1,0.254,0.414,0.234,1,899.0,0.155,110.9,75.6,15,3,1,158.38,220.05,446.66,159.26,174.49
CUST00607,51.0,74.9,35.0,19.6,36.3,1594.66,46.67,20.1,11.7,4.4,15.9,17.5,0.456,0.159,0.075,1,830.0,0.385,87.7,41.1,10,1,1,22.06,533.87,614.67,273.91,150.14
CUST00608,37.8,32.3,29.7,14.4,37.8,2766.07,68.69,14.4,12.4,11.0,10.7,17.8,0.319,0.408,0.076,0,837.0,0.385,18.6,65.6,12,3,2,712.07,101.66,1722.75,45.5,184.08
CUST00609,31.9,55.3,19.6,9.3,19.9,491.03,25.92,10.8,5.7,3.4,13.9,5.1,0.342,0.334,0.19,1,807.0,0.091,221.9,80.7,16,5,0,117.41,109.19,84.33,16.3,163.8
CUST00610,49.6,51.6,39.5,178.3,2.7,120.42,43.92,1.3,1.0,0.4,1.4,1.6,0.241,0.198,0.297,1,239.0,0.037,6.1,6.0,0,0,3,18.85,35.54,32.76,25.3,7.96
CUST00611,46.0,81.4,57.0,6.3,52.9,8209.14,171.06,24.2,11.7,17.0,13.1,4.9,0.1,0.065,0.028,1,2450.0,0.694,48.6,43.5,6,4,0,500.63,4042.17,398.52,1584.15,1683.66
CUST00612,37.2,56.0,81.6,75.6,3.1,149.94,57.03,1.5,1.0,0.5,1.5,1.1,0.227,0.229,0.247,2,303.0,0.034,4.1,2.4,2,0,2,3.23,1.45,40.47,96.11,8.68
CUST00613,34.4,66.7,74.3,112.9,1.0,59.07,62.27,0.3,0.4,0.3,1.2,1.0,0.168,0.177,0.285,1,300.0,0.046,8.8,6.0,1,0,3,10.83,18.01,28.09,2.03,0.11
CUST00614,52.1,104.7,42.1,3.8,33.2,8429.61,202.37,19.8,7.5,5.8,11.4,2.9,0.072,0.035,0.032,0,6465.0,0.833,78.1,49.7,3,2,0,2456.82,2494.64,692.57,2204.92,580.67
CUST00615,29.2,56.4,37.5,15.2,17.8,1431.65,84.4,7.8,5.3,4.7,5.8,4.3,0.141,0.192,0.082,1,1305.0,0.415,14.1,10.9,6,2,0,391.68,60.47,244.46,158.34,576.71
CUST00616,35.6,38.2,29.8,46.7,12.8,517.56,43.87,6.3,2.9,3.6,5.2,5.0,0.27,0.342,0.088,0,1211.0,0.244,18.3,12.8,6,2,0,107.02,43.16,82.48,72.05,212.85
CUST00617,43.3,135.2,70.8,13.4,41.5,5685.27,115.85,20.0,17.5,4.0,7.4,1.0,0.103,0.078,0.033,0,3099.0,0.488,40.8,35.1,6,7,0,1542.41,1842.77,938.65,910.44,450.99
CUST00618,38.8,65.7,33.9,15.8,23.5,1461.76,66.91,9.0,6.3,8.3,13.8,4.0,0.575,0.225,0.071,0,1536.0,0.406,73.3,38.9,13,2,0,42.41,164.71,483.85,747.14,23.65
CUST00619,40.0,54.9,15.1,42.6,8.4,265.55,29.76,2.8,4.2,1.5,7.3,4.7,0.281,0.134,0.102,0,1218.0,0.258,44.0,6.6,7,1,0,66.38,20.62,6.02,34.06,138.48
CUST00620,58.4,61.8,69.5,238.8,2.9,92.02,32.64,1.3,1.4,0.3,1.1,1.1,0.103,0.261,0.093,0,161.0,0.044,3.5,5.0,3,0,3,0.94,46.88,18.97,4.87,20.36
CUST00621,29.6,52.9,52.3,7.9,28.3,1145.06,36.95,14.8,7.6,6.0,7.8,12.6,0.475,0.232,0.13,0,2250.0,0.432,50.1,35.2,9,0,2,453.93,94.13,440.8,104.21,52.0
CUST00622,52.1,60.8,36.5,20.8,19.8,604.41,35.49,7.9,8.4,3.5,15.0,14.3,0.483,0.649,0.135,1,441.0,0.366,49.6,37.1,13,3,0,103.21,374.02,119.19,3.95,4.04
CUST00623,32.1,67.0,35.6,27.3,35.7,793.87,22.84,15.9,9.0,10.8,9.5,18.2,0.926,0.284,0.15,2,937.0,0.694,48.3,74.1,13,4,0,8.36,293.31,466.24,15.75,10.21
CUST00624,30.3,46.7,15.8,16.0,16.3,714.13,46.85,5.2,4.0,7.0,32.4,5.4,0.333,0.411,0.203,1,1276.0,0.243,276.0,73.5,11,4,0,180.21,198.24,4.25,49.51,281.91
CUST00625,43.6,65.8,82.1,133.6,3.1,246.16,65.65,1.8,1.3,0.0,3.1,1.4,0.235,0.17,0.218,1,218.0,0.056,9.4,1.1,2,0,1,59.58,14.9,112.9,28.73,30.05
CUST00626,39.0,39.3,17.0,4.3,32.6,1687.07,51.82,11.4,9.6,11.6,8.0,12.4,0.927,0.31,0.109,0,1073.0,0.409,65.2,17.2,16,3,2,34.04,496.13,706.12,221.82,228.95
CUST00627,21.9,69.9,19.3,7.1,13.9,570.27,47.33,5.0,5.1,3.8,16.7,8.4,0.345,0.464,0.046,2,961.0,0.195,99.0,73.0,12,3,1,93.0,235.18,31.99,15.73,194.37
CUST00628,55.9,33.1,54.9,110.9,2.7,113.94,40.97,1.4,1.1,0.1,2.8,1.2,0.18,0.222,0.263,2,387.0,0.052,10.4,5.3,0,0,3,2.06,51.14,34.54,5.94,20.26
CUST00629,40.1,120.9,51.5,12.0,8.2,1359.05,160.34,4.0,2.4,1.7,7.0,4.2,0.035,0.058,0.029,0,4474.0,0.781,47.0,45.8,4,3,1,299.23,455.78,183.54,104.25,316.25
CUST00630,37.6,68.4,19.4,3.9,28.3,605.5,25.65,14.0,9.4,4.9,19.0,8.3,0.326,0.218,0.103,0,1299.0,0.462,13.8,31.7,19,4,2,72.0,251.39,42.65,127.48,111.97
CUST00631,55.1,60.1,67.9,131.4,3.2,218.48,70.86,1.6,1.2,0.4,1.2,1.7,0.252,0.121,0.239,0,211.0,0.017,11.5,5.3,4,0,0,25.14,106.59,33.84,34.98,17.93
CUST00632,39.4,69.1,22.6,65.0,14.8,1620.56,103.13,6.0,7.1,1.7,10.1,4.0,0.367,0.311,0.049,0,1821.0,0.454,0.0,15.7,3,2,1,163.77,216.09,207.01,894.56,139.14
CUST00633,24.0,64.6,18.4,12.0,17.4,951.17,68.11,6.8,8.5,2.1,26.8,6.1,0.339,0.372,0.201,0,1028.0,0.376,289.3,82.6,10,0,3,461.47,367.7,11.4,13.51,97.1
CUST00634,20.4,62.3,12.9,10.9,14.7,665.61,44.83,7.3,4.5,2.8,13.1,5.8,0.478,0.732,0.115,0,1185.0,0.433,148.8,73.0,21,3,2,289.22,86.52,48.32,35.35,206.2
CUST00635,62.9,133.8,13.1,10.1,39.5,6372.09,162.35,15.9,10.6,13.0,9.4,2.7,0.088,0.083,0.025,0,3105.0,0.591,101.4,38.7,4,4,1,616.12,2340.29,1.26,2953.42,461.01
CUST00636,24.5,61.6,4.8,8.3,21.1,935.14,47.78,11.7,10.1,0.0,21.4,1.2,0.364,0.433,0.138,1,827.0,0.246,82.0,104.6,23,5,0,363.27,211.5,3.32,138.56,218.47
CUST00637,27.8,42.8,16.5,9.4,11.0,497.02,43.24,4.6,4.3,2.1,33.2,4.8,0.349,0.498,0.187,1,1494.0,0.276,163.2,118.2,17,0,1,207.06,137.3,47.53,17.6,87.53
CUST00638,36.4,75.0,18.9,11.8,5.5,300.55,53.67,1.9,1.2,2.4,11.7,5.5,0.41,0.393,0.08,0,1444.0,0.391,35.1,58.6,8,3,0,44.06,89.09,128.73,34.35,4.33
CUST00639,30.9,45.4,26.9,4.1,24.8,851.0,36.83,12.5,6.0,6.4,13.5,12.8,0.592,0.336,0.067,0,1347.0,0.188,34.7,66.2,7,0,1,272.85,173.94,328.58,56.6,19.04
CUST00640,29.6,40.7,30.0,18.5,33.6,752.72,20.43,13.8,15.9,3.9,14.6,11.5,0.79,0.246,0.097,1,1796.0,0.066,55.2,40.5,9,2,0,159.44,110.98,361.74,35.58,84.98
CUST00641,35.4,90.4,49.3,11.8,32.5,3965.48,103.75,12.3,10.0,10.2,9.0,1.9,0.033,0.077,0.016,0,4595.0,0.483,108.7,65.8,4,2,1,1376.9,503.14,1027.18,798.75,259.51
CUST00642,47.4,72.5,20.6,8.2,18.0,857.41,49.36,10.3,4.0,3.7,9.9,18.0,0.853,0.525,0.169,1,1845.0,0.546,104.5,42.7,15,1,1,10.0,158.51,318.24,327.57,43.09
CUST00643,36.9,51.7,31.1,5.9,15.6,621.81,45.48,9.1,7.5,0.0,20.1,15.6,0.598,0.665,0.165,2,1001.0,0.267,32.5,3.7,6,1,3,73.5,44.55,357.95,7.53,138.29
CUST00644,38.0,86.6,45.0,20.2,17.5,820.6,45.73,8.1,8.1,1.3,15.2,5.3,0.63,0.287,0.091,1,1533.0,0.274,10.6,69.2,15,2,0,99.46,141.27,381.59,165.42,32.86
CUST00645,37.9,119.4,58.6,12.5,17.6,2244.31,141.43,8.6,7.1,1.9,6.8,2.5,0.098,0.028,0.034,0,4666.0,0.687,55.7,24.1,3,8,0,323.29,576.79,313.69,93.44,937.1
CUST00646,40.0,63.9,10.8,52.0,13.1,881.77,63.75,5.1,6.0,2.1,8.2,6.6,0.362,0.309,0.102,1,1795.0,0.335,34.6,25.6,8,1,0,187.01,139.63,305.17,207.84,42.12
CUST00647,28.3,34.0,19.5,9.3,20.3,1270.05,70.84,6.8,4.7,8.8,32.7,2.6,0.177,0.715,0.2,0,990.0,0.259,131.3,89.7,16,1,1,312.24,183.48,366.76,89.73,317.83
CUST00648,46.8,54.7,67.6,94.5,2.3,88.37,39.09,1.1,1.0,0.2,3.2,0.4,0.294,0.388,0.286,1,383.0,0.055,2.6,6.2,1,0,3,24.8,5.08,7.38,34.92,16.2
CUST00649,55.0,85.5,69.3,141.6,2.2,97.79,41.11,0.8,0.6,0.7,0.9,1.4,0.183,0.24,0.199,2,300.0,0.041,5.9,7.7,1,0,3,7.71,35.96,24.33,26.62,3.17
CUST00650,29.1,45.1,17.2,5.6,12.8,964.06,75.22,4.8,4.7,3.3,15.8,6.2,0.449,0.692,0.155,1,846.0,0.284,197.2,132.0,21,5,1,249.02,225.57,54.08,305.19,130.2
CUST00651,39.8,121.5,52.7,11.6,32.4,8092.89,252.67,18.2,14.3,0.0,9.7,2.3,0.103,0.082,0.025,1,3089.0,0.488,131.1,54.0,10,4,1,957.31,2786.33,152.94,3644.26,552.06
CUST00652,29.4,76.9,18.2,13.3,14.9,814.72,44.03,7.9,5.4,1.7,24.6,5.7,0.326,0.523,0.091,1,722.0,0.251,253.8,33.3,17,6,1,176.48,424.25,25.41,124.31,64.28
CUST00653,24.1,42.3,19.4,6.1,19.1,496.13,30.26,9.6,5.4,4.1,29.2,5.2,0.333,0.163,0.193,0,613.0,0.281,167.7,63.2,16,3,1,71.11,174.87,54.39,4.69,191.07
CUST00654,43.1,42.2,43.3,125.5,2.2,77.77,35.72,0.9,0.7,0.6,1.7,1.1,0.175,0.18,0.173,3,173.0,0.06,9.0,3.8,0,0,5,0.14,21.31,24.0,25.63,6.69
CUST00655,23.5,53.3,17.7,15.9,15.0,850.35,58.42,7.2,7.1,0.7,17.9,3.7,0.466,0.581,0.117,1,1127.0,0.214,104.2,57.9,15,5,1,142.16,420.03,118.63,16.88,152.65
CUST00656,44.0,132.1,45.9,9.9,35.8,4833.76,136.63,16.9,16.3,2.6,10.5,4.4,0.09,0.062,0.03,0,5593.0,0.462,122.0,50.5,4,1,0,1251.8,1879.47,69.07,1356.62,276.81
CUST00657,31.6,53.9,19.9,19.7,12.2,602.0,44.76,5.9,4.7,1.6,12.4,10.2,0.743,0.342,0.088,0,2037.0,0.378,24.3,30.3,13,2,2,136.54,119.9,141.26,149.17,55.14
CUST00658,40.0,47.5,31.2,14.6,7.3,148.36,18.3,3.9,2.2,1.3,17.6,5.7,0.625,0.397,0.08,0,1433.0,0.434,39.8,38.9,12,2,3,50.82,28.12,47.49,21.24,0.68
CUST00659,62.0,69.6,47.3,145.5,2.6,126.0,50.34,0.9,0.6,1.1,1.5,1.1,0.203,0.264,0.175,2,244.0,0.028,11.4,3.8,2,0,2,28.24,2.72,50.35,13.36,31.33
CUST00660,31.1,54.9,15.8,4.8,22.0,1140.79,52.46,7.7,4.7,9.6,21.3,0.1,0.352,0.315,0.155,0,679.0,0.217,90.1,39.9,21,5,0,138.9,285.95,37.81,282.83,395.31
CUST00661,37.9,69.8,22.6,4.4,14.5,716.7,50.19,5.6,4.0,4.9,14.5,8.1,0.663,0.308,0.136,2,1087.0,0.313,54.1,39.7,8,7,1,46.5,278.94,197.53,11.52,182.22
CUST00662,31.0,100.3,30.3,27.7,13.2,1013.78,86.86,6.5,5.9,0.8,6.6,5.4,0.272,0.308,0.084,3,1714.0,0.371,48.2,23.4,5,1,0,110.46,94.05,367.34,186.76,255.16
CUST00663,46.0,69.1,91.7,141.6,4.4,170.36,38.69,1.3,1.0,2.1,1.2,1.4,0.193,0.221,0.181,1,353.0,0.036,7.9,6.3,2,0,2,10.78,19.45,127.88,6.07,6.18
CUST00664,33.2,40.6,30.1,21.5,17.3,397.82,22.34,6.5,3.9,6.9,13.7,17.3,0.561,0.359,0.106,0,1946.0,0.372,40.4,22.8,16,2,0,87.87,134.09,106.18,62.76,6.92
CUST00665,39.3,81.0,40.1,12.0,14.3,1883.45,117.09,4.5,5.1,4.8,11.7,3.2,0.081,0.059,0.02,0,4446.0,0.615,96.6,42.1,1,6,0,745.81,154.56,122.29,829.45,31.33
CUST00666,51.4,113.0,21.0,8.3,31.3,1855.42,49.65,16.7,12.6,2.0,11.1,3.8,0.065,0.086,0.03,0,5066.0,0.397,76.1,20.0,8,5,0,219.23,263.87,408.3,634.0,330.01
CUST00667,45.6,63.8,32.8,22.0,27.1,1119.26,40.39,13.0,10.1,4.0,16.6,10.2,0.511,0.252,0.096,2,1549.0,0.29,73.7,49.6,9,6,0,187.55,329.86,306.71,119.3,175.84
CUST00668,37.4,156.7,50.4,5.7,38.8,5319.44,166.52,22.6,16.3,0.0,8.2,3.3,0.035,0.052,0.032,0,6429.0,0.553,61.1,45.3,5,5,1,983.6,2111.31,445.07,1401.04,378.41
CUST00669,33.3,75.0,26.7,24.6,10.4,248.37,25.32,5.0,4.0,1.3,16.0,10.4,0.554,0.306,0.058,0,1410.0,0.322,73.9,7.0,19,0,0,12.82,54.95,163.21,7.66,9.74
CUST00670,30.3,63.5,33.6,23.8,22.1,386.81,17.96,12.8,8.7,0.6,7.2,7.2,0.763,0.312,0.148,1,1545.0,0.375,65.1,39.7,12,0,2,17.86,29.9,131.12,170.87,37.06
CUST00671,49.3,107.9,49.2,6.6,36.3,7165.2,179.48,19.4,8.3,8.6,13.3,3.1,0.079,0.064,0.045,1,6260.0,0.53,127.1,42.8,6,4,2,2772.98,1706.78,516.04,1344.77,824.62
CUST00672,49.6,97.6,35.4,16.9,11.4,519.29,36.57,4.9,4.7,1.8,8.8,5.3,0.222,0.148,0.087,1,2375.0,0.408,25.4,14.3,2,0,1,49.23,43.1,196.34,52.32,178.3
CUST00673,52.5,103.5,44.2,5.3,20.0,2898.83,175.61,7.5,7.7,4.9,9.7,2.6,0.1,0.088,0.013,0,2846.0,0.264,62.5,23.9,6,5,2,903.58,1241.84,173.29,507.74,72.37
CUST00674,28.5,50.3,15.8,16.0,13.8,460.66,31.32,4.5,2.9,6.4,29.7,7.8,0.192,0.247,0.162,0,896.0,0.382,223.5,122.1,21,2,1,197.48,55.6,6.08,97.49,104.01
CUST00675,18.0,63.3,14.1,6.6,15.7,473.6,32.02,5.5,6.3,3.9,24.6,2.3,0.169,0.304,0.248,0,366.0,0.299,205.5,57.0,21,0,1,64.12,93.5,46.14,77.65,192.19
CUST00676,37.9,101.2,39.9,48.7,13.9,949.03,61.07,7.9,3.4,2.6,3.9,6.5,0.306,0.229,0.062,1,1262.0,0.239,20.5,24.4,8,1,1,234.09,226.57,118.21,221.33,148.82
CUST00677,48.5,100.5,39.7,6.9,3.1,545.61,233.06,1.4,0.8,0.9,11.7,1.4,0.121,0.054,0.02,0,2568.0,0.245,121.8,51.2,9,6,1,170.72,163.59,0.9,131.47,78.92
CUST00678,39.7,70.3,31.6,15.2,22.4,936.64,45.75,10.8,9.7,1.9,16.1,8.8,0.516,0.358,0.089,0,2032.0,0.401,60.6,43.7,12,3,0,41.48,542.25,210.98,33.08,108.85
CUST00679,34.5,79.9,37.3,33.8,11.2,614.13,57.66,4.7,4.1,2.4,8.0,3.1,0.24,0.086,0.054,1,1323.0,0.307,35.9,28.3,1,1,0,216.63,154.09,57.46,139.73,46.22
CUST00680,35.9,84.4,42.6,47.8,10.0,493.17,54.05,4.3,3.5,2.2,3.1,5.2,0.301,0.189,0.095,0,1800.0,0.435,15.8,25.3,4,0,0,37.11,109.44,205.71,21.46,119.45
CUST00681,45.0,81.2,29.5,58.8,6.2,152.97,29.9,3.4,2.4,0.5,2.2,5.1,0.171,0.245,0.081,0,1680.0,0.237,42.5,20.4,5,1,1,14.9,38.39,25.61,69.17,4.9
CUST00682,39.7,41.0,17.9,16.2,25.5,963.87,38.45,8.7,9.3,7.5,23.0,14.8,0.807,0.408,0.096,1,585.0,0.207,81.8,29.4,13,3,1,25.89,93.94,434.09,161.7,248.26
CUST00683,62.9,67.0,41.2,9.8,30.6,5611.24,190.62,16.6,10.8,3.2,10.7,2.1,0.132,0.114,0.018,0,4065.0,0.557,108.7,31.3,10,4,2,2022.95,1022.06,200.77,1327.34,1038.12
CUST00684,59.3,96.8,72.2,70.9,2.6,156.44,56.58,1.2,1.1,0.3,2.7,1.0,0.178,0.139,0.289,0,295.0,0.03,13.1,4.9,1,0,0,9.88,28.08,97.25,18.17,3.05
CUST00685,38.5,92.2,35.7,52.4,13.2,955.55,69.99,6.5,3.8,2.9,9.7,3.4,0.337,0.215,0.067,0,852.0,0.237,84.1,25.2,2,1,0,106.79,219.05,99.66,139.2,390.85
CUST00686,25.5,60.9,17.6,16.4,13.9,658.91,52.9,5.6,5.4,2.9,14.0,6.5,0.23,0.516,0.105,1,718.0,0.211,121.5,145.7,18,3,0,236.51,217.05,136.9,31.79,36.66
CUST00687,24.5,27.3,16.1,4.2,16.7,1110.52,69.93,6.1,6.5,4.1,35.6,4.2,0.393,0.568,0.171,0,794.0,0.267,73.8,76.8,16,5,0,164.63,566.54,68.11,29.43,281.8
CUST00688,43.4,77.3,27.8,15.9,20.1,517.03,25.32,6.4,7.6,6.1,13.2,3.5,0.866,0.385,0.101,1,1567.0,0.342,35.3,28.6,10,0,0,103.97,88.4,180.53,28.54,115.58
CUST00689,51.1,64.9,77.0,201.0,3.7,177.27,53.08,2.1,1.3,0.2,1.3,0.7,0.245,0.26,0.156,4,310.0,0.024,7.0,5.7,0,0,2,7.63,37.77,111.25,4.44,16.18
CUST00690,41.3,80.8,36.9,14.6,26.8,1040.59,42.53,8.8,6.7,11.2,12.3,21.4,0.649,0.389,0.165,1,1397.0,0.333,26.6,52.8,12,1,0,2.44,150.86,677.63,27.88,181.8
CUST00691,38.5,63.1,28.5,10.9,18.0,550.3,30.56,6.6,3.7,7.8,14.0,10.9,0.609,0.153,0.084,1,1277.0,0.283,98.8,40.0,17,1,2,35.47,59.7,399.84,51.16,4.13
CUST00692,19.9,55.7,13.2,15.4,16.6,1100.85,65.95,6.5,6.3,3.7,24.7,8.1,0.298,0.727,0.13,0,1023.0,0.168,238.1,102.4,21,2,0,442.1,254.14,123.55,3.73,277.33
CUST00693,25.7,69.9,13.5,5.4,11.4,485.07,42.97,4.8,5.2,1.4,28.5,4.4,0.371,0.574,0.063,0,1357.0,0.16,150.6,84.2,22,5,2,40.33,231.0,44.05,12.4,157.29
CUST00694,34.7,60.2,15.3,7.3,18.9,708.06,47.2,10.6,4.8,3.5,17.9,12.0,0.703,0.275,0.142,1,426.0,0.359,16.2,52.1,20,3,3,47.81,32.84,340.41,99.54,187.46
CUST00695,56.8,110.6,46.2,9.2,36.7,5587.9,150.75,21.6,16.8,0.0,12.9,4.2,0.11,0.043,0.021,0,5567.0,0.724,63.5,14.3,4,2,0,483.88,359.59,2356.33,1057.39,1330.71
CUST00696,52.0,55.7,45.6,235.4,1.8,79.61,42.9,1.0,0.5,0.2,1.3,1.3,0.235,0.185,0.303,3,240.0,0.077,8.6,3.4,0,0,1,0.83,3.7,51.33,10.07,13.68
CUST00697,39.7,22.6,30.4,18.7,21.9,1106.18,50.94,8.2,9.5,4.2,15.9,8.4,0.764,0.2,0.104,1,1195.0,0.486,22.5,26.7,13,3,1,17.93,289.79,672.19,6.75,119.52
CUST00698,18.6,37.5,17.0,8.8,12.3,323.45,31.81,4.2,5.2,2.9,18.8,8.1,0.25,0.536,0.134,0,971.0,0.155,39.2,121.2,27,3,1,110.59,42.91,82.01,23.52,64.41
CUST00699,32.4,89.6,71.3,10.6,24.4,3891.25,163.6,11.8,5.1,7.5,7.6,3.6,0.131,0.102,0.025,0,4812.0,0.443,100.1,42.6,8,5,0,460.77,890.04,765.4,1712.98,62.06
CUST00700,19.7,83.3,16.5,13.8,15.5,864.39,67.52,5.1,4.0,6.4,34.1,4.0,0.252,0.518,0.164,0,923.0,0.207,108.5,68.5,21,4,0,233.05,262.92,77.09,31.94,259.39
CUST00701,21.9,66.6,20.9,5.9,10.2,620.74,55.66,5.8,5.0,0.0,15.1,6.5,0.247,0.545,0.114,1,1108.0,0.238,112.5,87.2,17,3,0,135.49,305.8,20.45,0.23,158.77
CUST00702,47.2,110.7,41.2,8.9,35.6,4648.22,136.96,12.5,13.3,9.8,8.8,0.2,0.119,0.078,0.031,0,5082.0,0.489,72.6,39.2,7,4,0,1590.07,925.51,1333.68,551.57,247.39
CUST00703,35.7,59.3,22.7,11.4,24.3,946.78,40.68,14.4,10.8,0.0,12.7,5.9,0.924,0.422,0.143,0,730.0,0.42,36.9,56.5,13,0,2,61.2,26.14,464.3,209.02,186.12
CUST00704,52.2,104.0,71.4,7.6,43.9,7698.76,169.54,24.5,10.1,9.3,9.6,4.2,0.103,0.058,0.021,0,4732.0,0.584,60.5,41.2,12,5,0,2514.58,2526.66,321.07,1151.52,1184.93
CUST00705,45.5,113.7,40.6,4.8,38.9,5995.98,138.32,12.0,16.9,10.0,8.8,2.2,0.113,0.078,0.019,0,6490.0,0.379,57.4,19.3,4,9,0,2215.87,1000.96,9.19,691.05,2078.91
CUST00706,37.4,71.5,25.4,53.5,6.3,330.79,55.27,2.4,2.2,1.7,9.7,4.1,0.315,0.187,0.083,2,1241.0,0.183,10.2,29.2,9,0,1,8.78,61.8,177.35,39.61,43.26
CUST00707,33.8,68.0,3.4,9.0,30.2,953.67,32.18,16.9,8.0,5.3,9.5,7.9,0.163,0.376,0.09,0,1345.0,0.309,45.4,20.4,9,1,2,131.32,254.93,179.38,386.39,1.65
CUST00708,46.0,59.0,37.9,21.8,12.9,681.1,61.51,5.6,4.8,2.5,6.8,7.5,0.265,0.245,0.019,1,2002.0,0.228,49.5,15.7,2,0,1,97.5,197.4,213.18,135.57,37.44
CUST00709,49.0,54.9,35.9,5.5,32.0,1071.64,36.83,13.3,14.3,4.4,6.2,23.3,0.831,0.328,0.098,2,1126.0,0.504,41.0,0.0,18,2,0,170.41,495.49,258.72,56.71,90.31
CUST00710,51.5,87.3,40.0,129.4,2.8,135.95,54.81,1.3,0.6,1.0,2.6,1.5,0.238,0.215,0.14,1,363.0,0.073,12.8,6.2,0,0,2,1.61,26.84,72.78,3.33,31.37
CUST00711,63.4,89.4,108.0,95.3,3.4,157.3,49.28,1.6,0.8,1.0,1.5,1.1,0.172,0.134,0.172,3,277.0,0.077,12.5,5.2,1,0,2,3.7,4.83,72.95,17.11,58.7
CUST00712,31.2,71.5,10.6,13.9,13.8,650.39,52.73,7.2,3.9,2.8,10.2,5.9,0.275,0.492,0.212,1,499.0,0.273,259.5,114.5,18,4,0,180.49,218.21,45.22,92.87,113.6
CUST00713,33.1,59.5,12.4,5.9,11.4,560.89,53.53,5.4,2.7,3.3,18.3,5.9,0.155,0.486,0.189,2,850.0,0.278,187.4,30.2,18,1,1,82.29,260.97,144.98,2.41,70.24
CUST00714,34.9,60.0,16.5,9.6,7.6,335.45,41.35,4.5,2.9,0.2,27.7,4.0,0.352,0.696,0.047,2,1227.0,0.353,206.3,3.2,20,7,1,118.91,51.32,24.98,97.49,42.75
CUST00715,33.0,43.1,29.1,12.3,16.0,417.02,27.93,8.5,6.0,1.4,8.2,16.0,0.87,0.262,0.093,0,1619.0,0.451,56.6,25.0,12,1,0,21.46,78.31,161.7,115.1,40.45
CUST00716,34.7,40.3,33.4,61.0,13.0,1641.63,121.81,4.1,5.3,3.6,8.7,0.6,0.282,0.192,0.078,1,1422.0,0.315,29.3,26.3,4,0,1,311.16,438.74,59.88,549.33,282.51
CUST00717,46.6,75.6,42.1,29.8,10.9,864.06,90.64,6.5,4.5,0.0,7.8,2.6,0.377,0.344,0.085,0,1836.0,0.249,27.6,8.3,2,1,1,167.94,45.92,510.22,66.31,73.65
CUST00718,36.5,94.4,31.7,14.7,19.9,763.64,40.79,8.0,5.7,6.2,11.7,4.7,0.215,0.146,0.08,1,1692.0,0.287,34.5,11.6,5,1,2,54.08,185.26,177.72,242.73,103.84
CUST00719,49.0,117.4,46.1,6.0,32.9,3817.57,135.96,15.6,8.3,9.1,3.7,3.9,0.102,0.071,0.048,0,4426.0,0.534,123.9,38.5,5,3,2,1626.6,663.37,56.3,395.6,1075.7
CUST00720,58.3,58.3,68.3,96.3,3.3,296.08,80.06,1.8,0.8,0.7,1.6,0.5,0.243,0.193,0.307,2,303.0,0.062,10.6,4.7,1,0,5,49.26,25.98,117.44,67.35,36.05
CUST00721,36.7,96.7,30.7,18.5,9.2,320.37,38.17,3.0,3.6,2.6,5.5,1.0,0.363,0.213,0.06,0,1235.0,0.299,21.6,35.5,3,0,0,65.44,118.54,28.46,76.42,31.51
CUST00722,27.2,55.4,37.1,19.0,14.2,684.8,54.49,8.1,6.2,0.0,19.4,10.9,0.689,0.421,0.134,0,1729.0,0.306,65.1,27.6,15,1,5,192.48,272.2,94.07,71.24,54.82
CUST00723,56.9,57.6,50.0,10.3,30.5,4986.26,161.45,16.4,7.6,6.5,6.2,5.8,0.081,0.025,0.022,0,2376.0,0.453,51.3,27.3,6,4,0,1418.67,1484.97,374.23,724.29,984.1
CUST00724,36.3,65.4,18.1,127.8,3.2,62.88,18.39,1.0,1.3,0.8,1.5,1.1,0.247,0.217,0.363,2,460.0,0.039,5.6,5.9,3,0,4,6.03,5.41,26.62,24.14,0.68
CUST00725,26.3,60.6,10.2,12.4,20.6,1136.63,60.44,7.5,8.2,4.8,20.6,6.8,0.236,0.501,0.191,0,384.0,0.349,86.5,46.9,26,2,2,674.8,101.97,146.39,55.12,158.35
CUST00726,52.5,72.9,52.0,30.1,18.1,1086.87,60.66,5.9,8.1,4.1,5.5,6.3,0.213,0.314,0.065,0,1381.0,0.289,37.1,24.2,11,2,2,271.54,242.26,160.78,349.87,62.43
CUST00727,43.6,111.2,61.1,10.4,37.1,6700.83,178.8,21.5,17.5,0.0,9.9,3.5,0.144,0.086,0.042,0,2727.0,0.417,186.7,41.0,5,6,0,2510.64,1231.09,39.45,640.52,2279.13
CUST00728,50.4,40.6,67.7,129.2,2.6,68.81,27.18,0.9,1.0,0.7,2.1,0.5,0.265,0.194,0.25,3,236.0,0.029,11.5,4.7,0,0,1,16.2,22.27,8.31,2.26,19.77
CUST00729,34.8,74.1,40.0,15.7,23.8,547.23,26.61,13.6,5.3,4.8,12.2,13.5,0.857,0.447,0.127,1,1900.0,0.305,89.8,39.8,9,2,1,51.23,258.02,147.48,48.72,41.77
CUST00730,44.3,74.4,31.2,6.7,6.6,628.36,84.06,2.8,2.9,0.9,13.3,5.7,0.118,0.076,0.034,0,2796.0,0.418,73.6,22.7,6,6,0,90.36,172.98,155.52,168.16,41.34
CUST00731,46.3,146.8,51.8,9.0,36.0,3542.34,83.95,18.8,10.3,6.9,6.3,4.1,0.122,0.092,0.047,0,3972.0,0.611,42.7,31.4,5,8,0,827.51,2131.02,50.32,360.42,173.08
CUST00732,52.8,105.2,27.6,15.6,12.3,728.69,53.03,6.1,2.8,3.4,5.8,4.9,0.259,0.253,0.082,0,1795.0,0.261,39.4,24.8,7,0,0,60.2,258.86,162.82,129.08,117.73
CUST00733,64.3,68.2,50.8,182.5,2.8,52.88,18.03,1.3,1.0,0.4,1.4,0.9,0.165,0.235,0.167,2,274.0,0.068,10.0,3.3,0,0,4,9.16,8.04,15.24,18.77,1.67
CUST00734,22.2,68.6,11.0,1.4,15.3,700.81,45.23,8.0,7.3,0.0,21.9,7.4,0.338,0.45,0.087,3,1005.0,0.305,205.1,78.1,17,2,1,236.93,135.59,160.4,45.13,122.76
CUST00735,44.3,60.9,26.6,8.6,26.3,479.75,20.12,15.7,9.7,0.9,14.9,9.2,0.541,0.356,0.122,2,921.0,0.663,102.9,58.2,15,1,2,3.92,213.57,137.65,23.82,100.78
CUST00736,42.2,76.8,25.3,57.4,4.5,275.14,70.85,2.4,2.0,0.0,6.6,4.3,0.261,0.161,0.076,0,1615.0,0.305,41.7,21.6,1,2,2,75.76,40.65,88.64,34.65,35.45
CUST00737,27.3,65.4,33.3,17.6,24.1,775.25,29.31,9.5,10.9,3.7,18.9,9.6,0.754,0.319,0.139,0,1258.0,0.519,31.7,19.0,11,1,5,7.55,195.7,376.33,85.04,110.62
CUST00738,34.2,81.0,32.5,45.5,12.0,692.85,59.49,4.2,5.5,2.3,14.5,6.5,0.287,0.205,0.093,1,1239.0,0.461,38.4,36.1,4,3,1,92.47,155.25,86.9,74.69,283.54
CUST00739,18.0,43.8,12.3,16.6,6.8,435.17,67.63,2.8,3.2,0.7,20.4,3.3,0.271,0.465,0.142,1,360.0,0.137,101.5,70.5,12,2,0,48.56,165.44,70.16,15.52,135.5
CUST00740,39.4,85.9,24.8,9.1,20.9,534.62,28.18,8.4,5.6,6.9,15.3,18.6,0.703,0.384,0.144,0,2117.0,0.292,105.9,59.2,13,3,1,48.59,227.72,216.16,31.41,10.73
CUST00741,28.0,22.6,22.6,15.0,7.1,414.46,60.03,2.7,2.5,1.9,26.4,7.1,0.228,0.461,0.057,0,1131.0,0.271,247.5,151.8,19,1,2,197.55,106.32,59.21,10.68,40.71
CUST00742,38.8,53.1,31.7,29.3,24.5,962.0,39.59,8.1,8.9,7.5,7.4,14.5,0.419,0.299,0.122,1,1208.0,0.465,62.9,31.0,8,2,2,74.99,316.86,450.22,30.54,89.39
CUST00743,52.9,51.4,48.3,30.5,4.3,222.08,54.2,2.1,1.5,0.6,1.6,1.4,0.173,0.226,0.126,4,261.0,0.039,10.4,2.7,1,0,3,68.52,9.97,54.59,32.87,56.14
CUST00744,18.0,40.5,6.3,7.1,19.1,1129.46,58.22,10.9,6.8,1.4,15.9,8.7,0.298,0.316,0.16,0,1101.0,0.311,214.8,70.1,18,4,1,421.1,224.01,14.64,189.92,279.79
CUST00745,42.0,57.6,12.7,23.3,25.4,803.06,32.78,12.9,9.4,3.0,8.0,13.7,0.633,0.355,0.163,0,913.0,0.508,64.5,74.0,10,0,1,372.96,158.83,193.82,58.41,19.04
CUST00746,42.0,53.7,25.9,27.1,13.9,534.63,47.03,5.5,3.7,4.7,11.0,3.3,0.379,0.161,0.077,0,1385.0,0.367,17.8,26.3,3,0,1,32.57,172.34,155.4,60.69,113.64
CUST00747,35.3,58.3,29.2,25.6,11.3,361.21,35.86,5.5,3.2,2.6,11.6,9.4,0.775,0.406,0.194,0,1041.0,0.611,73.6,52.6,12,2,1,23.38,120.89,207.05,3.48,6.41
CUST00748,20.2,74.7,12.0,11.4,17.4,472.96,32.88,5.4,4.0,8.0,25.0,4.9,0.292,0.594,0.16,0,606.0,0.223,201.1,58.5,24,2,0,52.69,239.63,70.19,17.17,93.28
CUST00749,41.2,49.7,36.5,25.2,7.8,834.17,87.96,4.4,1.7,1.7,10.6,2.3,0.382,0.106,0.073,0,1626.0,0.31,25.4,11.9,6,1,2,169.04,129.31,109.56,140.15,286.11
CUST00750,58.9,83.1,57.3,168.5,3.5,121.02,35.76,1.9,0.8,0.8,2.5,0.8,0.259,0.278,0.269,5,146.0,0.053,3.6,3.1,1,0,4,18.02,16.68,44.37,12.37,29.58
CUST00751,36.8,151.5,36.4,4.0,26.6,5201.82,210.21,11.0,11.9,3.8,7.9,2.4,0.113,0.083,0.029,0,3572.0,0.366,91.7,31.6,5,6,0,889.39,1218.28,570.22,1349.26,1174.67
CUST00752,46.1,99.2,34.2,27.6,15.0,1134.08,71.97,5.3,3.4,6.2,10.2,2.5,0.314,0.209,0.107,2,1610.0,0.27,39.9,11.6,6,1,0,149.45,153.41,249.18,313.14,268.9
CUST00753,54.6,63.7,61.9,187.3,3.6,263.01,72.89,1.2,1.6,0.8,2.5,1.0,0.219,0.161,0.238,2,369.0,0.05,12.7,5.1,0,0,5,22.85,7.51,99.98,36.99,95.69
CUST00754,46.0,40.7,23.1,22.0,22.1,452.41,23.61,12.3,5.7,4.1,10.0,14.0,0.741,0.304,0.164,1,1602.0,0.448,63.3,50.5,12,1,1,171.71,42.0,149.55,68.19,20.97
CUST00755,61.0,141.8,53.4,7.8,25.1,3067.46,102.1,14.7,8.2,2.3,6.4,2.0,0.094,0.064,0.012,0,3651.0,0.471,156.8,18.2,1,7,0,1220.25,295.03,70.84,770.9,710.44
CUST00756,49.3,37.2,54.8,236.0,2.8,97.85,33.02,1.4,0.8,0.6,1.5,1.0,0.124,0.207,0.153,0,434.0,0.058,7.5,0.9,3,0,2,9.38,4.05,70.62,9.95,3.85
CUST00757,56.4,76.3,31.0,120.1,4.1,193.1,45.58,1.6,0.9,1.7,2.8,1.4,0.174,0.192,0.254,1,385.0,0.054,12.4,7.1,1,0,3,5.39,39.19,114.11,14.92,19.49
CUST00758,18.7,55.9,7.8,6.5,16.1,225.48,14.59,9.6,3.6,2.9,14.8,2.4,0.228,0.306,0.171,2,752.0,0.303,149.8,57.1,16,3,0,6.9,73.77,28.93,10.85,105.02
CUST00759,41.4,76.3,31.7,15.1,16.0,952.73,61.79,7.6,4.5,3.9,9.6,2.1,0.336,0.217,0.099,0,992.0,0.387,16.9,15.8,9,0,2,332.05,107.5,204.21,127.26,181.71
CUST00760,38.2,63.2,54.5,103.8,5.3,202.88,40.41,2.8,2.6,0.0,3.2,1.4,0.173,0.246,0.186,0,216.0,0.014,14.6,3.1,0,0,2,21.3,11.39,139.27,4.91,26.01
CUST00761,45.3,66.6,49.8,0.0,16.7,4245.77,221.57,7.2,5.1,4.4,11.7,3.4,0.091,0.063,0.027,0,5837.0,0.49,111.1,15.4,3,1,0,1507.54,1162.82,151.83,896.33,527.25
CUST00762,37.1,64.1,37.3,5.8,20.1,486.14,27.17,10.7,4.9,4.5,6.3,4.8,0.726,0.239,0.078,1,1500.0,0.267,15.4,49.8,11,3,1,45.21,7.25,378.39,34.35,20.94
CUST00763,46.8,88.6,34.3,20.5,14.0,532.82,34.98,4.7,2.9,6.4,15.6,14.0,0.499,0.472,0.161,2,654.0,0.403,71.8,44.7,14,1,2,49.28,42.96,342.19,24.02,74.37
CUST00764,46.3,55.6,66.4,183.3,1.4,75.3,47.92,0.6,0.5,0.3,0.7,1.0,0.127,0.284,0.179,1,206.0,0.033,12.8,8.6,5,0,5,5.33,16.18,30.8,19.2,3.79
CUST00765,50.8,148.4,68.0,6.1,19.6,2411.87,141.47,7.9,8.6,3.1,10.8,2.0,0.048,0.114,0.032,0,4237.0,0.345,54.6,29.0,10,4,1,408.16,255.71,225.55,995.82,526.63
CUST00766,22.8,34.1,10.6,7.7,12.8,693.13,59.84,5.9,6.2,0.7,34.9,8.5,0.384,0.413,0.117,0,1221.0,0.189,209.4,85.1,19,4,0,68.39,243.3,247.92,74.75,58.77
CUST00767,57.3,30.4,37.1,121.2,3.0,155.33,47.16,1.0,1.2,0.8,2.3,1.3,0.117,0.288,0.21,3,351.0,0.038,6.9,4.3,2,0,3,13.83,9.24,65.22,39.47,27.56
CUST00768,33.2,72.0,25.3,0.0,17.6,555.62,37.1,5.7,6.2,5.7,7.2,3.9,0.281,0.169,0.068,0,1466.0,0.271,33.6,16.7,4,3,0,55.2,39.73,231.06,166.02,63.61
CUST00769,36.5,33.5,21.7,24.1,35.4,2490.32,67.56,18.0,8.3,9.2,8.7,21.5,0.598,0.549,0.116,0,1132.0,0.481,77.1,40.1,13,0,0,154.85,275.34,1870.15,116.33,73.65
CUST00770,50.6,69.1,40.4,64.5,12.5,1291.98,101.84,5.2,5.5,1.7,9.3,4.5,0.311,0.126,0.073,0,1294.0,0.169,49.5,16.4,5,1,1,23.42,436.28,286.79,512.94,32.55
CUST00771,45.0,62.2,55.2,4.9,42.1,3456.32,81.67,16.3,21.0,4.8,2.2,0.4,0.075,0.063,0.043,1,3721.0,0.65,63.9,23.9,11,7,1,1544.99,602.05,84.82,460.86,763.61
CUST00772,33.0,74.0,45.5,18.6,17.8,1921.12,101.12,7.2,6.5,4.1,8.0,3.7,0.293,0.183,0.066,0,1898.0,0.188,19.1,16.8,5,0,0,482.53,557.51,350.23,480.38,50.47
CUST00773,52.2,153.4,62.4,8.0,25.9,5372.58,220.37,13.0,10.3,2.6,10.9,2.9,0.116,0.067,0.029,0,2650.0,0.455,171.6,55.6,9,8,1,1764.19,1703.88,207.28,423.54,1273.69
CUST00774,46.8,37.4,12.2,19.4,33.0,1096.71,35.11,17.3,11.5,4.3,22.4,12.9,0.581,0.281,0.149,0,1101.0,0.641,50.1,53.4,11,4,2,38.16,444.32,454.39,28.09,131.76
CUST00775,39.2,53.4,20.2,173.9,2.3,63.79,32.17,1.0,0.8,0.5,1.7,0.4,0.173,0.206,0.153,4,319.0,0.085,4.7,2.6,1,0,4,10.91,7.45,38.59,0.86,5.98
CUST00776,28.4,144.7,47.3,3.5,32.7,3724.64,107.77,11.2,9.1,12.5,13.1,4.2,0.095,0.063,0.03,0,4949.0,0.527,87.3,47.4,3,5,0,538.59,1910.69,463.39,363.54,448.42
CUST00777,25.9,41.9,35.0,20.9,27.7,1061.84,41.9,13.2,6.0,8.5,15.0,18.4,0.622,0.525,0.151,1,1656.0,0.381,56.1,15.0,16,3,0,35.83,152.61,574.19,234.76,64.45
CUST00778,54.8,53.6,59.5,164.9,5.0,158.92,29.02,2.6,1.9,0.6,2.6,0.7,0.154,0.214,0.224,2,348.0,0.051,8.1,2.6,0,0,2,20.37,27.71,91.26,15.63,3.96
CUST00779,54.0,74.0,95.8,305.9,4.3,236.62,51.75,2.4,1.2,0.7,2.3,1.9,0.208,0.325,0.142,1,240.0,0.039,4.2,3.1,2,0,3,61.68,53.08,48.98,14.53,58.36
CUST00780,52.1,43.2,74.6,117.3,2.7,99.05,38.97,1.3,1.0,0.4,3.0,1.7,0.228,0.114,0.189,2,494.0,0.041,5.3,8.1,2,1,4,22.93,13.31,43.39,6.22,13.2
CUST00781,49.6,58.6,48.2,167.9,1.8,102.24,54.0,0.6,0.8,0.4,2.8,0.6,0.11,0.374,0.228,1,305.0,0.047,4.1,6.1,0,0,4,0.85,57.14,35.17,6.37,2.7
CUST00782,32.4,55.5,7.7,13.2,16.7,880.23,58.2,6.0,3.7,7.0,28.6,8.0,0.311,0.381,0.13,1,960.0,0.214,92.3,97.2,18,4,1,270.86,155.99,64.65,182.43,206.3
CUST00783,34.1,39.6,31.2,15.2,18.2,722.84,36.16,8.3,6.6,3.3,17.3,17.3,0.419,0.404,0.078,0,1343.0,0.358,47.4,51.4,12,0,1,68.62,138.3,260.09,170.2,85.64
CUST00784,38.0,43.0,29.0,19.7,21.9,1178.06,52.3,9.1,5.8,7.0,17.8,18.0,0.924,0.353,0.149,2,1279.0,0.377,58.6,46.2,13,3,1,24.35,145.06,801.45,189.95,17.25
CUST00785,37.4,39.0,27.1,0.2,23.3,931.49,43.58,11.2,6.5,5.6,11.3,6.5,0.218,0.317,0.128,1,1626.0,0.342,97.4,59.8,12,2,0,14.48,194.84,281.07,201.56,239.54
CUST00786,41.9,73.1,20.7,44.0,4.5,342.92,65.43,2.1,1.7,0.6,9.9,4.5,0.183,0.149,0.069,1,993.0,0.21,33.0,2.6,9,0,0,30.8,87.8,25.67,64.76,133.9
CUST00787,28.6,46.5,14.9,20.5,3.4,191.01,52.87,1.7,0.9,0.8,16.4,3.4,0.24,0.392,0.19,0,1050.0,0.26,152.8,144.6,18,5,1,60.99,60.36,7.99,4.06,57.62
CUST00788,31.6,45.2,19.5,5.3,14.8,747.36,53.56,7.8,4.8,2.2,18.6,4.8,0.252,0.509,0.146,0,845.0,0.282,63.9,32.5,19,3,1,261.93,173.76,111.47,2.05,198.14
CUST00789,22.5,59.8,13.8,9.6,5.5,378.22,80.31,3.0,2.4,0.0,19.6,4.1,0.359,0.545,0.228,0,818.0,0.233,119.3,73.0,15,4,1,103.26,76.7,25.59,57.85,114.83
CUST00790,35.3,62.3,27.2,31.0,6.9,346.11,46.86,2.5,3.3,1.1,8.5,3.8,0.25,0.197,0.075,2,1851.0,0.174,22.5,13.1,2,0,1,109.6,147.73,35.96,16.73,36.09
CUST00791,31.8,159.9,46.4,10.9,27.4,3502.33,166.41,10.3,10.0,7.2,8.7,4.0,0.102,0.06,0.022,0,2284.0,0.442,160.8,55.6,5,6,0,1201.57,258.99,192.53,1762.42,86.82
CUST00792,33.9,63.8,15.2,8.5,13.3,396.14,29.15,5.1,3.7,4.4,24.2,4.9,0.356,0.569,0.135,1,783.0,0.252,206.5,97.2,16,2,0,79.69,70.32,31.48,44.32,170.34
CUST00793,31.1,45.1,10.1,9.7,16.9,1341.27,74.56,9.5,4.8,2.6,26.3,5.7,0.301,0.254,0.15,0,717.0,0.385,260.8,100.0,16,4,0,675.11,164.97,186.25,43.68,271.27
CUST00794,48.4,78.1,42.8,161.5,2.2,126.85,56.65,0.8,0.8,0.7,2.6,2.0,0.102,0.146,0.264,3,344.0,0.065,9.2,2.1,1,0,4,40.23,8.77,60.27,11.8,5.78
CUST00795,48.7,65.8,35.3,4.1,35.7,7613.44,217.77,14.6,8.0,13.2,11.9,3.6,0.147,0.072,0.031,0,6088.0,0.661,48.7,17.0,10,5,3,1475.41,2588.47,645.84,1615.3,1288.41
CUST00796,39.8,102.4,30.0,57.9,11.1,625.77,55.47,3.7,2.7,4.7,8.1,4.0,0.206,0.118,0.093,1,1584.0,0.164,39.5,20.6,6,0,0,66.8,168.87,91.35,141.58,157.17
CUST00797,39.3,57.2,28.2,36.8,9.5,329.66,33.82,3.6,4.0,1.8,9.5,5.2,0.309,0.131,0.089,0,1260.0,0.189,38.8,18.4,2,4,0,72.79,27.26,50.31,127.96,51.35
CUST00798,35.7,83.6,10.7,14.9,15.5,1303.93,81.46,8.9,7.3,0.0,25.9,0.0,0.221,0.453,0.159,0,654.0,0.308,234.2,91.5,27,5,0,665.57,157.4,204.56,28.96,247.44
CUST00799,53.4,59.6,52.1,74.2,1.9,93.48,50.52,0.9,0.5,0.5,2.3,1.0,0.211,0.201,0.209,1,477.0,0.024,8.3,1.1,0,0,5,13.56,13.48,31.61,8.13,26.69
CUST00800,51.5,94.4,28.8,38.5,13.2,711.76,62.53,6.2,3.3,3.8,5.4,1.8,0.287,0.31,0.114,0,937.0,0.243,34.7,3.3,4,0,1,158.62,162.77,149.05,171.8,69.51
CUST00801,60.0,63.8,61.8,148.3,6.2,259.56,38.91,2.6,2.9,0.6,2.4,0.7,0.253,0.318,0.209,2,275.0,0.048,9.2,3.9,1,0,4,44.09,0.88,120.73,55.04,38.81
CUST00802,36.1,96.3,49.1,3.3,23.8,3972.51,148.82,14.0,6.7,3.2,8.9,1.5,0.094,0.066,0.035,0,4532.0,0.0,34.5,36.3,8,3,0,1060.99,981.01,347.54,1422.78,160.19
CUST00803,24.4,74.0,22.1,10.9,19.0,1454.96,72.5,8.9,6.4,3.7,28.8,4.7,0.148,0.494,0.139,0,722.0,0.159,207.3,138.8,28,3,0,78.47,102.27,45.16,371.66,857.4
CUST00804,51.1,68.5,75.7,138.8,2.4,137.17,52.99,0.8,1.2,0.5,2.3,1.3,0.206,0.14,0.162,1,424.0,0.032,3.7,6.6,2,0,2,28.38,19.93,36.45,27.67,24.74
CUST00805,29.6,71.7,10.2,13.6,11.7,1006.72,82.54,6.0,4.3,1.4,29.4,4.6,0.252,0.664,0.166,1,1239.0,0.266,152.1,108.1,12,3,0,263.01,388.69,25.52,98.39,231.11
CUST00806,49.7,79.8,91.6,114.9,2.3,94.27,44.39,0.8,0.9,0.6,1.5,0.7,0.249,0.269,0.132,1,183.0,0.069,7.8,5.8,1,1,3,43.03,3.06,35.7,7.52,4.96
CUST00807,46.6,47.0,20.3,11.2,11.2,608.47,55.66,3.9,4.2,3.1,7.0,2.4,0.335,0.158,0.059,1,1539.0,0.454,55.3,18.2,4,0,0,86.39,186.79,116.05,97.13,122.1
CUST00808,48.7,79.6,22.1,30.1,6.0,357.96,58.82,2.8,1.7,1.6,7.1,3.3,0.106,0.202,0.037,1,1624.0,0.378,49.7,7.1,4,0,0,105.72,80.91,37.34,31.15,102.84
CUST00809,19.4,35.5,13.8,8.2,10.6,554.41,48.53,5.0,4.5,1.2,28.1,8.4,0.279,0.384,0.154,0,888.0,0.23,201.9,75.6,21,3,1,241.02,223.94,39.83,35.91,13.69
CUST00810,31.9,87.8,35.3,5.6,21.4,4042.45,178.77,11.8,8.3,1.3,5.8,1.7,0.131,0.056,0.039,1,1962.0,0.517,107.5,5.9,5,6,0,1935.87,809.65,70.81,262.51,963.6
CUST00811,32.5,45.7,21.1,43.4,10.4,380.27,38.33,5.1,2.5,2.9,3.8,3.2,0.298,0.041,0.083,1,494.0,0.269,38.6,25.9,1,3,1,112.81,7.89,81.29,59.83,118.45
CUST00812,35.8,61.7,37.6,2.8,11.6,539.04,45.58,6.1,5.6,0.0,9.0,1.3,0.233,0.193,0.051,0,1054.0,0.144,43.9,19.9,4,1,0,60.2,208.42,29.37,136.12,104.92
CUST00813,55.3,87.4,64.7,10.1,29.4,3403.89,112.84,13.6,14.6,1.2,8.2,4.3,0.061,0.088,0.036,0,4892.0,0.494,139.1,40.6,4,6,1,962.84,1017.79,397.33,768.3,257.64
CUST00814,42.9,78.5,13.1,39.7,22.3,1372.63,56.11,9.4,5.1,7.8,10.1,1.4,0.287,0.112,0.091,2,2501.0,0.21,24.7,16.5,4,1,1,568.8,124.51,196.72,174.5,308.09
CUST00815,29.1,47.8,30.6,27.1,6.3,523.84,76.7,2.4,2.2,1.7,5.3,3.7,0.145,0.277,0.054,1,2204.0,0.272,32.6,34.8,7,0,0,67.39,145.52,173.43,35.44,102.06
CUST00816,30.7,47.3,10.2,12.9,14.0,515.43,42.3,5.2,3.1,5.7,28.4,4.8,0.119,0.288,0.139,1,845.0,0.232,152.4,34.8,20,4,1,76.63,234.86,71.55,9.92,122.46
CUST00817,22.4,37.9,18.3,10.5,19.8,225.88,11.14,9.5,7.2,3.1,20.5,2.7,0.294,0.483,0.118,1,631.0,0.297,201.1,91.2,17,2,1,76.89,28.51,21.03,52.0,47.45
CUST00818,32.9,41.5,36.3,17.7,17.8,728.45,39.14,10.2,4.4,3.2,15.0,16.6,0.551,0.405,0.121,0,1202.0,0.483,66.9,28.1,12,2,1,249.8,127.91,289.0,46.78,14.97
CUST00819,43.0,133.3,48.9,7.3,31.4,4052.69,144.93,18.2,6.3,6.9,12.4,2.3,0.09,0.044,0.037,1,4357.0,0.686,64.6,35.2,6,8,1,1112.68,472.53,157.48,1595.13,714.87
CUST00820,38.0,80.2,31.6,20.2,15.4,296.31,16.43,7.7,3.2,4.6,14.0,15.4,0.778,0.315,0.128,1,2069.0,0.161,87.0,15.6,7,0,1,2.47,82.99,183.9,24.01,2.94
CUST00821,44.7,72.7,30.6,21.0,12.7,906.12,77.74,4.6,4.9,3.2,13.5,6.4,0.28,0.217,0.092,1,2363.0,0.337,30.9,39.2,6,1,1,236.73,147.08,193.89,55.95,272.48
CUST00822,39.6,97.8,43.5,6.0,21.2,2589.49,107.11,9.7,6.7,4.9,12.4,4.5,0.143,0.066,0.04,0,3468.0,0.248,107.8,16.6,9,3,0,458.11,963.03,219.99,495.03,453.33
CUST00823,40.2,50.2,32.2,16.0,27.0,1299.66,44.04,8.9,12.0,6.1,15.1,15.7,0.65,0.46,0.186,3,1234.0,0.326,55.3,68.6,15,1,2,83.95,548.17,570.29,57.51,39.74
CUST00824,24.1,69.6,49.2,7.5,31.6,1812.51,53.22,9.6,14.8,7.1,11.0,12.6,0.758,0.405,0.111,0,1192.0,0.356,53.1,29.5,13,3,4,181.63,153.38,1089.21,184.64,203.65
CUST00825,33.4,56.4,15.4,5.9,21.3,1226.89,53.79,12.0,8.0,1.3,25.3,6.7,0.292,0.279,0.083,1,1357.0,0.158,151.0,34.7,22,0,0,373.48,159.99,203.28,29.51,460.63
CUST00826,52.8,60.0,31.1,42.5,11.3,861.5,82.2,5.6,2.4,3.3,4.8,2.8,0.225,0.129,0.048,0,986.0,0.406,27.3,33.4,3,0,3,40.55,368.67,133.55,249.31,69.42
CUST00827,36.0,35.0,37.2,17.1,30.4,1150.96,34.04,12.0,14.9,3.5,14.2,14.6,1.0,0.299,0.164,0,1581.0,0.372,41.2,60.1,10,5,3,170.47,140.0,574.08,56.39,210.03
CUST00828,24.7,56.0,28.5,11.4,22.3,810.13,33.15,6.9,8.3,7.1,16.6,13.0,0.911,0.397,0.115,0,1584.0,0.415,61.1,45.1,16,1,0,63.52,179.84,458.38,69.75,38.65
CUST00829,60.5,42.8,80.8,46.4,4.9,157.03,31.56,2.5,2.0,0.3,0.9,0.5,0.214,0.244,0.263,1,238.0,0.041,9.2,6.1,2,0,4,31.2,29.48,42.77,33.47,20.1
CUST00830,18.0,63.8,12.9,8.6,11.7,868.56,69.84,6.3,5.8,0.0,15.0,6.4,0.364,0.474,0.2,0,1232.0,0.245,190.6,90.1,19,1,1,364.21,161.64,0.11,227.78,114.82
CUST00831,37.3,55.9,38.4,19.1,17.7,455.06,30.96,5.4,5.2,7.2,11.9,4.3,1.0,0.26,0.16,0,2164.0,0.384,73.4,44.5,15,2,2,47.15,19.95,154.74,155.03,78.19
CUST00832,26.4,40.3,12.4,0.7,11.8,421.23,36.86,5.1,5.5,1.1,5.1,6.5,0.345,0.381,0.08,0,900.0,0.133,206.2,37.2,11,4,0,157.94,126.26,20.66,58.87,57.5
CUST00833,38.8,113.3,60.3,11.4,30.3,4919.54,152.97,17.7,14.4,0.0,11.6,1.5,0.062,0.029,0.037,1,4709.0,0.385,85.7,28.6,14,5,2,1661.75,1977.77,191.0,1006.53,82.48
CUST00834,29.6,103.3,24.6,8.8,36.5,3841.67,109.8,19.9,17.9,0.0,9.5,4.5,0.058,0.069,0.044,0,4606.0,0.396,163.1,36.6,5,2,0,1068.11,765.97,125.09,1465.09,417.41
CUST00835,32.4,58.6,15.5,1.4,19.3,1737.57,81.21,6.2,6.3,6.9,33.9,2.0,0.237,0.293,0.169,0,1185.0,0.389,202.2,98.3,18,4,0,791.37,207.46,114.33,248.75,375.66
CUST00836,29.5,34.4,18.9,10.3,5.4,256.56,56.4,3.0,2.0,0.3,20.0,5.4,0.342,0.521,0.133,1,670.0,0.312,165.5,83.0,20,4,0,46.99,102.58,15.53,6.46,85.0
CUST00837,47.0,55.4,29.6,39.6,7.4,181.66,25.42,3.3,3.2,0.8,4.0,5.1,0.163,0.204,0.032,0,1618.0,0.367,27.4,13.7,1,1,1,18.55,64.64,46.36,14.84,37.28
CUST00838,46.4,69.3,48.3,19.2,36.4,2043.09,59.05,13.2,16.4,6.8,6.8,23.4,0.785,0.392,0.157,2,1409.0,0.346,76.6,50.4,15,3,1,297.09,624.23,635.14,264.79,221.85
CUST00839,19.5,47.4,15.3,12.0,15.4,512.82,33.73,8.8,3.5,3.1,15.7,9.4,0.287,0.296,0.103,2,1346.0,0.209,215.0,76.4,17,3,0,94.85,238.76,33.95,47.01,98.25
CUST00840,48.9,60.1,64.6,90.8,4.9,261.75,47.52,2.0,2.3,0.6,0.8,0.7,0.136,0.09,0.244,0,359.0,0.048,14.0,4.2,0,0,2,42.63,30.07,57.2,64.91,66.95
CUST00841,45.1,64.1,34.9,6.9,18.6,1112.87,65.85,6.7,7.6,4.2,9.3,4.9,0.08,0.075,0.03,0,7127.0,0.622,146.9,50.8,3,5,0,249.71,355.39,131.31,90.17,286.29
CUST00842,45.5,76.5,85.7,162.5,4.3,214.67,47.48,1.8,1.0,1.6,1.6,0.9,0.226,0.246,0.323,0,362.0,0.058,8.3,6.8,2,0,2,0.67,17.19,167.6,10.15,19.06
CUST00843,44.4,102.0,45.3,6.9,21.0,2602.47,115.78,6.7,8.0,6.2,8.0,3.2,0.077,0.082,0.015,0,6712.0,0.505,53.4,27.5,6,4,2,416.42,542.19,413.8,517.78,712.29
CUST00844,40.0,38.2,38.3,41.8,8.4,487.09,55.39,3.1,3.8,1.4,10.6,1.2,0.334,0.09,0.139,0,1175.0,0.297,22.5,24.1,7,1,0,109.05,79.96,88.43,27.93,181.72
CUST00845,34.2,157.4,46.1,5.0,22.1,1844.71,78.67,10.7,9.1,2.3,12.5,3.4,0.079,0.038,0.028,0,2611.0,0.455,142.0,28.0,7,4,1,117.42,476.43,177.79,287.31,785.76
CUST00846,30.7,61.7,12.7,8.3,22.1,1438.82,58.83,12.5,10.2,0.0,4.1,6.2,0.158,0.447,0.182,0,659.0,0.383,155.6,30.1,27,1,0,679.32,171.18,106.6,10.45,471.28
CUST00847,27.6,98.5,50.2,13.9,26.7,4970.57,189.57,10.3,12.9,3.6,11.5,3.1,0.144,0.095,0.031,1,5345.0,0.355,166.7,37.4,7,4,0,1293.5,1627.56,438.22,1194.56,416.73
CUST00848,49.5,71.3,31.7,4.9,6.3,365.37,58.89,3.0,1.8,1.5,9.4,4.7,0.263,0.237,0.106,0,1531.0,0.379,52.7,23.4,8,0,1,40.96,11.4,60.96,86.74,165.3
CUST00849,26.8,32.3,11.4,8.9,11.2,790.35,59.1,6.7,2.3,2.2,38.3,6.6,0.37,0.352,0.216,1,1034.0,0.193,165.0,46.4,16,4,0,152.11,182.08,109.99,47.44,298.72
CUST00850,32.2,62.1,12.0,3.5,22.7,2108.53,83.51,7.9,11.0,3.8,32.6,7.3,0.395,0.415,0.068,1,1105.0,0.279,78.9,10.4,11,6,0,402.67,124.21,696.64,272.15,612.85
CUST00851,47.8,103.5,30.4,11.4,33.9,3889.35,156.11,17.9,14.7,1.3,9.9,2.7,0.081,0.09,0.039,0,2123.0,0.612,73.1,49.2,8,7,1,1578.08,107.91,165.06,1246.56,791.74
CUST00852,54.6,57.3,37.7,63.6,3.4,202.18,58.39,1.5,0.8,1.1,2.0,0.9,0.23,0.206,0.235,1,304.0,0.053,8.0,0.0,0,0,3,2.87,109.69,78.32,3.82,7.49
CUST00853,36.7,80.6,25.1,12.2,9.2,341.63,35.77,3.2,3.1,2.8,11.6,9.2,0.711,0.328,0.124,1,1162.0,0.372,101.4,52.8,10,1,0,95.03,70.94,75.86,31.74,68.06
CUST00854,39.7,91.6,29.0,38.6,12.3,925.57,66.57,5.3,2.5,4.5,10.3,1.9,0.411,0.18,0.056,0,1810.0,0.141,20.3,22.6,6,3,1,211.19,120.54,107.15,234.87,251.82
CUST00855,39.9,37.8,41.6,6.9,31.9,1298.38,34.32,15.9,10.2,5.9,5.4,20.6,0.449,0.429,0.067,1,1485.0,0.569,73.4,40.5,13,1,3,30.42,648.84,400.96,113.54,104.62
CUST00856,43.5,51.8,32.8,15.7,14.8,422.55,27.44,6.2,6.1,2.5,15.0,14.8,0.804,0.416,0.147,1,1280.0,0.653,62.5,47.2,6,2,2,28.81,139.63,182.72,66.64,4.74
CUST00857,52.2,68.2,50.4,1.3,25.5,4926.29,175.24,9.0,12.4,4.1,8.2,2.4,0.093,0.054,0.031,0,3542.0,0.71,117.6,50.3,4,2,0,620.53,383.27,130.38,3060.95,731.18
CUST00858,27.1,43.7,11.8,9.4,11.9,599.0,48.45,5.1,4.1,2.7,16.3,11.9,0.368,0.357,0.181,0,655.0,0.204,172.6,84.0,21,4,2,239.06,208.16,5.0,9.25,137.53
CUST00859,22.8,53.1,17.5,9.8,21.7,454.46,21.24,11.8,7.3,2.7,6.7,6.4,0.364,0.379,0.132,0,1003.0,0.241,153.9,54.5,12,5,1,153.8,134.92,46.72,24.93,94.09
CUST00860,30.0,116.6,43.7,12.3,30.0,4069.39,123.88,14.4,12.2,3.4,8.9,2.4,0.112,0.094,0.055,0,5157.0,0.426,116.4,35.6,6,5,0,1355.92,1456.21,497.99,502.03,257.24
CUST00861,57.0,66.2,58.4,147.5,2.1,84.43,40.81,1.0,0.5,0.7,2.5,1.6,0.186,0.321,0.143,2,397.0,0.036,8.4,4.2,1,0,4,5.58,7.83,44.5,0.61,25.9
CUST00862,26.0,44.9,8.6,11.7,16.2,293.36,15.64,8.8,4.1,3.3,28.6,6.2,0.341,0.504,0.198,0,1250.0,0.349,236.8,72.9,14,5,1,100.4,82.32,36.73,36.66,37.26
CUST00863,29.2,28.3,13.1,5.4,10.4,444.73,48.36,5.5,4.3,0.6,14.4,5.9,0.5,0.558,0.119,1,1124.0,0.265,217.4,168.7,16,2,1,29.09,106.79,76.31,12.62,219.92
CUST00864,30.1,74.0,19.9,18.9,19.2,1107.45,63.37,7.7,6.6,5.0,19.9,1.2,0.397,0.502,0.059,0,849.0,0.17,274.9,135.0,15,1,0,90.91,335.88,164.98,314.85,200.84
CUST00865,35.3,58.5,15.0,3.2,24.2,1433.82,57.36,13.7,7.1,3.5,28.5,6.3,0.301,0.247,0.082,1,1020.0,0.202,122.4,82.3,22,6,1,494.77,345.48,133.39,364.55,95.63
CUST00866,25.0,45.5,9.8,5.3,4.6,253.74,46.28,1.6,1.3,1.6,29.9,4.6,0.347,0.461,0.147,0,1353.0,0.322,115.1,90.2,23,1,0,92.53,51.47,31.83,14.15,63.76
CUST00867,45.6,18.2,36.2,3.1,34.1,4546.35,149.13,18.4,16.5,0.0,11.1,1.3,0.069,0.063,0.035,0,4600.0,0.583,90.1,36.4,5,6,1,1473.23,1570.65,70.99,747.35,684.13
CUST00868,19.8,48.9,16.3,16.3,17.4,730.01,34.56,9.0,5.1,3.3,9.0,14.7,0.693,0.523,0.163,0,1365.0,0.22,72.9,36.4,11,1,2,163.58,263.75,271.7,29.67,1.32
CUST00869,25.6,64.1,48.9,37.1,11.4,952.33,80.57,3.7,4.3,3.4,5.8,4.0,0.165,0.256,0.068,2,1556.0,0.237,57.1,33.3,3,1,0,119.87,251.74,252.26,187.16,141.3
CUST00870,49.8,77.3,33.3,37.6,9.9,458.42,52.68,3.2,3.5,3.3,8.4,5.7,0.261,0.288,0.075,2,1006.0,0.294,35.6,5.3,3,0,0,100.94,123.3,37.4,72.14,124.63
CUST00871,37.4,78.4,22.9,16.3,26.9,794.96,30.2,13.0,10.4,3.6,13.3,20.1,1.0,0.0,0.125,2,1658.0,0.354,61.2,33.4,11,2,2,5.98,253.64,403.84,99.75,31.75
CUST00872,46.1,53.3,35.7,9.7,29.1,1106.36,38.12,11.5,7.8,9.8,16.3,22.6,0.753,0.342,0.138,0,1541.0,0.536,69.6,36.9,19,3,1,12.27,228.19,472.41,342.02,51.47
CUST00873,32.7,34.2,51.2,133.2,2.2,113.15,48.91,0.8,0.6,0.8,2.7,1.5,0.121,0.261,0.162,1,242.0,0.037,10.2,2.5,2,0,1,4.73,6.1,66.5,15.23,20.59
CUST00874,32.4,33.7,11.4,13.9,24.9,1376.17,58.77,8.9,6.9,9.1,39.4,5.8,0.192,0.833,0.214,1,723.0,0.286,128.3,67.5,14,6,0,525.34,240.62,165.2,20.78,424.24
CUST00875,58.8,104.3,54.2,7.3,27.1,4634.7,168.77,14.6,10.7,1.8,8.2,3.4,0.095,0.104,0.02,0,4213.0,0.458,147.6,34.0,9,4,1,258.05,520.56,308.21,2315.23,1232.66
CUST00876,42.4,115.0,50.2,13.9,36.1,4109.96,109.88,14.7,15.1,6.3,12.8,1.6,0.115,0.063,0.04,0,3817.0,0.595,141.7,22.5,10,5,2,851.35,314.58,393.38,2390.41,160.24
CUST00877,60.2,55.3,66.2,144.1,2.9,210.31,66.35,1.1,1.1,0.8,1.2,0.9,0.305,0.114,0.253,2,451.0,0.071,2.7,7.4,2,0,1,38.43,0.94,129.95,15.29,25.7
CUST00878,58.8,63.0,56.3,115.9,3.7,107.28,28.8,1.6,1.1,1.1,1.9,1.0,0.201,0.232,0.311,4,373.0,0.054,8.7,5.3,1,1,2,3.28,7.79,31.22,45.59,19.4
CUST00879,35.1,161.1,38.7,9.9,15.0,3210.86,238.92,4.7,6.0,4.4,10.7,2.4,0.099,0.064,0.03,0,5597.0,0.496,118.9,56.9,6,3,1,232.1,1430.0,232.13,388.18,928.45
CUST00880,43.7,53.8,35.0,20.7,23.9,1047.15,43.39,13.3,8.4,2.2,17.9,12.7,0.589,0.167,0.087,1,1229.0,0.495,41.2,6.4,16,0,3,65.66,152.21,410.36,305.36,113.57
CUST00881,30.7,68.8,12.0,20.0,25.0,747.38,35.06,14.4,11.2,0.0,10.1,18.4,0.895,0.242,0.161,2,1123.0,0.494,46.4,29.4,17,4,1,212.23,148.15,236.84,123.96,26.21
CUST00882,61.6,55.1,52.7,97.0,1.6,154.78,74.55,0.6,0.7,0.3,2.1,0.9,0.304,0.147,0.249,2,191.0,0.06,10.2,4.1,1,1,1,8.49,14.91,79.76,40.59,11.02
CUST00883,45.5,91.6,74.1,10.0,20.0,1867.71,118.35,9.6,7.6,2.9,8.5,5.3,0.118,0.076,0.031,0,4886.0,0.326,88.6,15.8,6,7,0,451.79,275.99,71.54,688.19,380.19
CUST00884,19.1,144.2,61.3,2.1,37.1,7487.28,191.04,19.7,9.1,8.3,4.5,3.8,0.13,0.072,0.038,0,3121.0,0.455,113.4,34.8,9,6,0,2070.84,1508.11,31.16,2363.93,1513.23
CUST00885,51.2,62.6,50.7,15.7,2.5,131.81,63.34,1.2,0.6,0.7,3.5,1.2,0.241,0.171,0.163,1,478.0,0.045,7.5,7.6,0,0,2,4.24,27.42,65.73,12.85,21.56
CUST00886,41.7,56.1,43.8,9.1,24.7,1394.52,51.87,11.1,5.6,8.0,4.9,4.0,0.078,0.106,0.048,0,2563.0,0.483,150.3,43.6,7,3,3,321.77,418.56,256.78,257.49,139.92
CUST00887,47.6,72.3,73.3,119.3,5.1,203.27,39.79,2.9,1.8,0.4,0.9,1.0,0.188,0.301,0.266,0,232.0,0.028,4.5,6.5,1,0,1,42.34,9.39,130.85,13.85,6.83
CUST00888,35.3,48.3,35.0,13.0,32.2,948.27,33.62,12.0,14.8,5.4,11.7,12.0,0.736,0.267,0.109,1,1070.0,0.314,51.7,56.7,13,2,3,56.81,271.08,508.98,109.08,2.33
CUST00889,54.5,91.2,57.4,5.5,31.1,5167.81,153.77,15.2,12.0,3.9,14.2,2.3,0.093,0.08,0.026,0,3815.0,0.498,32.3,21.8,7,7,2,1151.2,850.42,293.76,2237.98,634.45
CUST00890,42.4,53.4,31.7,8.0,22.3,1271.1,55.67,8.9,5.7,7.6,16.9,11.5,0.856,0.34,0.113,1,1188.0,0.375,47.2,41.3,7,0,0,254.92,182.21,664.2,29.91,139.86
CUST00891,49.5,36.5,98.5,145.8,3.2,127.43,36.74,1.2,0.7,1.2,1.6,0.0,0.19,0.188,0.161,1,233.0,0.021,8.3,5.2,2,0,2,25.27,1.77,65.32,22.13,12.95
CUST00892,41.4,49.5,23.6,23.1,9.4,875.57,82.85,4.5,3.1,1.9,7.5,4.3,0.19,0.061,0.036,0,2041.0,0.41,50.0,23.6,4,1,1,33.0,136.87,49.91,458.84,196.95
CUST00893,48.6,85.8,36.1,34.0,11.8,1009.94,88.21,5.0,3.7,3.2,10.1,4.5,0.247,0.17,0.057,0,2114.0,0.362,25.1,21.2,3,2,2,174.84,294.27,187.82,183.99,169.02
CUST00894,36.9,46.5,30.9,15.3,25.9,1035.33,37.66,13.7,5.6,6.7,12.7,12.9,0.704,0.391,0.164,2,1376.0,0.251,63.7,43.0,21,1,0,139.43,173.82,588.26,45.69,88.13
CUST00895,57.6,62.1,28.1,125.9,1.7,97.81,58.85,0.6,0.6,0.5,1.4,1.3,0.228,0.149,0.149,2,187.0,0.045,8.3,5.9,1,0,1,21.3,21.35,30.09,2.01,23.07
CUST00896,32.1,67.9,30.4,18.9,41.4,2101.72,52.62,15.4,15.0,11.0,16.1,14.7,0.856,0.108,0.119,1,662.0,0.504,84.5,36.9,5,1,0,79.16,557.73,622.48,409.0,433.37
CUST00897,38.5,60.1,40.4,3.8,16.5,884.03,50.86,6.1,4.6,5.8,17.5,16.5,0.817,0.417,0.115,1,1335.0,0.643,86.8,50.4,10,0,2,21.85,318.28,283.6,141.49,118.81
CUST00898,42.1,65.7,40.8,32.0,7.4,403.34,54.08,4.2,2.7,0.5,3.0,5.0,0.296,0.207,0.071,0,2331.0,0.198,42.9,17.9,3,2,0,38.66,111.93,86.41,70.61,95.74
CUST00899,30.0,137.3,45.8,2.8,22.8,4140.66,162.84,13.2,7.2,2.4,11.5,3.5,0.073,0.083,0.028,0,6021.0,0.262,70.3,25.7,9,8,0,783.6,626.53,943.51,503.93,1283.1
CUST00900,45.9,110.0,45.6,3.2,34.3,3647.59,116.46,17.7,11.2,5.4,6.5,3.4,0.134,0.067,0.009,1,4349.0,0.552,131.4,41.9,3,8,3,264.17,1265.6,859.85,204.51,1053.47
CUST00901,40.4,64.8,16.4,24.3,21.2,1062.88,54.84,7.0,5.0,9.2,9.5,12.7,0.657,0.297,0.091,1,1556.0,0.365,34.1,35.8,13,2,1,214.83,368.23,391.73,2.95,85.14
CUST00902,43.1,147.4,39.5,7.4,21.7,3540.43,178.89,11.8,10.3,0.0,9.2,1.2,0.084,0.12,0.046,1,5049.0,0.623,67.3,37.8,4,6,0,983.08,949.61,600.4,601.71,405.63
CUST00903,48.7,30.7,21.7,23.0,20.3,767.28,35.4,6.4,8.8,5.1,18.6,13.5,0.228,0.266,0.043,2,812.0,0.463,78.0,54.4,14,3,0,38.66,45.4,503.59,153.6,26.03
CUST00904,24.7,41.5,11.5,1.3,26.9,1800.55,70.54,10.4,13.2,3.2,17.1,6.0,0.299,0.278,0.035,0,758.0,0.219,159.2,109.4,17,4,1,533.11,476.46,282.97,7.2,500.8
CUST00905,33.7,28.5,23.0,6.5,9.9,507.92,50.11,5.2,2.1,2.6,21.8,7.4,0.26,0.363,0.108,1,588.0,0.216,84.7,177.7,16,2,1,69.28,159.28,58.15,96.9,124.31
CUST00906,40.7,64.5,18.6,33.4,9.8,652.91,65.43,3.7,2.7,3.4,10.7,3.2,0.201,0.217,0.047,1,1146.0,0.22,39.9,18.3,7,2,1,265.23,91.19,42.45,57.45,196.59
CUST00907,45.7,69.5,35.0,45.7,11.5,849.41,76.63,4.0,3.5,4.0,11.4,3.2,0.199,0.245,0.042,1,1392.0,0.329,35.2,19.7,5,2,2,213.45,86.02,314.75,32.67,202.53
CUST00908,38.2,33.8,23.8,13.9,33.3,1386.99,40.09,15.2,9.9,8.2,14.3,33.1,0.825,0.464,0.068,0,2066.0,0.475,31.1,30.2,9,0,0,8.47,329.25,853.93,90.56,104.77
CUST00909,29.9,57.6,7.2,15.6,29.5,976.46,31.95,16.8,14.3,0.0,12.8,27.2,0.84,0.259,0.166,1,1604.0,0.522,33.1,10.7,6,4,1,39.72,478.14,444.78,2.09,11.73
CUST00910,56.6,64.6,33.9,11.4,27.3,870.03,35.63,11.4,8.4,7.6,12.3,16.3,0.949,0.305,0.086,0,1804.0,0.401,56.9,56.3,10,1,0,301.39,13.22,309.1,132.87,113.44
CUST00911,31.0,27.4,8.4,9.3,10.0,395.6,37.37,4.7,3.8,1.6,20.7,2.4,0.112,0.389,0.154,1,669.0,0.209,212.8,134.4,21,1,1,140.8,93.15,61.15,41.7,58.81
CUST00912,33.2,57.7,36.3,12.5,25.9,1267.24,49.06,13.1,11.4,1.4,8.4,12.4,0.442,0.474,0.108,0,949.0,0.582,59.2,27.7,9,6,1,24.09,613.71,382.58,50.83,196.03
CUST00913,38.0,71.4,63.3,45.2,2.6,126.05,53.17,1.5,0.9,0.2,1.7,1.2,0.223,0.143,0.171,3,302.0,0.039,3.9,5.0,3,0,2,16.53,3.63,61.29,16.23,28.37
CUST00914,25.5,41.9,20.8,13.9,4.8,324.01,69.14,1.6,1.7,1.5,19.7,4.8,0.332,0.587,0.094,1,890.0,0.209,191.9,38.2,17,1,1,48.9,68.18,19.46,8.89,178.57
CUST00915,26.3,51.1,15.8,10.8,14.4,1271.69,85.21,7.1,5.2,2.0,31.8,8.6,0.315,0.449,0.121,1,831.0,0.182,185.3,104.0,21,5,1,324.18,322.03,30.53,159.17,435.79
CUST00916,34.6,29.1,22.2,7.4,17.4,837.61,55.73,5.8,8.2,3.3,29.6,8.1,0.338,0.251,0.094,1,926.0,0.1,328.6,136.0,16,1,1,274.77,155.6,88.86,81.84,236.54
CUST00917,34.1,82.2,33.0,11.9,8.9,366.89,37.36,5.0,4.0,0.0,26.9,8.9,0.477,0.298,0.067,1,1047.0,0.374,51.2,72.9,10,1,2,39.82,32.58,170.46,6.96,117.08
CUST00918,47.4,19.0,34.7,53.1,16.0,572.3,37.82,5.1,5.9,5.0,10.0,3.0,0.168,0.146,0.103,1,1607.0,0.445,46.5,26.1,5,1,0,55.29,27.83,67.95,90.91,330.32
CUST00919,48.6,62.2,78.5,124.5,5.1,272.04,56.38,1.6,1.8,1.7,1.5,1.4,0.202,0.196,0.162,2,290.0,0.031,2.4,1.3,0,0,3,1.99,79.14,148.3,27.85,14.76
CUST00920,35.6,82.2,43.5,10.2,17.0,3207.47,195.28,8.2,6.7,2.2,17.6,3.1,0.082,0.049,0.031,0,3466.0,0.429,113.5,17.0,11,11,0,800.6,616.6,52.67,982.47,755.13
CUST00921,31.2,81.9,30.2,37.1,11.6,964.24,81.56,5.2,5.2,1.1,4.3,7.1,0.262,0.217,0.062,0,2135.0,0.322,39.6,16.5,1,1,2,232.04,180.99,446.84,46.92,57.46
CUST00922,26.2,15.0,10.9,11.3,11.0,757.31,58.05,6.5,2.8,1.6,37.5,7.9,0.294,0.383,0.184,2,645.0,0.191,228.8,95.5,21,5,1,115.69,134.91,263.76,29.95,212.99
CUST00923,40.6,38.2,21.0,49.0,8.2,230.42,29.47,3.2,3.2,1.8,9.4,1.1,0.22,0.176,0.067,0,1569.0,0.417,25.6,33.6,2,2,3,40.36,67.53,32.1,44.73,45.7
CUST00924,35.8,74.7,66.4,96.6,3.4,124.39,27.73,1.1,1.4,0.9,2.9,1.2,0.205,0.163,0.121,0,423.0,0.046,7.1,4.0,1,0,4,18.54,10.24,39.53,33.35,22.74
CUST00925,29.5,38.4,18.1,11.1,22.7,1630.14,72.98,10.0,8.6,4.1,39.3,3.3,0.296,0.373,0.133,1,1689.0,0.232,247.4,66.5,14,0,1,283.72,929.61,41.5,15.51,359.8
CUST00926,59.4,121.9,46.7,11.3,20.9,1956.52,94.72,9.1,7.3,4.5,10.4,3.6,0.056,0.052,0.036,0,4706.0,0.869,64.8,37.8,8,4,1,166.92,663.47,108.62,392.68,624.83
CUST00927,33.2,69.7,32.8,13.5,17.5,658.29,38.87,8.7,5.3,3.4,17.8,17.5,0.383,0.367,0.079,2,1197.0,0.419,52.6,51.3,16,1,1,54.9,71.64,441.06,37.75,52.94
CUST00928,26.9,56.9,9.8,7.9,24.6,1555.2,74.13,13.7,8.0,3.0,24.3,9.5,0.281,0.583,0.192,1,1304.0,0.246,151.0,126.8,18,1,1,339.61,507.32,230.82,141.26,336.19
CUST00929,41.4,51.8,44.3,142.3,1.2,75.47,71.13,0.7,0.4,0.1,1.1,1.0,0.184,0.183,0.239,2,385.0,0.063,9.0,1.6,0,0,2,14.06,4.32,40.14,10.19,6.77
CUST00930,40.1,67.2,40.4,11.8,28.4,1127.44,45.68,9.6,12.6,6.1,21.4,21.3,0.4,0.499,0.069,1,1710.0,0.567,55.3,38.2,8,2,0,27.82,344.67,600.15,122.14,32.66
CUST00931,29.9,103.5,38.7,9.7,20.1,2254.28,108.03,8.9,7.6,3.5,11.6,1.7,0.118,0.051,0.03,0,4807.0,0.479,71.3,13.5,4,4,1,546.77,425.82,342.42,546.44,392.83
CUST00932,49.9,79.3,28.5,26.8,11.9,699.6,60.41,4.7,2.5,4.7,8.0,3.6,0.133,0.208,0.056,1,1245.0,0.346,23.8,4.9,2,1,1,447.41,20.96,76.28,122.3,32.65
CUST00933,40.7,66.5,15.7,48.2,12.2,1046.29,75.78,6.7,4.2,1.3,7.0,2.8,0.133,0.201,0.099,0,1748.0,0.162,50.3,19.0,5,0,1,402.23,225.15,217.45,22.21,179.25
CUST00934,27.3,64.3,15.7,4.6,15.8,906.43,56.83,6.1,7.6,2.1,35.0,4.5,0.362,0.694,0.178,2,1050.0,0.255,174.1,80.4,16,0,0,301.49,327.92,102.07,7.21,167.73
CUST00935,53.9,103.6,39.7,8.3,20.3,2881.36,144.03,11.4,8.9,0.0,20.1,2.4,0.097,0.105,0.047,0,5376.0,0.338,148.4,52.7,7,6,0,1000.62,551.51,541.01,485.84,302.38
CUST00936,42.3,52.3,21.5,17.5,40.3,1086.9,29.03,12.6,12.6,15.1,13.4,18.2,0.76,0.57,0.161,1,1361.0,0.448,103.4,48.2,13,3,3,205.63,257.04,314.39,59.2,250.64
CUST00937,48.2,152.8,24.1,10.9,26.0,3745.54,137.14,10.9,11.6,3.5,7.3,1.6,0.046,0.094,0.026,0,3317.0,0.663,145.1,48.0,10,5,0,382.93,897.62,16.24,609.59,1839.15
CUST00938,33.8,65.4,55.1,28.2,12.8,1118.14,96.89,7.4,3.3,2.1,7.1,3.2,0.136,0.294,0.066,2,1677.0,0.195,39.2,25.1,4,3,1,227.68,222.61,438.31,124.47,105.07
CUST00939,40.8,135.9,54.2,11.5,6.6,891.43,132.56,3.4,1.4,1.8,14.6,2.0,0.123,0.053,0.037,0,3456.0,0.45,59.1,32.8,16,1,0,406.76,88.29,37.0,276.4,82.97
CUST00940,26.8,63.1,9.0,10.7,14.3,588.89,40.93,7.7,3.0,3.5,24.4,5.4,0.389,0.625,0.135,1,852.0,0.275,128.9,80.6,16,3,1,55.79,104.11,171.28,84.67,173.04
CUST00941,27.5,52.8,38.6,24.6,15.7,729.77,53.71,4.8,6.2,4.7,19.6,12.4,0.955,0.301,0.109,0,1130.0,0.396,63.7,55.9,10,2,0,145.03,50.72,332.37,69.19,132.46
CUST00942,32.9,50.1,13.1,10.3,8.5,397.15,48.35,4.3,2.5,1.7,22.5,6.6,0.167,0.179,0.178,2,890.0,0.197,197.3,137.2,27,2,1,142.61,31.41,8.13,32.74,182.28
CUST00943,33.8,72.9,64.6,169.5,2.5,119.92,45.95,1.1,0.9,0.5,1.3,1.3,0.232,0.151,0.241,3,331.0,0.061,11.8,5.9,1,1,2,26.67,19.56,46.45,1.16,26.09
CUST00944,35.5,113.9,34.4,43.8,11.2,501.03,41.39,6.1,2.7,2.5,8.8,5.4,0.2,0.203,0.073,1,1820.0,0.406,32.7,20.4,6,1,1,54.66,223.07,76.1,43.3,103.9
CUST00945,53.2,58.0,26.0,8.4,19.2,399.67,25.42,7.6,4.7,6.9,23.6,14.3,1.0,0.269,0.097,2,824.0,0.523,78.6,64.8,6,6,2,7.62,136.03,172.63,42.79,40.59
CUST00946,52.7,151.0,25.9,13.1,17.0,3087.94,177.49,8.6,4.1,4.2,12.2,1.6,0.046,0.127,0.021,0,1913.0,0.464,234.6,13.4,5,5,0,870.32,1129.03,258.9,47.09,782.59
CUST00947,37.1,120.4,39.4,7.5,35.8,5920.59,187.72,20.3,13.5,1.9,7.8,1.3,0.092,0.064,0.027,0,7106.0,0.53,147.7,34.2,4,2,0,1217.03,480.95,30.9,1890.2,2301.51
CUST00948,39.3,98.1,27.9,42.2,17.3,1065.04,61.37,7.7,8.0,1.7,12.0,3.5,0.263,0.209,0.071,0,1343.0,0.175,23.5,18.2,9,1,1,95.55,153.89,511.86,101.79,201.94
CUST00949,27.3,92.9,15.9,69.8,10.5,595.7,56.65,5.7,3.5,1.4,5.0,5.1,0.219,0.097,0.075,0,1306.0,0.224,36.6,27.0,5,1,0,177.86,142.21,19.74,116.38,139.52
CUST00950,24.4,51.6,15.8,10.6,26.0,1185.27,48.89,13.4,12.8,0.0,32.7,3.8,0.335,0.427,0.145,1,1558.0,0.29,130.2,93.9,22,3,0,276.18,250.64,80.71,308.07,269.67
CUST00951,64.3,102.8,56.7,170.4,2.9,161.89,46.64,1.4,1.3,0.2,1.4,0.1,0.219,0.23,0.245,2,210.0,0.032,10.9,5.2,1,0,2,11.9,84.63,39.64,7.72,17.99
CUST00952,57.4,49.7,83.2,115.6,0.7,57.02,68.92,0.4,0.3,0.1,2.5,0.7,0.293,0.242,0.207,2,264.0,0.044,5.9,4.7,1,1,2,3.53,13.49,26.11,11.12,2.76
CUST00953,50.6,29.8,29.2,6.8,46.6,5685.82,128.57,17.0,12.5,17.1,7.4,2.1,0.081,0.063,0.027,0,2850.0,0.676,134.4,35.0,6,7,0,577.98,1179.02,242.76,2266.28,1419.79
CUST00954,36.1,66.6,24.3,34.1,10.9,635.82,45.94,4.7,4.3,1.9,8.8,6.1,0.34,0.167,0.036,0,1049.0,0.232,35.2,13.4,9,0,0,132.73,131.19,22.46,129.12,220.31
CUST00955,28.1,25.2,15.7,13.3,24.2,1466.36,62.57,10.7,7.2,6.3,26.5,4.4,0.344,0.588,0.128,1,1299.0,0.306,183.8,81.9,18,2,0,501.69,248.19,37.66,43.33,635.48
CUST00956,34.9,39.5,22.7,25.2,23.7,1109.88,46.99,13.4,10.1,0.2,8.1,17.8,0.894,0.22,0.145,2,2158.0,0.275,70.6,28.7,14,2,0,194.76,181.04,558.81,115.82,59.45
CUST00957,19.9,63.8,11.4,6.6,21.7,911.7,40.43,8.5,7.7,5.6,20.7,0.3,0.343,0.356,0.069,1,1129.0,0.324,142.7,103.6,21,4,0,250.59,338.84,10.71,201.93,109.63
CUST00958,55.1,82.4,40.0,10.2,36.9,6978.25,189.29,18.9,8.1,9.8,9.3,1.4,0.133,0.034,0.027,0,1345.0,0.415,80.2,36.2,7,3,0,1252.85,1197.1,393.03,3731.51,403.75
CUST00959,30.7,106.4,71.7,8.1,14.6,1211.57,74.34,8.6,7.1,0.0,7.2,4.9,0.12,0.062,0.041,0,3036.0,0.66,63.0,18.2,7,5,0,331.14,111.51,103.61,346.72,318.59
CUST00960,45.8,44.9,63.4,158.1,1.7,46.28,33.48,0.8,0.6,0.3,2.4,0.9,0.092,0.277,0.071,2,253.0,0.057,7.0,5.9,0,0,4,7.53,5.72,14.83,15.34,2.84
CUST00961,40.8,105.9,31.0,9.5,18.6,2860.78,146.47,6.6,8.3,3.7,12.1,3.9,0.094,0.033,0.035,0,4471.0,0.518,39.8,42.9,4,6,0,1052.44,796.97,67.83,792.03,151.51
CUST00962,51.8,59.3,66.6,110.0,1.5,76.94,48.25,0.7,0.7,0.1,2.6,0.3,0.211,0.252,0.115,2,304.0,0.051,4.9,4.5,1,0,2,2.63,11.46,23.62,30.74,8.48
CUST00963,38.4,44.3,38.3,15.4,19.0,853.21,40.09,5.8,9.2,4.0,19.7,16.2,0.772,0.355,0.099,0,1587.0,0.244,40.6,73.0,11,3,1,133.63,64.07,373.32,234.86,47.32
CUST00964,42.2,56.8,15.8,12.3,16.0,312.19,21.15,8.5,7.6,0.0,3.4,8.8,0.688,0.398,0.138,0,1802.0,0.411,105.3,32.5,14,2,3,150.22,29.25,78.93,15.88,37.91
CUST00965,30.7,80.7,33.9,21.5,25.0,1136.87,42.32,14.1,5.8,5.0,11.2,10.9,0.718,0.554,0.065,3,548.0,0.406,31.9,41.3,10,2,1,489.42,32.25,504.88,73.07,37.25
CUST00966,33.3,42.3,18.6,18.2,18.8,637.05,36.37,6.0,8.8,3.9,15.8,17.8,1.0,0.331,0.068,0,1188.0,0.351,87.9,26.6,21,3,0,269.62,99.31,134.21,84.48,49.42
CUST00967,66.1,100.7,54.8,160.9,3.1,103.11,29.39,1.2,1.0,1.0,1.8,0.2,0.207,0.207,0.271,4,465.0,0.064,11.1,5.6,1,0,1,5.8,15.27,45.01,36.39,0.64
CUST00968,26.3,62.1,22.9,17.4,21.3,642.98,27.21,9.6,4.9,6.8,12.0,15.5,0.906,0.298,0.11,1,1532.0,0.463,70.3,10.8,11,2,1,1.26,368.88,234.12,36.17,2.55
CUST00969,21.6,60.8,11.3,14.0,21.5,1230.46,54.09,12.3,6.6,2.6,30.5,2.5,0.456,0.548,0.038,1,917.0,0.302,186.7,126.8,22,3,1,358.69,370.26,50.65,25.96,424.9
CUST00970,18.0,50.9,4.3,15.0,14.4,894.22,68.48,7.0,6.2,1.2,10.9,4.2,0.155,0.123,0.136,1,1195.0,0.26,306.2,61.9,22,4,1,232.92,99.51,180.68,190.33,190.78
CUST00971,61.8,44.2,66.0,194.0,3.8,170.19,45.71,1.2,1.5,1.1,2.6,1.1,0.266,0.094,0.186,1,189.0,0.023,5.2,6.4,3,0,2,17.56,70.44,7.83,73.03,1.33
CUST00972,38.4,66.6,27.0,38.8,5.1,191.04,44.73,2.4,2.2,0.6,4.0,2.9,0.255,0.281,0.089,0,1829.0,0.37,18.8,19.4,4,0,1,36.19,19.63,38.56,50.35,46.3
CUST00973,48.2,78.6,37.1,135.0,2.8,140.44,62.92,1.1,1.2,0.5,1.3,1.7,0.054,0.215,0.285,1,326.0,0.072,6.4,4.3,0,0,2,44.24,5.21,75.44,15.08,0.47
CUST00974,41.0,62.3,25.3,13.8,12.9,355.99,32.55,4.2,5.8,2.9,14.6,12.9,0.471,0.537,0.111,0,1520.0,0.361,36.3,47.5,12,2,2,25.86,167.8,119.1,20.13,23.09
CUST00975,34.9,62.4,57.5,4.1,31.0,4196.34,127.7,11.0,14.4,5.7,11.2,2.7,0.082,0.104,0.026,0,4091.0,0.442,64.0,41.7,0,4,0,688.24,1634.93,536.43,619.6,717.14
CUST00976,45.4,65.5,35.3,13.6,42.0,2611.93,60.19,16.8,8.9,16.3,7.6,8.4,0.489,0.293,0.048,1,492.0,0.214,54.9,39.7,8,0,0,129.27,694.88,1407.48,268.82,111.48
CUST00977,22.2,62.0,19.9,6.2,15.7,956.17,64.36,9.4,6.9,0.0,29.8,5.9,0.224,0.347,0.206,2,631.0,0.221,151.9,106.6,25,3,0,233.71,246.94,22.13,119.5,333.89
CUST00978,53.5,100.6,35.6,10.8,44.9,6192.13,151.43,14.8,15.4,14.7,10.0,2.0,0.121,0.085,0.024,0,3250.0,0.761,117.4,43.9,4,1,0,599.32,683.9,2528.9,1191.39,1188.63
CUST00979,22.8,64.4,13.9,6.6,18.2,919.33,53.02,9.1,8.2,0.9,37.4,5.2,0.259,0.552,0.125,0,339.0,0.389,255.3,32.7,18,5,2,126.4,454.19,189.32,58.31,91.11
CUST00980,18.0,46.1,5.8,5.6,17.4,833.43,49.28,6.5,5.8,5.0,17.0,6.1,0.282,0.282,0.19,2,794.0,0.296,187.5,125.0,16,3,1,62.58,306.73,0.19,104.1,359.84
CUST00981,39.6,64.3,26.9,9.8,23.2,1081.11,41.3,12.3,5.5,5.3,24.2,22.3,0.306,0.308,0.118,1,612.0,0.211,35.6,38.4,11,2,1,38.42,84.36,360.04,497.75,100.54
CUST00982,46.4,59.9,75.3,164.2,2.7,96.4,31.92,1.4,1.1,0.2,1.1,1.3,0.104,0.085,0.227,3,333.0,0.036,7.3,8.3,1,0,3,18.92,34.74,27.82,1.55,13.37
CUST00983,44.3,113.4,47.0,9.4,43.9,8565.57,162.26,19.6,17.1,7.1,11.6,2.1,0.068,0.136,0.023,0,3227.0,0.534,65.9,7.9,9,7,1,2249.86,1060.45,556.73,4397.29,301.24
CUST00984,43.0,183.6,57.1,10.5,35.6,4037.55,114.83,14.2,9.6,11.7,10.4,5.3,0.089,0.064,0.017,0,792.0,0.66,82.1,0.0,7,6,0,1108.44,824.81,573.89,802.18,728.23
CUST00985,48.2,69.2,60.1,170.3,3.0,107.12,38.69,1.0,0.9,1.1,2.1,1.5,0.185,0.166,0.16,2,170.0,0.037,4.7,2.4,2,0,1,8.53,3.39,42.56,39.9,12.74
CUST00986,21.7,72.4,12.5,5.5,12.9,814.85,56.13,5.9,3.7,3.3,32.0,6.2,0.413,0.492,0.164,0,1221.0,0.186,36.1,22.7,20,5,0,191.29,76.09,75.79,121.46,350.22
CUST00987,42.2,68.1,57.1,165.6,2.6,284.32,87.88,1.1,0.9,0.7,1.4,0.9,0.302,0.191,0.134,2,144.0,0.029,10.6,7.6,0,0,2,19.44,54.99,113.52,81.01,15.37
CUST00988,20.3,41.3,16.0,12.8,17.2,1015.29,70.63,7.2,8.3,1.7,20.9,10.4,0.416,0.59,0.169,1,666.0,0.307,63.6,139.4,13,1,1,372.7,61.67,105.98,87.36,387.57
CUST00989,44.5,80.5,17.2,9.4,21.2,751.02,34.0,12.3,9.1,0.0,9.2,11.0,1.0,0.432,0.065,1,974.0,0.237,98.7,22.9,9,3,1,69.45,123.28,471.08,54.75,32.47
CUST00990,42.2,66.0,34.4,38.2,10.6,814.71,76.05,4.2,2.4,4.0,9.3,4.3,0.292,0.233,0.11,1,2492.0,0.253,36.9,18.5,5,0,0,64.58,66.68,146.45,284.99,252.01
CUST00991,59.0,77.1,67.5,121.0,2.6,142.94,47.57,1.2,0.8,0.6,2.8,0.4,0.216,0.159,0.233,2,307.0,0.044,10.8,1.0,0,0,5,8.9,23.38,86.6,4.1,19.97
CUST00992,53.7,87.5,54.4,43.5,2.1,38.98,19.8,0.7,0.7,0.7,3.2,1.2,0.192,0.267,0.09,1,565.0,0.048,7.4,3.7,4,0,1,2.42,0.37,30.73,0.87,4.59
CUST00993,32.6,65.5,25.8,10.6,25.5,1054.5,42.33,8.8,9.4,7.3,13.3,16.3,0.839,0.327,0.105,1,1641.0,0.487,36.2,42.5,16,1,2,159.54,98.64,599.46,177.82,19.04
CUST00994,20.3,67.4,8.9,12.9,9.4,793.24,84.84,3.8,3.7,2.0,42.1,4.0,0.26,0.356,0.172,1,946.0,0.136,249.7,42.1,28,3,0,284.74,255.63,69.41,1.85,181.62
CUST00995,42.3,64.3,41.1,15.1,11.2,431.52,33.36,3.8,3.4,4.0,6.4,11.2,0.727,0.514,0.132,1,1290.0,0.24,52.6,39.0,10,2,2,97.13,29.93,254.17,32.7,17.59
CUST00996,24.1,73.2,49.8,7.7,31.0,4238.26,164.54,14.9,7.3,8.8,5.5,3.9,0.146,0.099,0.032,0,4350.0,0.199,68.8,38.7,3,5,0,713.82,705.47,44.35,1867.72,906.9
CUST00997,39.0,61.6,28.7,8.0,14.7,1129.96,71.75,4.8,5.8,4.1,9.1,1.6,0.178,0.23,0.12,0,2317.0,0.385,31.8,9.9,3,0,1,34.87,81.65,459.07,458.06,96.32
CUST00998,44.2,137.8,43.7,6.8,8.0,1339.17,166.85,3.1,1.9,3.0,14.2,3.9,0.11,0.093,0.03,0,5930.0,0.74,87.7,27.3,5,4,0,326.36,416.94,21.48,168.7,405.7
CUST00999,33.8,47.9,22.0,26.4,3.7,119.92,29.88,1.3,1.6,0.9,7.5,3.7,0.246,0.234,0.083,1,1627.0,0.206,21.4,23.8,6,0,0,13.71,15.75,24.72,51.35,14.38
CUST01000,22.9,57.5,15.3,4.8,12.3,862.55,66.22,7.3,4.2,0.8,33.2,6.3,0.308,0.243,0.218,0,1149.0,0.122,238.4,100.3,23,0,1,338.13,226.45,69.46,107.93,120.58
CUST01001,29.4,57.7,15.4,10.0,27.4,974.18,33.09,13.8,12.9,0.8,15.7,13.6,0.449,0.19,0.085,1,237.0,0.236,52.5,23.1,14,6,5,241.04,90.86,558.21,34.25,49.83
CUST01002,30.8,55.4,22.9,6.6,13.1,839.48,73.51,7.8,2.9,2.4,36.5,3.1,0.355,0.201,0.152,1,611.0,0.188,218.6,64.6,14,1,0,250.28,358.25,141.67,32.82,56.46
CUST01003,44.6,96.8,26.4,2.8,7.1,278.14,49.7,2.3,3.2,1.7,10.7,1.5,0.283,0.134,0.116,1,1467.0,0.209,43.1,16.1,5,0,1,30.09,85.17,77.61,25.88,59.39
CUST01004,51.1,70.7,58.6,73.0,0.6,23.53,48.47,0.3,0.2,0.1,2.2,0.6,0.207,0.228,0.129,2,268.0,0.036,10.2,2.2,0,0,4,9.53,1.23,6.16,2.81,3.81
CUST01005,39.9,48.1,28.8,45.6,15.5,860.11,56.25,9.2,4.6,1.6,9.6,2.5,0.276,0.217,0.093,0,1581.0,0.343,30.5,24.1,6,1,0,64.65,187.04,97.41,361.57,149.44
CUST01006,54.6,60.8,40.2,253.1,1.4,112.95,80.75,0.7,0.6,0.1,2.6,1.1,0.147,0.194,0.244,5,146.0,0.05,7.0,4.8,0,0,2,44.25,11.17,46.19,5.86,5.49
CUST01007,62.8,73.3,64.5,147.8,2.9,128.75,39.8,0.9,1.2,0.8,2.1,1.2,0.344,0.274,0.168,3,485.0,0.052,11.2,5.7,0,0,4,24.08,56.95,28.28,0.1,19.35
CUST01008,46.0,62.3,28.1,44.7,10.6,589.74,59.07,4.2,3.9,2.5,6.1,3.8,0.131,0.264,0.067,1,1462.0,0.234,39.0,37.6,3,1,3,185.06,68.8,45.94,79.65,210.3
CUST01009,35.0,72.2,32.6,25.9,18.1,871.78,42.72,8.0,5.3,4.8,17.1,13.0,0.555,0.253,0.1,2,1213.0,0.332,95.3,40.7,6,2,1,88.69,284.93,249.06,136.81,112.29
CUST01010,26.0,69.1,17.2,4.3,16.6,1114.48,63.27,5.8,6.0,4.8,26.6,6.4,0.3,0.418,0.085,0,717.0,0.201,121.5,71.4,22,1,0,203.1,460.47,85.53,161.93,203.46
CUST01011,41.8,60.9,27.4,14.1,8.3,325.71,38.81,4.3,2.0,2.0,15.3,8.3,0.715,0.398,0.109,0,1721.0,0.393,58.9,49.4,11,0,0,15.89,39.42,76.85,87.45,106.09
CUST01012,40.6,71.8,33.1,43.4,12.9,550.4,38.24,7.1,5.3,0.5,6.7,3.0,0.215,0.197,0.102,0,1153.0,0.136,26.2,23.3,3,1,0,78.77,88.02,72.62,156.98,154.0
CUST01013,28.6,40.6,32.8,47.2,16.1,622.37,45.45,5.2,7.8,3.2,10.6,2.7,0.132,0.17,0.068,1,1246.0,0.426,36.8,28.5,8,1,1,285.18,105.23,73.1,135.62,23.24
CUST01014,46.8,107.8,68.2,3.5,22.0,4364.79,175.88,12.4,4.8,4.8,12.1,2.3,0.116,0.09,0.033,0,4078.0,0.707,210.1,12.3,7,4,1,1476.39,427.64,50.62,1917.05,493.1
CUST01015,40.7,70.9,43.7,38.1,2.6,116.41,45.74,1.5,1.1,0.0,3.1,1.1,0.219,0.173,0.144,1,522.0,0.051,5.6,5.4,0,1,7,22.82,53.2,21.4,4.11,14.88
CUST01016,48.3,84.4,17.6,36.8,14.1,623.67,50.85,5.5,4.1,4.5,5.0,3.8,0.32,0.182,0.097,0,1190.0,0.361,24.5,9.6,5,0,3,210.07,179.83,73.19,116.5,44.09
CUST01017,40.3,69.0,29.5,18.0,15.8,804.63,49.92,6.9,4.1,4.8,19.8,5.4,0.936,0.556,0.088,2,1422.0,0.265,87.7,5.8,8,1,0,192.05,203.78,254.28,4.12,150.4
CUST01018,36.4,68.8,19.5,9.0,15.7,1159.93,69.99,5.5,6.0,4.2,24.0,4.0,0.358,0.6,0.113,1,787.0,0.254,153.6,107.0,13,4,0,213.83,455.85,117.8,37.19,335.26
CUST01019,45.6,61.7,26.1,32.5,10.4,775.34,78.75,4.4,3.7,2.3,10.2,4.7,0.124,0.146,0.091,0,1193.0,0.217,0.0,19.5,5,0,2,156.21,208.8,232.53,70.0,107.81
CUST01020,48.7,138.1,45.1,10.9,3.7,626.8,193.35,1.2,0.8,1.7,6.2,2.2,0.133,0.059,0.024,1,2988.0,0.831,176.4,44.1,5,11,0,152.38,130.86,56.21,179.32,108.04
CUST01021,44.2,75.5,37.1,161.9,4.4,204.33,44.61,2.4,1.6,0.4,2.5,0.5,0.164,0.25,0.202,0,239.0,0.046,7.8,3.9,0,0,1,46.62,67.25,40.83,8.68,40.95
CUST01022,36.3,29.4,28.5,15.9,26.4,1106.58,39.76,8.7,8.1,9.5,14.3,10.2,0.432,0.337,0.102,2,1176.0,0.476,64.7,27.5,12,0,1,57.31,234.01,510.27,107.23,197.77
CUST01023,42.7,53.1,20.3,6.7,11.3,984.62,78.06,4.3,3.2,3.8,10.3,3.4,0.389,0.246,0.114,0,2172.0,0.36,28.7,22.3,3,1,0,276.28,214.09,105.59,293.21,95.44
CUST01024,36.5,77.0,34.5,7.9,6.8,593.35,81.42,3.1,2.3,1.4,5.6,2.3,0.253,0.313,0.075,0,1736.0,0.381,50.9,20.5,4,1,1,217.65,78.76,74.32,68.05,154.57
CUST01025,37.1,87.3,16.3,38.3,12.9,1043.54,84.75,5.4,6.2,1.2,15.8,3.1,0.165,0.31,0.042,1,1280.0,0.175,55.3,13.3,5,0,1,394.18,206.83,159.74,171.28,111.51
CUST01026,36.1,58.7,12.9,13.3,8.4,470.17,52.82,3.4,2.0,3.0,27.1,7.2,0.298,0.555,0.213,0,398.0,0.326,78.7,165.0,14,1,0,150.09,166.54,32.71,74.01,46.81
CUST01027,40.6,46.5,18.7,51.4,14.4,1072.34,81.16,5.8,6.3,2.3,7.6,6.0,0.158,0.149,0.079,0,1850.0,0.292,62.5,27.3,4,2,1,88.49,290.09,226.15,367.86,99.75
CUST01028,27.9,80.7,27.9,62.1,6.2,642.9,89.46,3.4,2.0,0.8,11.6,4.4,0.191,0.216,0.079,1,1172.0,0.216,41.4,2.2,12,0,1,58.37,107.17,171.93,235.11,70.32
CUST01029,47.2,58.8,19.3,19.0,15.2,437.31,30.36,7.6,4.7,2.8,13.1,15.2,0.777,0.461,0.135,1,427.0,0.299,60.2,66.5,10,1,1,1.44,112.32,258.64,46.92,18.0
CUST01030,40.8,51.3,14.9,43.3,7.9,674.03,85.23,2.6,3.4,1.9,6.7,0.1,0.342,0.147,0.118,0,1826.0,0.243,24.1,21.5,5,1,2,197.65,182.58,112.9,81.48,99.42
CUST01031,44.0,137.9,56.0,5.5,26.1,2663.37,100.45,13.0,8.4,4.7,12.2,0.1,0.09,0.12,0.019,0,3530.0,0.521,145.6,28.1,3,7,0,1068.07,309.6,41.46,1191.71,52.52
CUST01032,29.0,68.3,8.3,10.9,9.1,357.32,41.24,5.4,3.7,0.0,38.3,9.1,0.379,0.454,0.158,0,1242.0,0.261,221.6,68.8,21,3,0,162.01,119.59,6.39,5.05,64.29
CUST01033,39.6,50.3,42.6,10.1,25.2,914.51,37.02,8.6,5.1,11.5,14.4,18.0,0.282,0.355,0.09,1,1862.0,0.586,46.0,0.0,10,1,0,21.75,173.95,183.21,514.85,20.74
CUST01034,48.2,73.6,55.9,13.7,44.4,2901.09,75.55,19.8,12.3,12.2,11.7,1.7,0.119,0.103,0.016,0,3639.0,0.47,79.5,56.0,3,4,0,1405.09,667.95,196.56,202.94,428.56
CUST01035,21.4,73.2,49.9,8.8,26.0,2326.57,96.06,12.5,7.0,6.6,9.5,0.9,0.074,0.058,0.018,1,4171.0,0.732,124.2,24.5,4,4,2,657.57,440.68,110.72,576.41,541.2
CUST01036,46.4,71.4,93.1,69.6,3.6,234.79,65.48,1.9,0.9,0.8,1.4,1.0,0.142,0.196,0.212,1,355.0,0.025,3.8,4.4,1,0,2,15.87,29.84,167.43,9.5,12.16
CUST01037,43.6,46.3,46.8,19.3,38.4,1125.9,25.99,18.8,16.1,3.5,10.0,15.9,0.684,0.301,0.159,0,790.0,0.364,67.7,49.7,27,2,0,76.31,523.25,453.37,65.83,7.13
CUST01038,49.4,47.9,52.8,198.2,3.9,177.04,42.91,1.9,0.9,1.1,2.1,0.9,0.275,0.1,0.222,1,274.0,0.017,2.8,6.7,2,0,3,22.58,5.65,91.53,38.38,18.9
CUST01039,34.3,145.6,24.0,13.8,41.7,4353.13,117.56,15.5,12.9,13.2,13.7,1.4,0.1,0.115,0.033,0,5483.0,0.546,105.0,25.2,2,8,0,425.23,1169.36,65.24,1858.74,834.56
CUST01040,39.3,88.8,21.7,18.1,17.9,474.74,26.4,9.7,6.1,2.0,9.7,16.9,0.395,0.379,0.133,0,981.0,0.349,2.9,51.1,19,2,0,67.02,100.47,177.04,121.11,9.11
CUST01041,20.9,57.2,14.8,7.2,19.3,963.99,54.66,9.9,8.6,0.8,15.2,6.5,0.315,0.536,0.257,2,978.0,0.315,202.5,88.9,21,1,0,246.56,333.51,109.46,7.44,267.01
CUST01042,58.7,81.2,57.4,102.0,2.0,64.32,30.22,0.7,0.7,0.6,2.6,1.4,0.157,0.236,0.138,1,291.0,0.033,8.1,2.1,2,1,2,26.55,0.06,13.05,5.75,18.9
CUST01043,40.5,23.8,41.1,18.1,21.4,1018.42,44.45,8.2,10.1,3.1,12.0,16.1,0.855,0.381,0.17,0,1878.0,0.487,48.4,52.2,16,1,0,208.83,200.69,252.82,258.37,97.72
CUST01044,59.8,76.5,73.8,32.4,3.8,131.56,40.55,1.7,0.8,1.3,2.4,1.1,0.253,0.092,0.318,1,207.0,0.053,5.3,7.2,0,0,3,47.61,30.11,31.42,10.4,12.03
CUST01045,47.8,59.4,28.5,31.0,10.8,984.83,94.23,3.8,2.5,4.5,7.9,1.1,0.417,0.121,0.063,1,1934.0,0.365,33.9,28.4,3,0,0,467.18,84.49,317.1,68.89,47.17
CUST01046,49.6,56.2,68.7,205.3,3.1,208.4,64.73,1.0,0.8,1.2,1.3,0.7,0.146,0.236,0.191,2,168.0,0.056,5.2,6.2,0,0,4,24.92,19.45,68.44,79.78,15.82
CUST01047,45.6,48.1,53.6,9.4,26.7,408.83,15.5,12.6,11.4,2.6,15.8,7.7,0.588,0.394,0.099,2,1926.0,0.342,119.2,50.7,15,3,1,6.98,123.46,163.39,25.43,89.57
CUST01048,48.0,102.6,47.7,6.4,11.4,1932.98,158.09,6.2,3.3,1.9,9.5,0.3,0.057,0.097,0.026,1,4176.0,0.437,49.1,55.1,3,7,1,766.47,301.51,289.06,215.6,360.33
CUST01049,37.3,78.0,26.2,24.6,17.4,966.34,52.41,8.1,7.6,1.6,8.5,4.7,0.311,0.218,0.069,0,1837.0,0.286,34.3,28.6,2,0,1,134.16,237.18,93.77,35.11,466.13
CUST01050,56.9,123.7,52.9,14.5,15.7,2053.22,142.95,7.2,3.7,4.8,8.7,2.9,0.099,0.06,0.041,0,4024.0,0.495,98.3,48.0,10,2,2,581.16,764.5,37.97,190.68,478.9
CUST01051,42.6,77.1,38.6,34.4,14.9,527.8,39.74,5.8,3.3,5.8,4.8,4.7,0.288,0.276,0.063,0,1951.0,0.329,38.8,18.1,4,1,1,261.38,6.11,72.14,52.27,135.9
CUST01052,39.3,56.7,14.5,16.0,15.7,991.83,68.4,8.9,4.2,2.5,36.3,9.3,0.237,0.42,0.183,0,1031.0,0.353,91.1,77.8,16,4,1,138.34,365.79,21.35,62.03,404.32
CUST01053,35.1,68.9,22.1,21.4,12.5,866.26,65.82,4.9,3.3,4.3,9.5,3.6,0.232,0.197,0.085,2,1269.0,0.329,40.7,19.3,6,2,1,124.9,82.68,272.39,175.17,211.11
CUST01054,38.0,82.1,58.2,90.7,3.8,108.48,31.47,2.2,1.7,0.0,2.0,1.6,0.238,0.161,0.099,4,304.0,0.068,6.3,5.1,0,0,2,12.39,15.32,24.37,10.56,45.84
CUST01055,52.0,53.5,20.8,35.7,17.3,1175.18,61.89,7.1,5.5,4.8,4.2,3.4,0.227,0.186,0.118,0,1356.0,0.499,49.8,15.3,6,1,1,225.41,441.32,344.88,38.87,124.7
CUST01056,45.5,69.0,47.6,11.4,16.7,300.49,16.86,8.6,5.5,2.6,9.7,16.7,0.37,0.457,0.153,1,1621.0,0.415,16.1,64.9,2,0,0,19.34,36.5,170.69,69.26,4.69
CUST01057,42.3,61.3,19.6,46.8,2.7,79.37,26.14,1.3,1.1,0.3,1.4,0.9,0.221,0.213,0.155,4,369.0,0.061,6.5,4.2,0,0,3,5.08,19.26,25.0,11.51,18.51
CUST01058,22.7,52.7,13.3,9.9,16.6,1511.5,89.98,9.9,8.1,0.0,15.7,5.3,0.365,0.531,0.175,0,1043.0,0.241,124.8,76.3,13,3,1,325.27,335.86,191.48,43.99,614.89
CUST01059,21.3,54.8,10.6,1.9,13.8,920.6,63.61,6.0,5.7,2.1,11.7,8.0,0.282,0.379,0.134,1,1227.0,0.229,193.7,75.3,25,3,1,373.98,299.83,42.6,93.06,111.12
CUST01060,54.1,74.6,41.5,152.0,2.4,151.54,61.75,1.0,0.8,0.6,1.5,1.4,0.23,0.119,0.299,0,374.0,0.07,2.5,3.7,0,0,5,45.7,3.31,15.32,42.23,44.98
CUST01061,44.6,64.3,33.1,36.6,3.4,177.57,54.53,1.2,1.4,0.7,7.6,3.2,0.318,0.237,0.113,0,2432.0,0.224,39.2,14.7,7,0,0,35.14,36.41,40.19,23.08,42.75
CUST01062,39.6,45.2,25.7,10.1,12.0,745.79,56.14,6.0,5.0,1.0,6.0,3.6,0.26,0.138,0.094,0,1462.0,0.233,32.3,19.7,10,2,0,149.86,149.95,38.77,290.2,117.02
CUST01063,46.2,37.3,58.0,181.7,2.0,89.97,44.86,0.6,0.7,0.7,2.8,1.0,0.217,0.132,0.183,4,441.0,0.084,9.8,5.8,3,0,5,25.37,31.58,24.49,7.61,0.92
CUST01064,26.0,46.9,12.5,5.5,21.9,1184.67,62.99,8.8,10.6,2.5,23.1,5.5,0.398,0.58,0.249,1,299.0,0.237,161.5,82.0,15,1,0,362.14,452.02,5.01,231.57,133.92
CUST01065,25.4,52.6,16.9,7.7,17.7,1007.76,49.21,6.9,7.1,3.7,29.8,3.5,0.464,0.244,0.095,1,922.0,0.305,157.6,76.1,23,0,1,376.62,77.78,57.05,49.27,447.03
CUST01066,55.0,47.2,89.4,149.5,3.0,158.0,52.11,1.6,0.8,0.6,1.6,1.1,0.339,0.24,0.189,2,323.0,0.045,9.7,8.2,1,0,0,7.26,92.52,31.23,21.07,5.92
CUST01067,44.8,55.0,28.3,20.4,21.8,921.87,49.79,8.6,8.3,4.9,16.3,4.1,0.702,0.109,0.151,0,1109.0,0.427,45.4,44.5,9,2,0,163.16,164.76,342.26,8.43,243.26
CUST01068,59.0,135.2,58.9,15.1,31.5,3510.29,130.39,16.2,10.1,5.1,7.6,3.2,0.128,0.043,0.027,0,4361.0,0.628,85.3,40.3,8,2,1,764.28,1796.95,263.02,446.89,239.14
CUST01069,24.0,57.3,23.0,9.7,25.6,1152.12,41.42,13.1,6.6,6.0,15.9,15.0,0.541,0.323,0.134,0,882.0,0.4,42.5,59.2,13,1,2,22.98,409.33,684.4,12.8,22.62
CUST01070,41.1,80.4,33.5,20.9,18.0,868.76,50.52,7.0,6.9,4.0,15.2,11.9,0.823,0.489,0.206,0,1420.0,0.521,71.9,53.3,12,1,1,18.26,308.2,490.5,43.71,8.07
CUST01071,30.5,64.5,23.8,18.5,22.0,673.46,26.91,11.2,6.4,4.4,20.9,15.6,0.603,0.436,0.091,1,906.0,0.325,35.0,23.9,15,0,0,104.02,99.25,337.12,118.41,14.67
CUST01072,43.2,69.5,22.0,11.4,17.7,762.8,49.62,7.0,8.3,2.4,14.0,9.1,0.613,0.271,0.147,2,780.0,0.663,47.7,56.8,14,3,3,34.85,32.48,386.45,146.92,162.1
CUST01073,38.3,132.1,61.2,9.5,31.8,2596.88,94.3,17.5,11.2,3.1,7.7,5.0,0.141,0.058,0.027,0,1945.0,0.626,45.0,63.9,10,5,0,483.85,1191.83,432.37,370.85,117.97
CUST01074,48.2,147.5,47.4,9.0,31.5,4363.8,161.49,17.3,9.5,4.7,9.9,4.4,0.096,0.08,0.024,0,5335.0,0.329,65.7,55.3,6,5,2,512.4,320.89,505.41,1671.33,1353.77
CUST01075,44.9,51.5,35.7,35.2,8.8,568.8,62.23,3.5,1.8,3.5,7.4,5.6,0.276,0.252,0.11,0,1318.0,0.206,59.0,12.3,3,2,1,198.31,143.69,136.61,72.98,17.2
CUST01076,23.0,62.8,19.5,4.8,12.6,982.58,77.21,3.9,6.3,2.5,28.8,6.2,0.38,0.519,0.155,2,333.0,0.338,89.4,81.5,16,2,1,346.1,71.64,56.09,108.67,400.08
CUST01077,37.0,46.6,31.2,13.2,22.9,873.89,41.64,9.0,5.2,8.6,11.2,9.9,0.513,0.286,0.126,1,1268.0,0.315,13.8,25.6,8,2,1,137.28,376.93,227.36,39.11,93.21
CUST01078,36.9,75.0,74.5,198.3,4.8,290.66,58.79,2.7,2.2,0.0,3.7,0.8,0.194,0.108,0.237,0,199.0,0.042,10.9,2.9,1,0,4,6.39,23.32,197.66,50.44,12.86
CUST01079,32.5,83.3,40.5,9.1,26.0,644.15,27.0,11.8,5.9,8.3,10.3,14.8,0.896,0.234,0.062,2,1131.0,0.516,26.8,51.2,12,1,1,23.06,184.27,250.19,70.04,116.58
CUST01080,40.0,83.8,34.5,32.1,10.1,476.92,59.84,5.3,3.2,1.7,7.1,4.7,0.259,0.192,0.1,0,1871.0,0.331,45.3,27.9,5,0,1,229.35,34.04,9.88,87.66,115.98
CUST01081,45.2,64.1,78.2,180.2,2.6,127.29,53.19,0.9,1.1,0.6,2.1,1.0,0.284,0.154,0.18,1,287.0,0.057,10.0,5.2,1,0,3,20.75,6.49,62.81,23.59,13.65
CUST01082,51.2,122.6,53.6,2.2,17.7,2425.74,135.34,9.5,3.9,4.3,9.6,3.3,0.037,0.092,0.031,1,3964.0,0.703,52.4,31.7,1,2,0,854.46,671.73,74.03,325.09,500.43
CUST01083,25.2,49.8,20.8,18.8,14.3,482.73,41.02,4.3,7.0,3.0,41.0,4.3,0.251,0.356,0.135,0,771.0,0.178,183.2,94.7,17,1,1,147.24,40.8,67.41,20.13,207.16
CUST01084,48.6,76.4,46.2,40.1,11.1,300.93,26.95,5.8,4.3,1.0,7.3,6.6,0.266,0.28,0.078,0,975.0,0.426,22.9,26.8,5,3,0,52.65,49.38,58.58,54.73,85.6
CUST01085,39.8,86.3,27.7,13.4,11.7,772.64,73.28,4.9,5.2,1.6,7.3,2.6,0.196,0.197,0.075,1,1930.0,0.266,39.3,31.9,0,1,0,353.41,100.3,222.72,59.98,36.23
CUST01086,21.8,64.2,10.2,17.9,13.7,944.55,69.17,6.7,3.1,4.0,11.7,3.6,0.231,0.122,0.159,0,1092.0,0.114,164.9,60.9,14,4,2,241.94,226.03,176.9,66.76,232.92
CUST01087,49.0,81.9,43.6,96.8,3.8,394.59,83.93,1.4,0.9,1.5,2.5,0.9,0.096,0.241,0.279,2,288.0,0.06,10.6,3.5,1,0,1,40.46,157.65,120.49,59.49,16.5
CUST01088,44.9,100.8,25.3,6.0,21.8,3915.74,172.56,10.0,8.8,3.0,4.6,2.5,0.085,0.054,0.023,1,4811.0,0.583,82.4,33.1,6,8,0,1289.98,555.74,134.92,900.74,1034.35
CUST01089,34.1,87.1,14.1,35.6,8.9,290.7,35.88,2.9,3.2,2.8,6.2,3.7,0.211,0.171,0.073,1,2010.0,0.321,41.0,22.5,9,1,0,42.12,88.58,30.31,54.52,75.17
CUST01090,38.5,70.9,14.3,18.2,15.5,682.88,44.46,8.0,7.0,0.5,7.0,15.5,0.525,0.435,0.074,0,464.0,0.53,40.5,54.9,10,0,0,39.68,78.58,267.55,56.19,240.89
CUST01091,65.3,47.9,27.4,37.6,2.9,127.42,36.84,1.4,1.3,0.1,9.4,2.9,0.227,0.223,0.115,0,1996.0,0.269,40.2,16.2,3,0,1,28.77,12.25,26.02,34.91,25.47
CUST01092,54.6,65.4,47.5,43.3,2.4,105.93,46.25,1.2,0.9,0.3,3.1,1.1,0.195,0.183,0.142,0,243.0,0.057,13.2,6.5,0,0,3,11.5,4.62,84.6,2.97,2.25
CUST01093,48.5,60.7,56.8,18.0,2.9,181.2,62.36,1.0,0.6,1.3,3.4,0.7,0.171,0.16,0.158,1,348.0,0.046,14.2,5.5,1,1,6,39.74,34.34,35.52,65.82,5.78
CUST01094,30.1,51.0,11.7,18.6,14.3,669.3,41.96,7.0,6.8,0.5,30.9,4.4,0.293,0.556,0.15,0,963.0,0.274,227.6,75.0,20,0,0,190.07,280.43,30.01,9.01,159.78
CUST01095,37.9,69.9,15.0,8.4,22.0,846.23,37.67,7.9,5.9,8.3,24.8,14.5,0.561,0.223,0.14,2,1527.0,0.257,70.5,45.4,13,1,4,13.3,96.41,336.91,311.41,88.2
CUST01096,33.4,110.7,56.1,8.2,17.6,2948.23,150.17,8.2,5.0,4.4,11.1,4.9,0.081,0.059,0.042,1,3879.0,0.195,138.8,61.7,5,4,2,813.01,578.59,21.46,883.62,651.55
CUST01097,37.8,79.7,29.8,17.6,33.3,902.08,30.68,10.3,10.7,12.3,14.6,12.9,0.486,0.448,0.119,1,2343.0,0.435,60.4,22.4,11,0,2,143.04,126.26,272.51,105.76,254.51
CUST01098,34.8,58.5,32.8,13.1,15.4,578.49,38.58,5.0,5.9,4.5,15.7,4.9,0.68,0.445,0.1,1,1903.0,0.549,38.7,25.9,11,1,1,228.92,29.9,162.86,7.9,148.92
CUST01099,46.4,54.4,53.4,171.7,2.6,173.58,71.41,1.0,0.8,0.9,2.5,0.3,0.153,0.217,0.193,4,206.0,0.067,3.7,4.8,1,0,2,6.31,2.5,121.59,19.17,24.02
CUST01100,24.9,70.0,57.0,13.9,15.8,538.27,39.86,5.8,4.1,5.8,16.3,15.8,0.634,0.297,0.066,1,1238.0,0.539,93.5,52.8,14,2,1,32.97,154.17,294.95,33.63,22.55
CUST01101,41.3,111.1,45.3,5.7,42.9,2870.44,78.59,15.6,12.8,14.5,11.6,2.2,0.11,0.085,0.031,0,3465.0,0.588,70.7,57.1,9,3,0,1149.28,1161.43,6.29,174.5,378.94
CUST01102,52.3,76.3,32.9,39.8,13.7,340.5,24.59,7.9,3.6,2.2,4.2,2.0,0.167,0.082,0.08,1,752.0,0.441,19.7,10.5,4,3,0,97.3,27.21,19.4,69.3,127.3
CUST01103,47.3,76.3,36.8,27.7,15.4,1251.48,82.99,8.5,3.7,3.1,10.0,5.8,0.215,0.134,0.091,0,1726.0,0.331,53.5,22.4,2,4,1,170.95,139.29,416.14,223.27,301.83
CUST01104,50.2,59.4,33.9,45.2,16.4,1512.93,95.59,5.0,4.3,7.1,11.3,4.3,0.456,0.266,0.076,0,1219.0,0.454,25.8,18.2,6,1,1,752.49,104.45,216.59,213.54,225.86
CUST01105,40.7,40.2,11.5,27.6,7.8,461.28,50.99,4.3,2.1,1.5,6.3,2.6,0.25,0.215,0.124,1,1935.0,0.348,7.2,2.9,10,1,1,106.63,159.34,62.12,21.47,111.71
CUST01106,33.2,101.8,62.4,2.9,16.4,2088.0,142.34,9.7,7.2,0.0,11.3,3.3,0.099,0.137,0.033,0,4926.0,0.437,155.3,47.1,4,6,0,673.33,152.42,94.88,756.75,410.62
CUST01107,41.8,48.4,17.1,17.6,12.3,196.95,14.16,4.8,3.3,4.3,11.3,4.2,0.873,0.175,0.072,1,1812.0,0.346,65.5,32.1,13,3,1,1.25,77.67,78.63,20.81,18.6
CUST01108,42.8,63.9,107.6,146.5,3.8,238.86,63.82,1.3,1.7,0.8,2.1,0.8,0.201,0.288,0.27,4,362.0,0.061,6.7,1.3,1,0,5,123.26,5.57,46.37,16.66,47.0
CUST01109,59.6,48.7,62.8,158.0,4.2,97.15,23.79,2.1,1.4,0.7,2.4,1.7,0.198,0.248,0.282,2,398.0,0.042,5.7,6.6,0,0,2,0.2,8.44,80.8,3.5,4.21
CUST01110,36.6,98.2,18.4,4.8,41.2,6171.88,157.97,14.0,14.8,12.4,7.7,3.9,0.084,0.05,0.024,0,5063.0,0.369,114.5,67.9,5,8,2,2286.4,2337.21,351.89,828.57,367.82
CUST01111,44.9,89.6,12.0,34.7,13.9,843.09,63.52,6.1,5.9,1.9,11.1,2.9,0.232,0.244,0.073,0,1646.0,0.259,36.9,17.6,2,1,0,64.77,117.02,465.11,46.82,149.37
CUST01112,39.1,77.1,16.7,25.2,7.2,303.55,41.74,2.9,3.5,0.9,13.4,7.2,0.752,0.424,0.112,2,1809.0,0.566,71.8,26.1,13,3,1,13.09,184.03,22.38,82.5,1.56
CUST01113,44.7,62.4,30.0,11.5,12.2,554.59,42.19,6.4,5.2,0.6,10.6,3.8,0.78,0.333,0.042,1,833.0,0.484,35.5,22.1,13,0,1,32.76,130.37,313.08,27.98,50.41
CUST01114,25.3,39.4,9.2,14.6,15.6,844.79,53.57,7.6,6.4,1.6,7.9,5.9,0.299,0.286,0.132,0,878.0,0.412,120.8,109.1,23,3,2,255.11,274.04,70.26,24.5,220.88
CUST01115,30.6,60.3,13.1,19.3,17.3,1293.23,78.08,5.7,7.1,4.4,34.3,4.7,0.471,0.42,0.1,0,926.0,0.272,170.4,64.5,19,2,0,457.12,535.71,220.71,0.04,79.65
CUST01116,28.1,44.3,16.0,3.0,8.8,518.28,62.84,4.7,1.9,2.1,22.2,8.8,0.312,0.572,0.116,0,790.0,0.16,123.7,118.6,21,2,1,131.11,191.13,32.07,106.24,57.74
CUST01117,25.7,107.5,70.9,6.7,37.9,6333.23,140.36,12.3,18.4,7.3,4.5,4.6,0.085,0.101,0.044,0,3757.0,0.405,28.2,20.2,3,5,2,1665.0,1378.84,1138.18,1469.44,681.77
CUST01118,34.6,59.4,33.8,55.2,13.7,655.09,51.51,7.1,4.3,2.3,10.2,0.1,0.272,0.154,0.051,0,2003.0,0.412,49.2,35.3,7,0,1,124.65,150.24,64.42,217.68,98.1
CUST01119,48.8,77.5,27.0,11.4,15.0,285.59,21.03,6.7,3.8,4.5,9.8,6.9,0.354,0.396,0.133,0,1556.0,0.324,70.8,64.8,14,2,0,28.04,58.82,183.92,6.23,8.59
CUST01120,39.1,105.5,61.7,11.2,35.8,2125.04,60.45,11.9,16.3,7.7,6.9,3.5,0.127,0.068,0.047,0,4447.0,0.341,114.0,37.6,5,2,0,458.45,729.71,127.74,648.54,160.6
CUST01121,27.9,68.1,43.0,28.9,16.6,1413.5,82.01,7.7,6.7,2.3,7.9,4.0,0.287,0.289,0.052,0,1357.0,0.415,35.0,41.3,7,1,2,312.26,330.75,254.33,140.56,375.6
CUST01122,52.1,57.4,33.8,44.6,13.1,1091.62,82.1,4.2,4.4,4.5,8.5,5.2,0.284,0.132,0.078,0,939.0,0.249,25.0,28.8,5,2,2,112.13,249.33,120.29,146.39,463.48
CUST01123,43.1,58.8,33.2,47.0,14.6,1554.97,105.37,5.2,4.2,5.2,7.3,4.9,0.236,0.0,0.098,0,1196.0,0.26,32.1,30.4,7,1,0,141.2,608.13,313.39,347.56,144.69
CUST01124,32.3,35.4,23.2,18.7,13.0,885.04,62.62,6.1,4.0,2.9,6.8,4.2,0.345,0.239,0.059,1,1866.0,0.316,7.6,29.9,8,0,1,127.23,28.25,324.55,270.58,134.43
CUST01125,57.8,66.9,68.4,63.8,4.3,262.86,60.65,1.5,0.9,1.9,2.2,1.4,0.178,0.105,0.179,3,225.0,0.034,9.4,1.9,0,0,2,0.94,31.34,133.51,88.04,9.03
CUST01126,31.3,63.9,5.8,7.4,15.6,776.35,57.16,7.5,6.2,1.9,27.9,6.1,0.276,0.424,0.196,1,977.0,0.176,358.5,99.6,18,3,0,131.07,371.21,50.87,16.22,206.97
CUST01127,59.5,67.8,52.0,5.4,13.4,1277.97,95.66,4.4,5.7,3.3,11.2,4.3,0.144,0.105,0.024,0,2838.0,0.323,103.2,58.7,5,7,0,233.88,75.01,3.73,347.5,617.86
CUST01128,33.8,43.8,11.7,15.3,9.9,710.25,69.22,3.6,3.3,3.0,34.9,5.7,0.438,0.242,0.101,0,829.0,0.262,188.2,84.2,24,1,0,71.18,131.08,234.32,71.59,202.09
CUST01129,38.2,55.6,34.5,17.4,28.6,1281.97,41.27,10.0,11.3,7.4,16.5,17.7,0.422,0.313,0.176,0,1328.0,0.626,66.5,40.5,11,3,0,323.23,154.44,527.87,151.3,125.13
CUST01130,45.7,90.2,41.7,16.1,19.2,607.12,31.31,6.7,7.6,4.8,11.2,10.8,0.166,0.289,0.172,0,716.0,0.462,27.1,38.0,12,0,0,7.82,125.77,142.05,12.6,318.89
CUST01131,56.4,65.0,63.3,105.8,4.8,235.55,46.8,1.7,1.8,1.3,1.7,0.9,0.245,0.126,0.253,4,276.0,0.053,6.8,4.3,0,0,2,27.45,40.65,155.89,0.91,10.65
CUST01132,21.0,63.4,13.6,9.5,11.4,499.67,48.9,6.5,2.6,2.3,32.6,8.5,0.451,0.509,0.135,1,954.0,0.237,161.1,124.8,22,2,1,107.13,104.97,80.92,7.89,198.77
CUST01133,44.3,125.4,44.2,13.1,34.9,5825.69,148.68,17.7,8.6,8.7,11.4,4.2,0.115,0.043,0.044,1,2738.0,0.336,0.0,41.6,6,7,1,493.58,1908.54,411.98,1676.33,1335.26
CUST01134,39.8,63.0,36.6,19.6,22.2,601.99,38.31,7.3,7.4,7.4,10.8,10.6,0.833,0.257,0.16,0,996.0,0.481,45.7,26.4,21,1,0,17.57,137.91,351.65,90.46,4.4
CUST01135,59.1,94.2,32.7,134.1,3.3,138.83,40.66,1.5,1.1,0.7,1.0,0.9,0.126,0.219,0.285,0,325.0,0.042,7.7,4.3,1,0,4,0.23,17.71,79.0,24.34,17.54
CUST01136,45.1,150.9,31.8,9.6,24.5,3562.09,186.24,8.1,5.1,11.3,9.1,3.9,0.076,0.079,0.03,0,5716.0,0.617,84.5,33.3,1,3,1,1212.86,876.52,162.31,1176.11,134.29
CUST01137,32.5,101.0,27.1,39.0,13.3,1113.97,89.0,5.9,3.9,3.4,8.5,3.8,0.43,0.199,0.077,0,2502.0,0.183,20.1,12.6,5,1,0,202.71,320.46,175.71,196.31,218.78
CUST01138,26.5,55.6,9.6,8.5,10.1,631.47,74.15,4.1,2.5,3.6,39.0,9.1,0.236,0.508,0.214,1,1220.0,0.338,166.4,84.7,21,5,0,266.39,103.33,45.32,158.17,58.26
CUST01139,21.6,66.7,12.1,7.9,22.3,857.69,44.69,8.9,8.4,5.1,31.5,5.7,0.408,0.628,0.235,1,833.0,0.214,195.3,116.3,16,2,2,317.83,272.4,46.06,26.95,194.45
CUST01140,21.4,27.2,12.0,10.6,19.2,1066.29,54.02,10.9,4.9,3.4,10.2,6.4,0.413,0.513,0.116,1,946.0,0.295,123.4,72.7,17,5,0,209.14,177.45,23.14,66.23,590.34
CUST01141,31.4,88.4,28.2,29.3,21.2,1232.53,57.64,10.9,8.4,1.9,10.6,2.5,0.292,0.24,0.053,0,2419.0,0.385,43.0,22.2,4,0,0,370.69,147.63,437.19,35.66,241.36
CUST01142,38.2,85.3,35.1,13.7,21.2,599.58,29.87,7.7,5.5,8.0,18.5,11.2,0.508,0.468,0.125,2,1281.0,0.577,29.8,50.5,14,2,1,153.59,143.95,188.72,16.71,96.61
CUST01143,60.8,63.4,36.0,144.1,1.9,116.3,55.99,1.1,0.8,0.1,2.0,0.7,0.19,0.174,0.124,2,320.0,0.07,8.7,2.3,1,0,5,0.89,15.31,54.09,22.19,23.83
CUST01144,29.2,74.8,14.4,7.4,23.3,1835.32,77.52,10.6,10.1,2.6,40.4,5.8,0.384,0.512,0.196,0,1061.0,0.12,206.3,129.2,19,6,0,272.54,534.95,532.41,288.84,206.57
CUST01145,49.8,65.2,30.4,14.8,26.5,1411.84,50.61,8.8,9.1,8.5,20.1,12.6,1.0,0.33,0.109,0,1655.0,0.348,93.9,34.5,15,2,3,117.92,567.32,645.97,37.51,43.13
CUST01146,28.6,84.4,25.6,1.3,11.8,679.51,53.03,4.0,2.9,5.0,6.1,3.7,0.275,0.072,0.067,0,1254.0,0.429,42.2,24.3,6,2,0,171.0,320.13,35.3,27.75,125.33
CUST01147,46.0,63.8,52.9,139.0,4.4,129.39,27.85,1.8,0.9,1.6,1.9,1.5,0.279,0.254,0.259,2,377.0,0.065,10.2,5.6,1,0,1,11.15,21.03,76.0,2.47,18.74
CUST01148,52.9,37.9,74.4,111.4,2.4,126.88,54.79,0.9,1.0,0.5,1.7,0.7,0.112,0.143,0.286,0,248.0,0.074,7.1,10.4,2,0,3,26.51,12.4,45.46,22.94,19.58
CUST01149,50.6,53.6,31.5,26.0,10.6,705.43,66.03,5.0,4.1,1.5,6.4,2.0,0.136,0.221,0.011,3,2007.0,0.272,42.8,19.3,3,3,2,291.31,67.73,280.39,16.98,49.03
CUST01150,35.8,52.5,29.9,8.4,5.5,287.17,63.74,2.3,2.2,0.9,3.7,5.5,0.275,0.151,0.061,0,95.0,0.379,47.9,28.4,8,1,2,41.99,17.5,72.92,84.07,70.69
CUST01151,61.8,94.0,111.9,212.0,2.5,181.21,60.71,1.5,0.6,0.4,2.4,0.9,0.282,0.124,0.208,4,284.0,0.059,8.4,4.2,0,0,4,0.82,62.56,77.2,31.54,9.08
CUST01152,37.8,79.9,14.0,45.3,14.8,1169.18,85.4,7.6,6.8,0.4,8.5,5.1,0.218,0.259,0.104,0,1526.0,0.357,17.8,14.8,4,2,2,157.12,228.38,68.39,370.94,344.35
CUST01153,46.8,17.7,63.2,117.2,5.2,107.84,20.75,2.4,1.8,1.0,0.7,0.8,0.179,0.187,0.197,1,198.0,0.066,10.0,6.8,3,0,1,9.59,50.7,26.71,13.55,7.29
CUST01154,42.6,51.5,45.2,143.8,3.5,191.66,53.02,1.1,1.4,1.1,2.4,2.0,0.208,0.261,0.258,3,323.0,0.062,5.2,7.5,2,1,4,11.74,15.59,71.62,47.8,44.92
CUST01155,50.4,58.5,78.0,0.0,2.7,141.81,48.45,1.2,1.3,0.2,1.9,0.8,0.306,0.237,0.249,3,307.0,0.046,7.6,9.0,0,0,2,28.26,16.76,58.2,32.64,5.93
CUST01156,38.5,80.6,84.0,232.6,1.4,48.72,36.74,0.6,0.3,0.5,1.6,1.3,0.219,0.198,0.19,1,368.0,0.032,10.3,5.5,1,0,2,0.5,6.43,22.51,15.11,4.17
CUST01157,39.8,152.8,47.5,9.9,22.5,1128.77,55.14,7.0,6.8,8.7,8.9,3.2,0.083,0.088,0.018,0,5211.0,0.384,86.0,24.0,11,10,0,179.06,231.0,191.37,444.28,83.05
CUST01158,45.1,80.4,36.3,29.5,4.4,230.73,45.54,1.3,1.9,1.2,3.3,4.4,0.12,0.154,0.071,1,2456.0,0.302,32.0,12.5,3,0,1,52.05,40.92,66.95,60.96,9.86
CUST01159,40.4,86.5,26.1,21.5,9.8,835.18,80.17,3.7,3.9,2.2,8.2,6.1,0.336,0.247,0.075,0,1445.0,0.286,20.5,17.2,6,1,1,171.91,140.74,168.98,68.57,284.99
CUST01160,51.2,117.8,38.1,6.6,22.0,4663.47,187.4,12.8,8.0,1.2,13.7,2.1,0.065,0.102,0.038,0,4956.0,0.579,101.0,32.7,10,6,0,1163.72,817.66,504.8,1457.16,720.13
CUST01161,49.4,80.7,39.2,46.4,12.0,690.54,54.95,5.1,5.9,0.9,7.2,5.4,0.192,0.267,0.093,0,2609.0,0.328,55.6,23.0,3,1,0,63.2,202.48,145.49,163.46,115.91
CUST01162,44.7,111.0,26.7,11.4,26.1,5355.85,191.37,11.5,6.9,7.7,10.4,4.0,0.077,0.091,0.038,0,5669.0,0.573,85.2,25.3,10,5,2,1452.18,1311.9,5.87,1356.6,1229.29
CUST01163,40.3,56.1,31.4,7.9,26.2,702.53,31.06,15.4,5.3,5.6,15.4,15.9,0.735,0.397,0.135,1,1794.0,0.469,80.8,33.1,15,3,1,3.61,141.12,102.85,17.52,437.43
CUST01164,50.6,75.5,64.9,108.1,2.8,195.29,64.99,1.6,1.4,0.0,1.6,0.4,0.212,0.165,0.189,2,414.0,0.038,7.4,3.8,0,0,4,31.78,10.68,56.79,39.15,56.88
CUST01165,36.5,107.4,24.2,9.1,28.1,4099.88,153.36,10.3,7.0,10.9,10.1,0.4,0.098,0.079,0.039,0,2799.0,0.62,81.5,38.6,8,4,0,1169.18,1333.82,293.13,694.58,609.17
CUST01166,47.2,94.0,31.1,41.3,12.0,718.24,60.18,6.0,5.6,0.3,5.2,4.0,0.264,0.244,0.085,0,1607.0,0.399,32.4,22.8,4,3,1,211.24,139.26,8.15,281.68,77.91
CUST01167,30.3,76.1,32.7,23.6,16.3,1241.85,87.08,4.9,3.5,7.9,6.1,4.8,0.215,0.187,0.056,0,1242.0,0.374,51.3,10.1,6,2,3,205.24,341.39,241.42,316.83,136.96
CUST01168,22.9,44.1,13.2,12.7,19.7,1107.13,60.94,9.2,5.3,5.3,22.8,9.4,0.28,0.513,0.156,0,495.0,0.262,322.2,115.7,9,4,0,209.19,490.03,25.53,198.73,183.65
CUST01169,42.2,126.4,28.3,1.8,24.1,4673.22,172.38,12.1,10.1,2.0,11.9,1.9,0.073,0.093,0.038,0,2209.0,0.397,111.6,35.4,6,2,0,1814.47,818.99,176.63,1144.66,718.46
CUST01170,32.5,40.0,26.6,9.5,32.1,767.98,31.35,10.4,9.4,12.3,12.4,18.5,0.968,0.348,0.135,0,1493.0,0.372,14.4,10.7,12,3,1,49.31,294.11,352.81,50.42,21.33
CUST01171,52.2,43.3,51.5,150.9,4.1,284.95,69.41,2.2,1.4,0.5,1.2,1.0,0.253,0.214,0.291,2,254.0,0.065,7.7,3.0,3,0,2,127.24,7.36,76.58,27.9,45.88
CUST01172,34.1,93.4,38.2,41.7,5.1,499.28,89.69,2.3,2.0,0.7,8.9,0.0,0.225,0.127,0.067,0,2326.0,0.171,49.3,7.5,4,2,0,69.54,25.28,167.81,214.25,22.39
CUST01173,45.3,65.2,84.1,167.9,2.7,132.57,42.94,1.3,1.1,0.4,1.1,1.3,0.186,0.19,0.171,4,241.0,0.051,11.1,6.4,1,1,3,32.63,6.98,74.49,2.42,16.05
CUST01174,49.6,59.8,19.5,17.4,33.1,1531.21,50.09,11.2,14.0,7.9,8.6,22.0,0.333,0.488,0.082,3,1734.0,0.563,71.4,45.6,10,1,1,87.3,239.98,674.99,399.54,129.4
CUST01175,26.5,67.7,76.0,202.5,4.3,253.55,61.33,1.7,2.1,0.5,2.3,1.8,0.276,0.16,0.264,2,113.0,0.043,9.2,5.9,0,0,2,70.64,18.47,85.83,22.97,55.63
CUST01176,26.2,53.5,12.2,7.8,18.1,1032.58,48.1,6.8,4.0,7.3,7.7,7.5,0.327,0.585,0.162,0,1170.0,0.337,184.0,42.2,24,2,0,263.2,250.6,211.78,25.22,281.78
CUST01177,56.3,55.5,90.0,234.5,2.1,70.0,30.35,0.7,0.6,0.8,2.2,1.2,0.161,0.218,0.125,1,254.0,0.049,9.6,6.2,0,0,3,20.79,2.21,40.97,1.46,4.57
CUST01178,38.8,100.3,53.3,4.0,18.7,3460.03,203.72,9.2,5.8,3.7,15.1,2.4,0.152,0.066,0.04,1,4330.0,0.553,93.7,35.1,5,7,1,493.54,1773.22,222.79,351.16,619.33
CUST01179,37.8,33.7,32.7,77.2,1.9,121.56,55.5,0.6,0.7,0.6,2.8,1.1,0.223,0.187,0.211,1,233.0,0.05,6.1,3.5,2,0,2,10.82,8.93,65.0,18.82,17.99
CUST01180,18.0,63.1,11.9,11.5,32.9,2632.29,81.16,18.0,13.9,0.9,37.4,1.4,0.345,0.381,0.167,0,615.0,0.258,127.9,77.2,28,2,0,1100.86,589.67,52.68,253.16,635.92
CUST01181,44.2,75.8,28.0,30.9,8.1,298.7,43.05,2.8,3.7,1.6,11.2,2.9,0.248,0.269,0.084,1,1157.0,0.343,47.9,18.1,2,2,0,18.62,41.39,30.96,68.8,138.94
CUST01182,42.6,50.1,23.5,21.1,15.3,821.95,45.95,8.6,5.6,1.0,17.2,13.5,0.389,0.331,0.157,4,870.0,0.372,58.8,18.6,6,2,1,20.37,395.23,258.61,95.65,52.09
CUST01183,68.4,52.7,55.2,163.9,2.8,99.15,31.18,1.6,1.2,0.0,0.9,0.1,0.252,0.112,0.275,0,334.0,0.035,11.9,5.8,0,0,3,35.81,3.87,47.07,1.63,10.76
CUST01184,35.9,73.8,20.3,48.0,6.8,256.1,38.43,3.3,2.0,1.5,7.0,4.6,0.256,0.183,0.086,3,2657.0,0.416,37.9,9.0,3,3,1,55.23,68.85,23.62,47.05,61.35
CUST01185,45.8,115.3,42.2,5.7,26.3,4113.75,138.79,15.6,12.5,0.0,15.6,5.2,0.089,0.105,0.033,0,2841.0,0.506,83.4,62.2,6,4,0,813.55,487.63,198.39,1821.41,792.77
CUST01186,38.0,93.5,37.0,47.9,14.2,833.55,58.87,4.8,6.9,2.5,10.8,6.6,0.156,0.351,0.048,2,1378.0,0.394,40.7,13.2,6,1,2,214.26,184.11,131.26,146.86,157.05
CUST01187,44.1,76.0,41.8,67.3,2.2,136.58,60.72,0.8,0.5,0.9,0.8,1.2,0.197,0.12,0.21,1,269.0,0.062,8.1,6.4,2,0,1,45.78,28.6,35.21,24.88,2.12
CUST01188,38.2,100.3,43.3,5.5,29.7,3934.3,154.67,17.0,12.1,0.6,8.6,2.3,0.122,0.071,0.035,0,2310.0,0.437,138.4,43.6,13,3,0,416.01,2253.49,144.61,1058.19,61.99
CUST01189,42.3,75.0,28.7,15.3,14.6,428.64,31.37,6.5,6.7,1.3,12.6,4.7,0.689,0.446,0.15,2,1158.0,0.473,70.5,63.0,15,5,0,114.25,105.02,110.15,36.48,62.75
CUST01190,29.5,77.9,44.4,156.9,5.1,294.09,59.5,2.5,2.4,0.2,0.8,0.5,0.308,0.204,0.111,1,280.0,0.051,6.8,5.0,1,0,2,31.99,24.99,102.7,87.67,46.74
CUST01191,53.5,88.2,69.4,7.1,24.9,3977.67,165.98,13.1,7.6,4.3,4.7,3.2,0.09,0.137,0.022,0,4492.0,0.852,141.5,46.1,6,5,0,945.69,585.93,552.49,1474.15,419.41
CUST01192,26.6,77.0,12.1,9.3,18.7,804.55,45.11,9.8,4.0,5.0,25.6,5.0,0.14,0.362,0.178,1,1239.0,0.182,126.3,61.2,10,1,0,148.72,342.09,16.56,39.43,257.75
CUST01193,40.5,85.5,36.6,25.2,22.5,1385.06,53.96,12.8,10.9,0.0,13.3,10.1,0.55,0.394,0.079,2,1209.0,0.383,88.9,65.4,13,2,1,377.68,74.3,658.39,44.83,229.86
CUST01194,47.3,57.2,54.4,151.8,3.5,122.59,38.12,1.6,0.8,1.1,2.3,0.7,0.202,0.173,0.263,4,344.0,0.055,5.1,3.7,1,0,1,11.59,10.57,79.75,2.09,18.59
CUST01195,61.1,110.6,17.4,9.7,17.3,3448.97,187.84,9.8,4.3,3.2,15.2,3.2,0.125,0.081,0.025,1,5543.0,0.347,88.7,27.0,3,2,3,735.85,748.79,70.71,1157.46,736.15
CUST01196,58.1,91.9,28.9,40.5,8.4,690.97,67.94,4.1,4.2,0.1,6.2,3.6,0.193,0.164,0.07,0,2084.0,0.315,34.6,10.5,3,0,2,296.54,44.93,89.59,28.61,231.29
CUST01197,48.1,68.4,32.2,34.9,6.1,492.59,76.16,2.3,2.0,1.7,7.7,6.1,0.393,0.261,0.095,0,1437.0,0.217,37.8,27.6,5,0,0,96.71,96.58,193.48,28.57,77.25
CUST01198,29.1,98.5,31.2,47.9,14.0,1179.77,62.12,5.9,5.3,2.9,16.2,6.2,0.182,0.284,0.019,1,1785.0,0.167,37.4,23.1,6,2,1,284.72,214.74,190.87,166.45,322.99
CUST01199,47.7,97.9,77.7,34.6,3.0,141.47,47.08,1.7,1.0,0.4,1.4,1.3,0.262,0.186,0.164,2,250.0,0.053,7.5,3.1,3,0,1,3.68,6.95,58.27,6.3,66.27
CUST01200,45.0,94.4,69.1,11.8,35.9,6512.67,179.15,13.7,10.6,11.6,14.6,2.6,0.164,0.047,0.019,0,4337.0,0.278,83.7,45.9,8,5,1,1581.02,504.06,1631.85,1873.01,922.72
CUST01201,42.8,74.7,60.7,125.3,2.7,147.09,66.8,1.2,0.5,1.0,3.2,1.4,0.202,0.229,0.274,3,151.0,0.067,9.5,6.7,2,0,4,42.2,16.83,30.45,0.95,56.66
CUST01202,47.0,102.0,53.0,13.3,43.0,7923.53,171.91,22.7,12.3,7.9,10.7,1.8,0.121,0.065,0.023,1,5015.0,0.5,61.6,39.8,6,3,0,3023.1,1777.63,455.55,1370.69,1296.55
CUST01203,53.5,97.4,37.5,3.9,37.1,6371.57,176.79,19.8,8.2,9.1,2.9,3.6,0.073,0.083,0.016,0,4316.0,0.054,76.3,39.7,5,4,0,1499.5,1061.67,352.95,1042.38,2415.06
CUST01204,39.9,60.1,37.8,8.6,31.8,862.06,27.46,16.4,8.6,6.9,8.4,11.0,0.448,0.345,0.192,0,1808.0,0.364,74.8,58.3,10,3,2,110.51,38.32,458.09,22.32,232.82
CUST01205,30.2,61.6,19.9,7.7,6.0,270.68,43.87,2.7,2.5,0.8,26.4,6.0,0.263,0.352,0.142,1,1130.0,0.169,178.7,32.3,19,4,1,62.83,35.78,41.96,17.32,112.8
CUST01206,42.0,49.6,50.4,96.8,3.5,147.51,49.13,1.1,1.5,0.9,3.2,0.9,0.196,0.169,0.199,1,270.0,0.072,9.8,7.4,0,1,2,13.33,52.05,25.16,43.53,13.45
CUST01207,58.8,67.7,60.6,140.6,3.6,175.28,52.12,1.4,1.5,0.6,2.6,0.5,0.233,0.19,0.171,4,422.0,0.034,13.1,7.7,3,0,1,0.81,2.07,103.33,16.89,52.18
CUST01208,32.8,76.8,6.8,12.7,21.1,1441.35,61.02,6.4,10.5,4.3,26.7,7.2,0.129,0.361,0.207,1,712.0,0.246,98.7,62.4,16,5,1,218.11,107.96,114.71,50.25,950.32
CUST01209,45.3,56.6,25.5,17.8,16.4,653.06,40.37,9.8,7.1,0.0,17.5,12.8,0.449,0.388,0.11,0,635.0,0.3,68.5,61.2,15,3,2,45.01,210.04,277.33,59.62,61.07
CUST01210,39.4,76.8,13.1,14.7,14.7,818.24,50.29,6.3,3.3,5.1,10.3,3.7,0.265,0.117,0.102,2,1937.0,0.35,57.0,19.5,1,0,2,169.21,199.65,115.23,201.41,132.74
CUST01211,18.8,43.1,14.3,9.7,11.8,1081.26,82.58,4.6,5.7,1.6,21.2,7.4,0.417,0.205,0.147,0,817.0,0.23,156.9,71.7,17,1,1,305.15,339.93,64.75,30.45,340.98
CUST01212,29.0,36.3,11.7,10.8,19.0,960.42,50.46,7.9,4.1,7.0,26.4,5.5,0.251,0.571,0.164,0,880.0,0.324,164.2,128.2,22,2,2,457.65,134.56,8.73,9.38,350.1
CUST01213,36.8,165.7,53.6,8.2,39.9,10151.23,221.45,12.8,10.6,16.5,5.2,3.0,0.092,0.125,0.036,0,4117.0,0.105,79.1,34.5,7,6,1,3286.21,1747.86,859.02,1411.7,2846.43
CUST01214,52.2,54.9,52.5,56.1,4.1,155.48,36.49,1.9,1.5,0.7,1.3,1.9,0.294,0.162,0.147,2,347.0,0.058,9.4,1.6,0,0,6,4.63,1.52,125.18,20.48,3.67
CUST01215,33.5,47.3,27.5,105.6,3.3,208.04,53.75,1.6,1.5,0.1,2.2,1.0,0.199,0.189,0.238,4,348.0,0.056,4.5,6.4,0,0,5,35.44,11.6,124.48,0.1,36.42
CUST01216,28.1,65.7,19.9,11.6,8.0,261.54,28.79,2.7,3.6,1.7,14.7,8.0,0.479,0.601,0.121,0,1633.0,0.397,48.0,21.8,12,1,2,38.07,22.79,173.15,2.45,25.09
CUST01217,45.4,98.7,46.4,5.6,42.1,4164.43,96.77,24.0,11.0,7.2,5.8,2.0,0.078,0.053,0.026,0,2929.0,0.351,137.3,45.7,15,2,1,2348.03,501.84,95.65,405.78,813.13
CUST01218,53.6,81.6,61.9,113.2,4.2,182.53,44.34,1.6,1.1,1.5,2.4,0.7,0.261,0.131,0.252,4,372.0,0.053,10.5,2.7,2,0,0,39.74,42.16,72.25,5.96,22.42
CUST01219,75.4,63.1,68.6,95.5,3.1,150.78,53.05,1.2,0.9,1.0,2.4,1.1,0.151,0.208,0.195,1,425.0,0.044,5.2,6.3,1,0,2,29.1,29.58,30.61,20.05,41.42
CUST01220,37.2,57.7,15.3,7.7,23.8,683.13,33.69,8.5,11.8,3.5,15.4,18.2,0.877,0.406,0.097,3,1011.0,0.285,80.4,45.0,9,3,2,74.2,93.34,377.96,74.87,62.77
CUST01221,39.7,79.6,38.1,38.5,5.7,205.97,42.16,2.3,2.3,1.1,11.1,1.5,0.2,0.209,0.098,0,2173.0,0.206,8.0,25.7,6,1,1,44.84,6.04,73.54,46.17,35.37
CUST01222,44.2,43.4,73.0,9.3,26.9,4383.72,184.47,16.0,9.8,1.2,8.1,3.7,0.107,0.095,0.018,0,5810.0,0.559,73.3,55.7,8,6,1,1139.34,764.62,570.85,1358.75,550.16
CUST01223,27.9,68.0,12.2,11.4,17.3,983.82,61.63,5.3,7.7,4.2,35.0,7.4,0.408,0.299,0.102,2,1456.0,0.188,259.8,77.8,17,5,1,419.52,415.97,96.74,6.36,45.23
CUST01224,34.3,83.4,40.9,26.5,13.5,947.11,72.47,4.7,6.3,2.4,8.4,7.3,0.229,0.185,0.084,1,2305.0,0.278,23.0,35.8,7,0,0,124.82,211.43,128.31,64.03,418.52
CUST01225,23.3,42.2,15.1,10.0,14.2,453.67,32.43,5.2,6.3,2.7,19.4,8.3,0.22,0.329,0.139,0,1183.0,0.084,357.2,82.8,14,1,2,235.76,125.34,46.12,23.25,23.2
CUST01226,50.9,77.5,87.5,104.3,5.5,252.23,47.3,2.5,2.2,0.8,2.4,1.1,0.215,0.141,0.15,3,302.0,0.059,5.8,1.6,1,0,3,2.34,6.83,174.76,38.24,30.07
CUST01227,51.3,55.0,40.7,18.5,26.7,818.02,35.55,8.2,7.1,11.4,15.7,16.0,0.538,0.34,0.088,0,1033.0,0.547,50.3,47.7,13,1,3,2.54,59.8,472.1,64.37,219.22
CUST01228,36.0,49.5,32.8,16.4,18.8,1009.79,57.19,6.7,6.2,5.9,13.2,3.2,0.471,0.145,0.088,0,1368.0,0.336,52.0,21.2,10,5,0,28.57,259.3,291.98,321.61,108.34
CUST01229,43.1,98.6,39.3,16.4,9.8,696.96,68.49,4.0,4.5,1.4,13.4,5.7,0.281,0.101,0.082,0,1685.0,0.297,16.4,23.8,5,2,1,210.62,86.36,94.59,5.56,299.84
CUST01230,18.7,70.5,12.8,11.5,4.9,340.59,67.04,1.6,1.6,1.7,30.4,4.9,0.316,0.39,0.204,1,674.0,0.112,108.9,105.6,24,7,1,129.17,87.27,17.35,33.07,73.73
CUST01231,33.7,78.3,23.6,53.1,13.6,630.29,43.3,7.8,4.9,0.9,5.7,3.2,0.247,0.225,0.114,1,1725.0,0.251,31.0,24.5,3,3,0,174.55,233.67,64.52,19.26,138.28
CUST01232,49.2,76.6,38.0,21.5,32.1,981.46,32.07,17.8,13.5,0.8,17.4,7.0,0.715,0.41,0.074,1,2427.0,0.285,52.3,44.8,13,3,0,34.19,419.34,518.6,8.21,1.11
CUST01233,35.4,52.0,25.6,21.5,30.3,1192.16,41.22,13.4,8.0,8.8,14.9,9.9,0.632,0.442,0.101,4,1719.0,0.505,41.3,15.4,17,1,1,73.09,250.18,697.34,39.74,131.8
CUST01234,43.9,99.9,47.7,0.9,21.1,1002.88,53.19,9.2,6.5,5.4,10.5,3.5,0.088,0.05,0.028,0,1389.0,0.591,47.3,33.8,4,7,0,312.72,183.84,77.92,323.62,104.78
CUST01235,49.6,70.3,49.9,72.7,3.3,309.31,82.81,1.7,1.3,0.3,2.8,0.9,0.155,0.184,0.165,3,294.0,0.05,12.0,6.7,1,0,3,45.5,34.49,188.88,33.13,7.32
CUST01236,30.3,48.3,29.1,5.6,16.8,641.88,36.82,5.2,5.3,6.2,17.7,16.8,0.718,0.382,0.08,1,889.0,0.496,73.6,47.6,12,2,3,84.06,261.69,194.29,1.99,99.84
CUST01237,25.3,72.9,43.5,27.5,8.3,503.09,60.82,2.8,2.3,3.3,7.8,5.7,0.251,0.239,0.149,0,2438.0,0.272,37.0,27.3,6,0,0,159.82,95.24,85.85,54.2,107.99
CUST01238,26.6,47.5,11.9,14.6,12.6,740.55,66.01,6.8,4.8,1.0,26.5,4.9,0.246,0.306,0.137,0,1261.0,0.264,222.7,67.3,19,4,0,54.78,118.65,82.92,84.51,399.69
CUST01239,41.8,48.5,35.7,33.6,13.5,961.87,75.93,5.6,4.0,4.0,6.0,4.1,0.23,0.265,0.091,0,1945.0,0.299,46.0,19.4,4,0,1,341.98,153.52,124.4,292.79,49.17
CUST01240,29.5,46.8,31.5,18.6,32.4,1420.17,39.31,9.8,6.9,15.8,5.2,7.3,0.648,0.46,0.108,0,1278.0,0.406,81.4,40.5,13,0,2,64.62,478.25,484.38,388.99,3.93
CUST01241,23.5,44.9,31.2,37.4,9.1,462.66,61.16,3.0,4.0,2.1,8.1,3.0,0.232,0.173,0.087,1,2400.0,0.441,40.6,26.0,9,1,2,59.03,58.48,64.44,174.13,106.59
CUST01242,40.8,75.9,72.7,123.4,3.3,143.5,43.8,1.3,0.9,1.1,1.1,0.0,0.192,0.145,0.257,3,399.0,0.075,5.6,2.0,0,0,6,39.17,4.11,69.58,1.52,29.11
CUST01243,45.2,91.4,48.6,126.8,4.0,228.63,57.45,1.8,0.9,1.3,1.9,0.8,0.235,0.222,0.195,2,329.0,0.042,6.6,5.3,1,0,3,2.27,44.87,137.06,27.28,17.13
CUST01244,37.1,80.2,37.6,34.0,10.8,1198.63,107.39,5.4,4.7,0.7,1.8,5.2,0.292,0.146,0.101,1,2343.0,0.289,47.3,28.3,10,0,2,65.52,199.3,85.23,496.98,351.59
CUST01245,63.2,62.0,58.2,67.7,2.7,129.27,55.86,1.0,1.4,0.4,2.7,0.9,0.215,0.066,0.213,3,206.0,0.037,7.5,4.5,1,0,1,8.65,22.22,74.32,10.0,14.08
CUST01246,41.7,47.9,54.9,210.3,3.6,162.99,45.78,1.5,1.3,0.8,1.8,1.3,0.252,0.201,0.189,2,350.0,0.062,4.7,8.3,0,0,5,29.81,37.39,73.08,15.32,7.39
CUST01247,49.5,74.4,33.3,11.2,17.2,1736.68,95.32,6.2,7.3,3.7,6.1,4.2,0.129,0.033,0.034,0,2630.0,0.487,49.6,27.2,2,6,1,533.46,349.45,83.47,616.02,154.28
CUST01248,51.4,111.8,39.0,4.9,9.4,991.24,159.75,5.6,4.0,0.0,14.5,4.2,0.073,0.118,0.049,0,3856.0,0.529,108.0,47.0,10,9,0,236.97,511.18,5.23,108.25,129.6
CUST01249,31.4,57.1,28.3,40.7,12.3,527.83,51.26,6.5,3.8,2.0,7.9,3.9,0.293,0.208,0.071,0,2432.0,0.354,24.9,17.9,6,0,2,81.83,237.6,12.78,76.25,119.37
CUST01250,38.5,58.8,63.4,66.5,2.8,216.77,72.54,1.4,0.9,0.5,2.9,1.4,0.093,0.22,0.076,2,146.0,0.032,8.6,8.2,1,0,2,36.65,51.54,101.81,14.0,12.78
CUST01251,39.4,59.9,60.9,141.2,3.9,210.31,53.66,1.5,1.2,1.3,2.0,1.0,0.197,0.209,0.17,5,103.0,0.072,8.6,4.0,1,0,2,59.4,53.64,68.06,17.32,11.9
CUST01252,25.1,48.1,12.8,8.0,16.7,1366.2,78.01,6.3,3.7,6.6,35.3,6.9,0.372,0.523,0.21,0,902.0,0.241,78.3,80.0,13,2,2,150.98,147.01,236.41,346.12,485.69
CUST01253,38.1,77.5,25.5,10.2,36.5,3861.67,119.54,19.6,16.9,0.0,13.0,2.8,0.04,0.113,0.038,0,5007.0,0.793,142.3,35.9,4,5,2,731.9,584.88,155.11,1820.54,569.25
CUST01254,65.2,118.1,77.6,7.8,44.9,2117.74,53.34,19.3,18.4,7.2,7.7,3.7,0.129,0.134,0.044,0,3691.0,0.612,111.6,39.7,4,8,0,242.68,880.78,183.92,383.86,426.49
CUST01255,38.6,45.3,58.1,96.0,3.5,125.73,38.15,1.1,1.0,1.4,1.1,1.7,0.22,0.224,0.159,4,321.0,0.071,8.9,4.6,1,0,3,5.26,53.03,46.38,9.07,12.0
CUST01256,18.0,42.1,12.5,12.8,15.3,1174.97,72.56,7.4,5.2,2.7,29.5,8.4,0.175,0.193,0.137,0,767.0,0.254,193.8,103.8,17,1,1,167.26,842.47,15.99,36.4,112.85
CUST01257,34.3,75.3,20.8,17.9,22.7,345.32,16.43,11.0,11.0,0.7,10.3,22.7,0.0,0.15,0.146,1,1728.0,0.395,64.1,34.0,10,1,4,57.28,72.46,130.29,30.6,54.69
CUST01258,29.0,49.7,13.3,15.3,15.5,705.88,49.18,8.0,7.4,0.1,28.7,4.8,0.262,0.262,0.104,1,665.0,0.41,143.2,71.9,20,0,0,78.57,445.87,3.24,76.01,102.19
CUST01259,54.1,125.0,42.5,10.4,22.2,2656.94,116.31,9.3,6.5,6.4,17.2,2.7,0.102,0.089,0.034,0,3606.0,0.572,62.6,38.6,5,6,1,952.91,799.64,117.59,598.24,188.56
CUST01260,23.9,63.5,14.4,5.7,12.6,868.03,67.43,6.1,4.9,1.6,35.5,8.0,0.265,0.209,0.151,0,850.0,0.228,166.0,81.7,12,3,2,267.42,326.89,75.8,63.93,133.99
CUST01261,44.6,84.0,19.3,21.8,22.8,457.44,16.85,11.7,4.6,6.4,5.5,8.3,0.408,0.487,0.098,0,912.0,0.536,75.6,33.3,12,3,0,84.86,187.76,102.58,57.25,25.0
CUST01262,29.6,45.1,69.8,182.9,3.7,87.68,21.1,1.6,1.9,0.3,2.3,1.3,0.31,0.248,0.129,1,359.0,0.042,8.0,2.0,0,0,4,8.6,20.06,15.34,30.35,13.32
CUST01263,46.5,66.1,32.0,9.1,20.4,713.91,33.89,7.3,9.7,3.4,7.1,11.0,0.729,0.276,0.087,0,1368.0,0.286,99.9,18.6,17,2,2,30.01,337.4,277.62,17.89,50.99
CUST01264,25.0,69.5,10.2,8.3,11.2,812.96,70.78,4.3,2.7,4.1,33.1,9.8,0.164,0.459,0.173,0,665.0,0.214,237.3,47.3,22,1,0,284.24,164.0,193.86,73.91,96.96
CUST01265,37.8,101.5,26.9,7.5,6.2,975.73,177.11,2.5,1.7,2.0,11.9,1.3,0.156,0.07,0.045,1,4784.0,0.507,96.2,39.7,8,3,1,244.71,236.45,11.19,256.15,227.22
CUST01266,48.9,153.7,58.0,6.2,29.2,2285.97,87.96,14.1,13.3,1.8,12.1,5.0,0.055,0.083,0.021,0,4691.0,0.415,100.3,37.2,5,4,0,681.14,724.69,72.6,352.02,455.52
CUST01267,32.8,78.8,27.7,10.9,26.4,1305.92,50.75,10.4,5.8,10.3,23.9,11.0,0.584,0.229,0.148,1,1280.0,0.439,106.4,51.5,10,5,3,318.74,368.02,413.95,55.34,149.86
CUST01268,26.9,39.5,14.7,0.0,24.6,1570.76,55.24,12.3,12.3,0.0,40.8,5.6,0.421,0.307,0.169,2,772.0,0.334,44.7,84.5,19,6,0,560.37,743.62,42.88,72.5,151.38
CUST01269,29.6,40.1,67.9,139.4,4.3,197.5,49.05,2.3,1.0,1.1,2.2,1.4,0.281,0.247,0.155,3,312.0,0.079,6.5,4.2,2,0,4,13.03,35.37,88.2,15.18,45.71
CUST01270,38.7,63.1,26.5,8.9,19.0,497.68,25.18,6.0,4.4,8.5,10.2,6.2,0.795,0.421,0.108,0,1695.0,0.29,67.9,54.0,12,2,1,26.82,33.75,126.61,53.75,256.74
CUST01271,51.6,76.7,39.8,154.2,2.2,56.85,28.15,0.8,0.6,0.8,1.5,1.0,0.152,0.0,0.177,1,303.0,0.064,11.4,7.0,0,0,0,12.27,2.91,14.11,9.65,17.91
CUST01272,35.4,90.1,21.4,27.7,11.8,1020.91,77.5,4.8,3.0,4.1,8.9,2.0,0.329,0.141,0.078,1,1799.0,0.368,39.0,21.8,3,1,1,525.7,173.54,76.06,167.43,78.18
CUST01273,50.7,62.7,35.2,131.0,1.3,94.65,73.16,0.5,0.4,0.4,2.0,1.3,0.232,0.21,0.157,2,358.0,0.035,11.3,1.2,0,0,2,5.92,17.59,26.72,17.44,26.99
CUST01274,39.5,112.6,40.1,7.0,35.6,4194.58,119.03,13.3,15.4,6.8,9.3,4.3,0.101,0.122,0.037,1,6289.0,0.583,68.2,31.8,4,12,1,1107.06,860.35,49.51,1405.72,771.95
CUST01275,26.3,58.5,16.4,12.6,19.9,1190.06,59.54,7.6,6.8,5.4,33.1,7.7,0.167,0.204,0.127,2,1091.0,0.232,202.1,42.4,16,2,0,305.38,290.65,214.12,135.76,244.15
CUST01276,37.6,90.0,59.7,2.9,34.4,5533.71,159.77,13.1,15.8,5.5,10.9,2.7,0.051,0.078,0.037,0,4820.0,0.409,110.7,24.8,4,5,2,699.28,433.69,692.96,3279.71,428.07
CUST01277,19.2,71.7,17.4,13.0,24.5,711.35,29.06,8.5,5.1,10.9,15.9,15.7,0.572,0.263,0.134,1,1542.0,0.435,62.7,45.4,15,1,1,22.77,231.33,280.5,99.1,77.65
CUST01278,39.7,84.7,30.4,51.4,7.9,304.78,33.74,4.3,2.1,1.6,12.3,3.3,0.168,0.186,0.086,0,1268.0,0.229,33.6,18.4,10,0,2,143.67,68.51,26.73,54.0,11.87
CUST01279,51.4,164.6,60.8,8.8,14.0,3546.95,233.78,4.6,4.1,5.3,5.0,4.9,0.102,0.084,0.037,0,4207.0,0.447,69.7,35.5,6,7,1,1007.93,1306.74,563.16,467.35,201.77
CUST01280,18.0,44.5,10.4,8.5,17.1,1035.77,65.54,7.8,3.9,5.3,28.3,7.5,0.292,0.46,0.126,1,863.0,0.253,276.4,133.1,22,5,0,229.8,81.63,101.14,17.21,606.0
CUST01281,51.5,59.5,68.0,149.7,4.3,205.93,40.31,1.4,1.0,2.0,2.7,1.6,0.215,0.183,0.168,3,226.0,0.055,10.6,7.9,0,1,3,93.55,22.06,54.59,6.11,29.63
CUST01282,49.5,55.5,55.9,256.3,3.1,191.82,58.37,1.6,0.6,0.9,0.3,0.8,0.127,0.304,0.091,1,262.0,0.052,7.9,5.3,2,0,2,32.88,16.17,66.02,37.94,38.81
CUST01283,27.9,58.9,10.0,16.5,13.7,514.22,43.13,4.9,5.7,3.1,13.0,2.6,0.328,0.296,0.14,2,829.0,0.184,197.0,87.6,18,2,0,70.35,213.48,38.9,30.28,161.21
CUST01284,35.5,149.0,26.9,5.8,30.8,5425.54,171.24,14.8,12.7,3.3,10.2,2.5,0.135,0.07,0.009,0,5485.0,0.528,98.9,36.3,4,7,0,509.22,2317.15,615.43,546.06,1437.69
CUST01285,41.3,61.7,47.2,10.7,22.8,981.12,47.64,11.8,9.2,1.8,14.3,17.7,0.481,0.38,0.073,1,1096.0,0.463,61.0,47.2,8,0,2,78.23,141.76,433.45,294.52,33.16
CUST01286,28.6,39.0,11.4,14.7,16.1,1615.79,93.93,5.6,3.5,7.0,16.1,11.8,0.182,0.414,0.163,1,1017.0,0.359,285.7,151.1,23,4,0,363.42,700.15,184.7,115.96,251.56
CUST01287,52.0,96.3,54.0,9.3,36.7,3196.25,116.87,11.2,12.1,13.4,11.4,1.1,0.128,0.097,0.014,1,4519.0,0.469,72.8,56.6,14,4,0,727.99,1156.96,163.3,767.09,380.91
CUST01288,41.1,59.1,33.3,11.8,30.9,1166.96,40.85,9.3,10.7,10.9,11.2,19.1,0.633,0.456,0.137,0,1368.0,0.396,0.0,43.6,11,1,2,31.61,249.9,820.24,47.27,17.94
CUST01289,53.3,123.7,30.9,6.0,28.8,3767.27,138.08,16.1,13.3,0.0,9.4,3.4,0.112,0.081,0.038,0,2563.0,0.743,134.3,31.0,4,5,0,849.49,1559.45,148.25,824.57,385.5
CUST01290,32.9,142.4,75.9,3.7,24.3,3589.93,131.11,10.4,11.2,2.7,15.3,2.5,0.086,0.085,0.039,0,4521.0,0.684,117.1,21.1,6,2,1,542.07,737.18,33.51,1901.02,376.16
CUST01291,40.8,64.6,36.3,12.7,15.9,503.36,41.18,5.9,4.9,5.2,3.9,15.9,0.871,0.407,0.145,0,1353.0,0.292,83.4,28.4,7,2,0,184.03,185.22,110.65,10.03,13.43
CUST01292,49.9,123.0,40.4,13.7,23.1,1542.38,75.7,10.9,7.5,4.7,5.8,2.5,0.143,0.063,0.025,0,3527.0,0.43,82.1,26.7,4,9,1,309.91,585.4,141.57,470.07,35.43
CUST01293,34.9,52.8,14.4,14.9,15.2,1028.41,62.59,7.1,3.3,4.7,15.6,9.7,0.221,0.577,0.18,1,1190.0,0.251,121.5,64.5,15,3,1,399.02,122.51,9.65,150.74,346.49
CUST01294,57.2,56.4,59.9,79.0,1.6,105.15,52.87,0.9,0.6,0.1,1.8,1.0,0.266,0.232,0.189,4,361.0,0.036,2.9,6.4,2,0,1,21.13,4.13,44.31,32.82,2.76
CUST01295,41.6,56.4,37.2,38.7,12.7,759.25,64.89,6.3,4.5,1.9,4.6,4.6,0.282,0.172,0.088,0,1570.0,0.33,41.0,13.5,5,1,2,279.81,74.0,129.19,193.59,82.66
CUST01296,29.1,48.7,24.8,11.1,21.1,446.6,21.71,8.9,4.7,7.6,9.4,13.6,0.448,0.45,0.108,1,1406.0,0.4,79.3,35.4,7,2,3,65.35,40.28,271.62,29.1,40.25
CUST01297,43.3,140.1,29.3,8.6,31.4,8163.13,268.38,15.6,7.7,8.1,7.5,3.4,0.098,0.062,0.034,0,4336.0,0.325,105.7,39.6,6,6,0,848.15,4404.24,189.08,1142.27,1579.39
CUST01298,42.4,145.8,45.1,5.5,20.4,4335.19,206.02,9.0,4.9,6.5,7.1,2.2,0.114,0.117,0.04,0,4246.0,0.508,49.7,49.3,6,8,0,912.2,1209.49,141.25,1613.95,458.31
CUST01299,65.9,55.7,67.2,114.0,3.0,203.67,73.15,0.9,0.6,1.4,2.5,0.8,0.142,0.195,0.361,2,370.0,0.04,10.3,7.3,1,0,6,22.02,101.0,29.16,34.1,17.4
CUST01300,48.3,68.8,51.6,192.2,1.3,102.29,73.23,0.4,0.5,0.4,3.5,1.3,0.174,0.126,0.319,2,312.0,0.028,5.5,8.3,0,0,6,2.3,15.95,47.12,28.92,8.01
CUST01301,43.9,123.1,24.7,8.0,39.9,5494.03,169.89,20.6,13.4,5.9,10.0,2.1,0.1,0.082,0.033,1,4144.0,0.628,82.2,45.8,9,3,0,1711.74,2312.94,198.93,455.48,814.92
CUST01302,30.4,90.4,28.2,47.7,10.7,282.26,27.7,3.9,2.2,4.6,6.5,4.0,0.363,0.3,0.074,0,1316.0,0.17,33.8,24.2,3,2,2,56.61,50.03,10.83,35.31,129.49
CUST01303,49.3,109.4,47.3,7.8,35.0,3637.5,97.23,17.2,17.1,0.7,10.2,0.9,0.074,0.084,0.018,0,3337.0,0.22,92.1,13.2,10,3,1,1479.49,1083.47,114.98,510.31,449.23
CUST01304,21.0,83.3,18.6,14.6,8.2,426.64,53.38,3.4,2.9,2.0,21.4,4.7,0.217,0.677,0.126,1,723.0,0.081,190.2,103.6,20,5,1,197.7,46.27,71.25,30.66,80.76
CUST01305,41.2,78.7,66.8,119.7,3.0,138.02,42.56,0.9,0.7,1.4,3.2,0.7,0.225,0.108,0.136,1,351.0,0.049,4.5,5.0,0,0,0,53.38,12.97,41.08,13.79,16.81
CUST01306,55.0,64.5,39.3,24.7,9.9,920.07,89.28,3.5,4.1,2.3,9.9,5.9,0.375,0.231,0.094,1,1627.0,0.266,49.9,20.3,6,2,1,14.13,521.11,140.49,135.73,108.62
CUST01307,38.4,59.6,87.2,146.9,1.1,35.59,31.09,0.4,0.4,0.3,1.3,1.1,0.275,0.21,0.245,1,235.0,0.034,7.7,8.1,0,0,1,3.3,2.23,19.74,4.46,5.86
CUST01308,39.9,80.6,35.0,42.0,3.6,228.08,67.45,1.5,1.1,1.0,12.5,3.6,0.204,0.249,0.108,0,1687.0,0.396,39.9,4.1,4,1,2,33.13,59.4,49.1,41.72,44.73
CUST01309,44.2,70.0,29.8,13.9,22.2,868.93,33.29,11.4,5.1,5.6,7.8,18.2,0.795,0.483,0.108,1,1102.0,0.267,64.0,20.2,12,6,1,160.58,134.79,470.52,75.09,27.94
CUST01310,39.8,85.7,32.5,15.8,9.6,737.9,78.68,4.3,2.7,2.6,11.3,3.3,0.304,0.177,0.046,0,1930.0,0.372,11.4,33.3,1,1,1,177.16,66.55,114.64,125.69,253.86
CUST01311,46.7,61.1,29.6,7.5,19.8,2471.63,124.85,11.3,7.8,0.7,6.8,3.0,0.063,0.065,0.035,0,2333.0,0.577,69.8,34.8,6,6,0,771.47,525.62,219.98,649.52,305.04
CUST01312,46.0,88.7,47.6,23.1,2.2,136.83,57.34,0.9,0.5,0.7,6.4,2.2,0.191,0.191,0.085,1,1932.0,0.262,19.1,7.8,6,2,1,72.75,4.48,12.41,37.15,10.04
CUST01313,18.0,57.4,13.2,16.4,14.0,1092.32,73.86,6.3,4.4,3.4,32.2,7.0,0.341,0.36,0.207,0,820.0,0.328,205.8,54.4,19,4,0,489.2,374.92,21.35,26.14,180.71
CUST01314,26.9,84.9,22.2,42.7,11.7,740.58,62.47,6.4,2.6,2.6,9.2,3.6,0.237,0.235,0.053,0,978.0,0.538,42.4,5.2,1,3,1,21.54,161.09,180.23,364.33,13.39
CUST01315,28.4,32.5,18.1,15.5,24.3,1293.64,51.49,8.2,7.2,8.9,21.0,10.4,0.286,0.397,0.147,0,1144.0,0.143,217.0,93.9,16,2,0,159.61,427.45,124.83,146.0,435.75
CUST01316,48.5,105.1,75.9,125.3,4.4,210.24,44.46,2.3,2.2,0.0,1.7,1.0,0.276,0.178,0.018,3,443.0,0.039,2.9,4.1,1,0,3,46.5,7.02,104.84,24.99,26.89
CUST01317,34.7,50.6,20.2,9.7,7.4,290.71,38.2,2.3,3.4,1.7,18.4,5.7,0.404,0.538,0.125,0,635.0,0.284,329.4,44.3,18,2,1,87.42,73.79,29.51,1.42,98.57
CUST01318,54.0,74.7,73.2,123.6,2.3,181.54,76.27,0.9,0.5,1.0,1.8,0.4,0.144,0.161,0.226,1,171.0,0.071,5.6,5.5,0,0,1,43.31,6.53,111.75,1.93,18.03
CUST01319,50.1,99.3,67.6,9.0,30.4,5034.3,191.72,17.9,13.5,0.0,17.3,1.0,0.137,0.04,0.029,0,3421.0,0.639,100.4,42.4,5,5,0,756.09,1273.95,44.05,2323.5,636.71
CUST01320,52.6,149.1,8.6,15.5,27.0,7832.64,247.48,10.5,9.6,6.9,12.7,2.6,0.128,0.019,0.027,0,6144.0,0.284,141.0,38.4,11,4,0,1725.13,1038.96,798.9,3734.37,535.28
CUST01321,42.4,49.3,18.4,12.1,26.2,972.54,30.61,14.2,7.6,4.4,16.2,14.7,0.414,0.383,0.104,0,1451.0,0.25,100.8,58.5,16,4,0,186.71,79.44,233.46,103.69,369.24
CUST01322,43.2,84.1,55.5,8.0,38.3,4944.93,150.8,20.7,15.2,2.3,8.3,1.6,0.054,0.077,0.04,0,2236.0,0.592,66.3,43.3,9,6,0,1369.15,1183.25,251.91,1275.79,864.82
CUST01323,28.7,60.9,44.2,38.5,9.7,445.72,42.38,4.9,4.6,0.2,7.8,4.4,0.186,0.231,0.1,2,1773.0,0.319,16.1,25.1,3,0,1,73.46,136.19,82.47,85.41,68.19
CUST01324,28.2,66.8,33.0,9.5,31.2,1115.84,38.69,9.7,6.5,15.0,16.1,19.4,0.712,0.305,0.091,1,1058.0,0.495,82.6,36.0,12,0,1,4.8,446.37,582.46,62.35,19.87
CUST01325,39.1,38.5,40.6,14.4,8.6,634.32,61.48,3.2,2.3,3.1,7.9,4.7,0.139,0.168,0.104,1,1230.0,0.275,1.4,19.4,0,1,1,221.36,172.87,113.62,72.85,53.62
CUST01326,32.4,78.1,38.9,21.8,17.2,586.57,45.98,8.9,8.5,0.0,12.0,10.9,0.601,0.362,0.114,1,926.0,0.443,98.2,45.0,13,3,3,114.42,240.78,190.81,6.67,33.9
CUST01327,34.1,69.6,32.0,19.9,25.8,435.87,18.46,12.1,7.2,6.4,22.1,18.4,0.488,0.13,0.18,0,1432.0,0.492,62.5,30.0,11,3,0,141.62,27.44,119.61,125.56,21.64
CUST01328,50.9,69.0,52.1,189.8,1.9,103.15,50.47,1.1,0.5,0.3,1.7,1.2,0.225,0.182,0.283,2,323.0,0.044,8.6,6.1,2,0,2,5.81,13.5,31.39,17.66,34.79
CUST01329,54.4,64.5,54.5,138.6,3.8,176.95,47.23,2.0,1.2,0.6,1.8,0.6,0.262,0.215,0.284,0,158.0,0.034,9.5,7.4,1,0,0,1.05,9.48,83.67,63.5,19.25
CUST01330,33.2,53.2,14.1,16.0,16.7,778.76,47.15,7.1,8.3,1.2,26.4,0.0,0.344,0.633,0.148,0,786.0,0.264,154.3,105.3,22,3,0,190.45,142.13,10.97,6.76,428.46
CUST01331,26.5,67.8,6.0,7.9,16.7,1145.88,80.82,7.3,7.5,1.8,32.6,5.6,0.315,0.446,0.156,0,1075.0,0.257,253.4,141.2,15,3,0,175.23,312.09,62.41,419.67,176.49
CUST01332,62.7,45.7,79.3,203.3,3.4,155.88,52.44,1.0,1.2,1.1,2.1,0.6,0.164,0.202,0.241,4,460.0,0.051,8.4,5.8,0,0,4,13.76,37.29,83.07,10.96,10.8
CUST01333,42.8,53.4,21.1,5.4,18.4,707.62,39.49,8.3,7.9,2.2,7.5,10.7,0.758,0.458,0.146,1,1872.0,0.342,60.4,31.0,15,4,2,25.76,201.5,408.32,69.89,2.15
CUST01334,42.0,57.5,38.3,25.4,13.9,1013.57,80.02,5.2,3.3,5.3,5.6,4.2,0.363,0.219,0.096,0,1616.0,0.181,52.1,19.6,9,2,0,312.11,47.78,154.92,97.28,401.47
CUST01335,44.2,68.3,26.8,45.8,12.1,626.86,45.99,6.6,3.8,1.6,8.7,5.0,0.131,0.301,0.033,0,939.0,0.239,39.8,26.6,5,1,1,45.66,111.32,196.35,110.28,163.25
CUST01336,50.3,44.5,62.3,223.7,1.6,43.14,26.47,0.6,0.6,0.4,2.0,1.3,0.289,0.136,0.152,4,315.0,0.04,10.6,3.5,0,0,3,2.2,12.86,21.1,5.05,1.93
CUST01337,20.7,51.4,34.5,10.5,20.0,916.53,45.21,11.9,4.3,3.8,21.6,11.3,0.539,0.48,0.107,2,1226.0,0.536,28.3,43.1,13,3,0,75.55,150.31,601.21,8.81,80.66
CUST01338,61.0,71.9,74.3,121.3,3.4,116.45,41.09,1.4,1.4,0.6,0.8,1.1,0.152,0.218,0.202,2,326.0,0.071,8.6,8.0,1,0,2,4.22,33.1,28.05,5.0,46.08
CUST01339,39.9,144.4,55.4,12.6,16.8,3077.37,196.02,7.1,3.4,6.4,7.2,2.9,0.075,0.09,0.038,0,4486.0,0.418,74.2,41.0,5,4,0,285.79,822.06,168.35,558.49,1242.68
CUST01340,35.4,140.2,66.1,5.0,26.5,4349.95,163.3,13.4,11.6,1.5,6.8,1.8,0.063,0.12,0.021,2,4690.0,0.585,90.3,53.9,2,7,1,333.5,1288.1,270.94,2361.96,95.45
CUST01341,32.5,65.8,25.9,24.5,11.2,484.14,44.41,6.3,4.2,0.8,15.5,11.2,0.312,0.399,0.107,1,2188.0,0.479,87.8,54.9,13,4,2,72.01,91.44,224.42,55.13,41.14
CUST01342,28.7,52.7,13.7,10.9,22.5,1461.27,70.55,8.1,6.9,7.5,27.8,9.8,0.321,0.484,0.141,1,718.0,0.347,174.9,152.5,18,2,1,197.56,501.54,177.32,9.78,575.07
CUST01343,41.1,41.4,25.0,18.3,11.8,966.88,69.42,4.7,3.6,3.5,8.6,5.4,0.348,0.256,0.086,0,1179.0,0.38,68.6,20.2,2,1,0,232.95,236.26,216.0,196.95,84.72
CUST01344,34.2,50.9,37.8,240.0,4.2,198.11,42.82,1.9,0.9,1.4,1.0,1.1,0.256,0.23,0.269,1,217.0,0.058,7.0,6.6,1,0,4,5.81,30.62,98.01,1.36,62.3
CUST01345,44.4,74.0,58.0,172.1,1.2,22.38,18.42,0.6,0.3,0.3,2.0,1.2,0.242,0.221,0.266,4,243.0,0.042,11.6,3.7,0,0,1,2.81,0.15,4.87,12.76,1.79
CUST01346,24.0,41.9,11.3,14.1,23.1,1059.81,46.5,12.6,7.1,3.4,10.1,5.6,0.169,0.247,0.109,0,1133.0,0.234,184.7,76.5,24,3,0,470.36,236.2,29.58,10.34,313.32
CUST01347,38.3,16.2,38.2,6.2,20.3,543.11,36.76,9.6,8.1,2.6,11.0,16.3,0.827,0.123,0.109,0,2164.0,0.438,54.5,6.1,9,2,1,51.12,291.59,115.39,9.91,75.11
CUST01348,37.2,72.1,35.9,10.6,25.0,1201.68,53.15,14.1,7.5,3.4,13.0,12.7,0.822,0.393,0.133,0,1164.0,0.52,118.9,71.6,16,2,0,138.42,440.13,357.76,53.39,211.98
CUST01349,46.9,63.6,40.6,42.1,6.2,510.13,81.79,2.2,2.0,2.0,2.0,2.7,0.351,0.178,0.091,0,1699.0,0.36,21.5,33.6,5,1,0,134.81,52.68,116.21,146.79,59.63
CUST01350,51.6,165.8,40.4,12.4,25.8,3212.93,127.69,14.9,6.2,4.7,13.8,2.3,0.103,0.068,0.026,0,3469.0,0.68,80.3,20.0,5,2,1,795.05,728.64,1.28,1502.11,185.84
CUST01351,39.2,84.0,36.0,44.3,13.3,788.49,62.93,7.2,5.4,0.7,6.3,3.7,0.313,0.266,0.075,0,2117.0,0.372,33.8,20.3,7,1,0,191.21,198.36,130.32,65.12,203.48
CUST01352,22.1,58.5,12.7,9.9,20.6,551.59,28.62,10.0,7.6,2.9,20.3,7.3,0.132,0.311,0.135,1,1050.0,0.307,95.1,97.8,30,5,1,16.63,133.62,32.19,54.17,314.98
CUST01353,25.5,31.2,14.4,8.7,19.1,1631.21,68.11,7.4,7.6,4.1,14.7,1.5,0.353,0.278,0.165,0,579.0,0.328,58.6,87.2,10,4,2,171.77,805.97,315.7,31.88,305.9
CUST01354,57.7,81.1,81.2,318.3,3.4,120.27,36.65,1.3,1.3,0.8,1.9,1.6,0.197,0.112,0.236,2,236.0,0.034,13.4,4.7,0,0,2,18.67,33.4,46.42,19.82,1.97
CUST01355,22.4,47.5,16.5,11.1,14.2,876.64,67.06,4.8,3.7,5.6,17.0,4.9,0.279,0.572,0.218,1,702.0,0.243,213.4,56.4,14,7,0,271.09,298.75,6.07,63.33,237.4
CUST01356,50.0,111.2,45.1,45.2,13.4,547.52,45.2,5.9,3.2,4.4,9.6,6.5,0.268,0.171,0.076,2,1106.0,0.268,48.0,21.7,2,1,0,97.66,107.81,164.91,43.95,133.19
CUST01357,32.2,79.4,28.5,11.7,8.0,524.09,54.8,2.5,1.7,3.9,0.0,3.5,0.224,0.142,0.071,1,1529.0,0.24,40.0,32.7,2,0,0,134.98,154.87,65.42,92.11,76.71
CUST01358,23.7,45.8,15.4,15.6,17.5,1005.92,57.09,9.5,7.1,0.8,22.0,5.8,0.08,0.547,0.137,0,1034.0,0.304,246.4,63.5,21,2,0,200.96,197.08,92.74,11.71,503.43
CUST01359,39.0,75.9,30.0,6.8,24.0,715.76,33.61,12.9,9.4,1.7,8.5,13.4,0.772,0.271,0.107,2,1742.0,0.308,73.6,44.0,10,3,1,132.06,238.26,275.68,43.26,26.5
CUST01360,18.0,87.2,19.5,4.7,12.7,864.72,58.71,6.9,5.7,0.1,31.3,6.5,0.247,0.455,0.146,1,443.0,0.273,181.2,18.1,13,2,1,126.84,472.66,113.15,12.46,139.6
CUST01361,44.3,84.1,26.2,38.7,5.7,343.74,57.24,2.0,2.4,1.3,8.3,2.7,0.119,0.262,0.056,1,1979.0,0.229,47.0,15.6,6,0,0,58.54,148.55,46.04,53.28,37.33
CUST01362,37.3,63.2,22.9,5.1,35.0,1381.47,39.82,17.8,13.0,4.2,19.0,8.4,0.423,0.199,0.118,2,1688.0,0.141,6.4,24.0,14,1,0,153.77,262.51,601.03,283.5,80.66
CUST01363,37.7,36.6,55.6,126.0,3.1,103.85,30.99,1.1,1.5,0.5,3.2,1.0,0.219,0.073,0.174,1,241.0,0.042,3.3,4.0,1,0,5,14.83,39.35,34.37,12.99,2.31
CUST01364,38.8,47.2,33.3,115.3,2.7,175.19,64.08,1.0,1.2,0.4,1.2,0.7,0.134,0.205,0.153,0,343.0,0.039,6.3,4.3,2,0,1,14.22,40.78,112.75,6.87,0.58
CUST01365,50.3,16.5,69.2,178.0,3.4,203.74,52.27,1.0,1.6,0.7,1.9,1.0,0.156,0.08,0.222,2,327.0,0.031,8.2,4.5,0,0,2,8.52,157.23,15.97,0.93,21.09
CUST01366,37.6,94.7,30.4,12.4,24.1,3818.48,150.85,10.9,7.5,5.7,14.7,2.3,0.115,0.067,0.035,0,4201.0,0.808,71.3,23.6,5,10,2,860.72,683.8,705.02,515.3,1053.64
CUST01367,46.0,63.8,68.0,133.7,3.7,102.53,32.1,1.9,1.3,0.6,1.8,1.3,0.139,0.188,0.09,0,433.0,0.045,11.3,0.0,1,0,2,13.01,42.0,41.84,3.85,1.83
CUST01368,38.0,80.9,5.0,17.2,11.2,608.7,48.63,5.9,2.9,2.4,10.3,6.2,0.257,0.137,0.073,0,1726.0,0.464,56.2,25.3,3,1,2,139.72,139.3,115.56,155.77,58.36
CUST01369,59.6,55.5,46.4,7.7,24.0,3754.26,168.44,9.8,6.4,7.8,5.5,2.0,0.118,0.038,0.027,0,5407.0,0.477,23.7,19.5,6,8,1,1194.51,1377.36,15.64,698.04,468.7
CUST01370,46.6,61.8,32.1,25.0,27.7,883.54,32.78,12.2,6.4,9.1,12.6,14.1,0.917,0.489,0.064,0,676.0,0.637,24.4,30.5,12,3,2,46.17,119.4,258.88,205.23,253.87
CUST01371,49.4,50.9,24.8,30.0,15.0,865.56,55.9,5.3,5.4,4.3,7.9,5.4,0.228,0.258,0.087,1,1000.0,0.458,26.2,27.2,6,0,3,235.03,344.41,62.72,58.0,165.4
CUST01372,49.6,44.6,28.7,18.0,15.3,741.73,43.81,7.0,5.1,3.2,13.4,10.2,0.589,0.378,0.114,1,1216.0,0.468,59.7,14.2,14,0,0,83.0,162.66,404.79,80.11,11.17
CUST01373,29.2,116.0,42.9,13.9,12.0,844.54,63.41,3.7,2.9,5.3,1.0,4.3,0.16,0.226,0.054,0,1519.0,0.428,17.6,19.3,1,1,2,288.66,95.15,128.48,170.78,161.48
CUST01374,25.1,60.8,15.0,10.7,5.7,301.25,55.46,3.3,1.6,0.8,44.0,2.9,0.212,0.71,0.238,2,668.0,0.072,93.5,62.8,19,4,0,98.19,34.32,31.56,56.84,80.32
CUST01375,44.5,53.9,39.9,18.2,22.1,1150.04,48.29,10.0,9.8,2.3,8.9,22.1,0.717,0.376,0.134,1,1596.0,0.397,84.2,46.9,12,3,0,144.22,315.82,423.45,225.25,41.31
CUST01376,55.2,46.8,20.3,27.5,10.4,323.3,33.32,3.3,3.1,4.0,5.8,4.5,0.282,0.157,0.081,1,881.0,0.241,47.2,16.8,7,1,2,88.26,76.36,94.87,29.84,33.96
CUST01377,27.1,72.7,13.9,15.0,26.2,1316.55,53.18,7.9,6.8,11.5,44.1,8.7,0.301,0.538,0.103,1,1200.0,0.196,60.9,17.0,15,3,1,281.78,293.21,30.33,142.46,568.78
CUST01378,18.0,84.0,16.5,9.0,19.5,1503.75,89.85,7.8,6.7,5.0,34.6,5.6,0.271,0.515,0.041,0,762.0,0.169,28.5,73.1,19,2,3,574.17,550.69,0.52,37.34,341.02
CUST01379,34.7,83.9,31.4,13.8,38.1,1117.07,25.44,18.8,7.9,11.3,18.0,20.3,0.583,0.455,0.134,1,1165.0,0.36,94.6,52.9,7,2,3,24.99,435.67,528.1,32.03,96.29
CUST01380,24.6,35.5,15.2,12.5,14.5,879.51,70.39,5.6,3.9,5.0,28.5,4.0,0.293,0.509,0.166,1,822.0,0.241,186.8,64.2,24,3,1,184.68,249.4,115.79,131.77,197.86
CUST01381,35.4,103.9,67.7,9.3,27.0,4686.91,182.33,13.6,6.7,6.8,8.9,3.2,0.143,0.07,0.041,0,4496.0,0.713,157.1,32.2,4,5,0,2145.94,673.92,156.89,1476.15,234.02
CUST01382,30.2,64.3,23.9,20.4,36.3,1020.94,26.53,20.9,8.7,6.7,18.8,2.8,0.846,0.387,0.143,1,1323.0,0.263,76.8,53.0,8,2,3,274.98,223.45,235.18,208.98,78.34
CUST01383,42.6,29.4,34.9,44.7,12.1,1078.97,79.51,7.1,4.4,0.6,6.1,1.3,0.16,0.193,0.047,0,309.0,0.369,38.3,25.4,6,0,1,378.97,144.51,352.47,92.95,110.07
CUST01384,32.3,56.5,36.0,18.4,7.2,209.37,26.09,3.0,2.6,1.6,11.4,7.2,0.327,0.315,0.134,1,1288.0,0.388,59.2,2.1,8,1,0,23.32,32.12,137.77,14.42,1.75
CUST01385,47.8,74.2,62.8,95.5,1.4,50.21,35.95,0.5,0.4,0.5,2.0,1.3,0.111,0.127,0.137,1,418.0,0.039,11.3,5.9,1,1,4,7.64,5.58,26.93,3.83,6.24
CUST01386,23.3,86.2,26.1,10.0,11.5,378.92,35.54,6.5,3.1,1.9,17.0,7.0,0.611,0.312,0.134,2,1255.0,0.53,79.6,61.2,14,2,0,49.79,86.61,203.41,30.96,8.14
CUST01387,63.4,41.6,44.9,59.0,2.4,44.99,17.16,1.4,1.2,0.0,2.5,1.1,0.254,0.251,0.196,1,292.0,0.038,13.5,5.3,2,0,3,1.58,2.88,35.62,0.74,4.18
CUST01388,40.9,66.0,53.2,7.6,23.7,4340.43,184.38,10.5,9.3,4.0,10.0,4.1,0.074,0.056,0.034,0,2826.0,0.598,56.3,27.9,4,3,1,1124.06,1465.0,145.76,1166.48,439.14
CUST01389,44.8,95.8,6.8,37.5,14.3,928.7,63.62,7.6,5.6,1.1,9.6,5.3,0.215,0.3,0.055,1,2060.0,0.327,44.6,6.8,4,1,0,207.91,94.23,164.68,359.4,102.48
CUST01390,25.9,49.8,13.2,9.3,25.3,1629.67,62.66,12.2,11.7,1.5,22.7,10.1,0.376,0.585,0.168,0,1057.0,0.213,184.4,41.4,20,3,2,409.79,708.62,61.38,133.47,316.41
CUST01391,50.0,44.6,30.6,20.1,16.6,431.61,25.84,8.9,4.3,3.4,10.5,13.0,0.562,0.296,0.145,1,934.0,0.295,91.2,23.1,14,2,2,15.95,107.48,195.27,106.22,6.68
CUST01392,31.6,105.7,34.0,8.3,20.2,3668.41,180.43,9.4,7.3,3.6,6.4,5.9,0.09,0.06,0.037,0,5596.0,0.618,90.5,49.3,6,6,0,1542.12,334.87,25.74,1057.65,708.03
CUST01393,33.6,128.7,29.4,7.1,22.5,4629.62,194.45,9.3,8.8,4.4,7.1,2.8,0.14,0.112,0.041,0,2388.0,0.412,51.4,45.3,11,4,0,1682.02,269.83,935.91,1244.35,497.52
CUST01394,18.0,49.7,8.5,10.7,15.1,806.85,48.37,7.1,3.3,4.6,16.4,1.6,0.28,0.327,0.169,0,824.0,0.116,171.2,95.7,15,2,1,124.89,337.98,105.67,35.49,202.82
CUST01395,33.5,58.7,36.8,14.4,24.4,568.02,22.75,11.5,9.2,3.6,9.7,22.8,0.47,0.419,0.03,0,1849.0,0.476,59.9,49.3,17,2,0,144.57,32.46,209.73,63.42,117.83
CUST01396,47.7,74.2,34.2,8.6,14.5,766.36,52.88,5.7,3.3,5.4,6.1,1.9,0.242,0.164,0.075,0,1409.0,0.155,5.3,7.6,4,1,0,196.72,62.94,149.87,249.79,107.03
CUST01397,21.7,52.9,14.8,10.6,15.9,569.83,37.33,9.2,5.2,1.5,12.4,7.7,0.185,0.642,0.208,0,475.0,0.281,113.7,77.7,14,3,0,63.32,86.81,77.12,80.89,261.69
CUST01398,44.6,53.6,23.6,18.0,24.4,1070.61,37.13,10.1,5.5,8.8,15.0,7.4,0.724,0.426,0.15,1,1171.0,0.395,37.9,34.8,9,3,0,136.49,237.22,669.37,23.87,3.66
CUST01399,53.2,52.4,65.1,188.0,1.2,65.0,49.77,0.6,0.3,0.3,1.9,1.1,0.244,0.271,0.174,1,326.0,0.071,14.6,8.1,0,0,2,7.06,24.8,18.22,1.79,13.13
CUST01400,35.9,69.2,54.6,166.7,3.0,150.62,55.48,1.0,0.9,1.1,2.8,1.4,0.124,0.13,0.176,2,314.0,0.046,7.4,9.6,2,0,1,44.8,45.12,22.74,9.11,28.85
CUST01401,56.6,109.3,46.6,5.2,30.2,4522.77,193.72,13.0,9.7,7.5,11.2,3.9,0.104,0.078,0.015,0,2378.0,0.59,97.3,41.0,5,5,1,1779.51,681.83,1218.89,611.95,230.59
CUST01402,37.7,97.3,56.5,7.1,16.4,1798.98,105.1,8.6,7.0,0.7,9.6,2.1,0.119,0.078,0.022,0,4029.0,0.17,48.2,3.1,7,7,0,450.98,427.14,14.82,565.73,340.31
CUST01403,42.1,116.0,53.1,7.9,29.8,5501.79,173.69,15.6,13.7,0.6,15.4,4.3,0.101,0.084,0.022,0,7245.0,0.597,118.2,50.5,9,2,0,1315.92,1509.34,22.84,1387.98,1265.71
CUST01404,54.9,52.8,98.0,101.1,2.6,189.27,56.6,1.2,0.7,0.7,2.3,0.7,0.102,0.233,0.115,1,217.0,0.059,5.6,7.6,3,2,1,2.32,36.14,43.23,79.35,28.24
CUST01405,58.3,85.1,83.5,67.2,3.2,90.47,25.68,1.2,1.1,0.9,1.7,1.2,0.253,0.258,0.208,2,110.0,0.044,3.5,5.3,2,0,4,2.54,18.13,28.22,21.88,19.7
CUST01406,30.4,59.5,16.9,15.3,16.0,874.85,52.05,7.4,3.7,4.9,25.9,8.2,0.468,0.306,0.141,0,1214.0,0.148,198.6,95.4,15,2,1,548.95,64.58,25.2,20.44,215.68
CUST01407,38.8,67.7,24.4,20.8,14.9,918.11,62.13,5.8,5.2,3.9,5.5,6.5,0.271,0.154,0.102,0,2098.0,0.206,22.5,28.4,4,0,0,217.09,93.01,432.76,136.29,38.96
CUST01408,51.6,62.5,30.9,17.3,17.0,943.62,64.31,6.6,5.1,5.3,12.6,2.9,0.22,0.223,0.063,1,1842.0,0.461,29.8,20.3,7,0,1,361.73,209.99,19.59,180.44,171.88
CUST01409,21.1,48.9,19.4,7.8,8.5,283.77,32.51,4.2,4.0,0.3,40.9,5.7,0.263,0.226,0.157,0,1117.0,0.205,129.3,92.5,24,2,1,86.17,47.17,57.51,1.17,91.74
CUST01410,39.2,94.2,21.4,24.8,15.1,1002.88,55.6,5.9,6.4,2.8,9.9,5.8,0.128,0.243,0.071,0,1966.0,0.538,26.3,2.1,4,1,2,257.59,163.88,422.14,101.89,57.38
CUST01411,45.9,55.6,22.2,19.8,23.1,793.44,34.86,11.7,9.4,2.0,13.9,6.0,0.658,0.343,0.084,1,2125.0,0.498,89.5,56.4,17,5,2,25.28,100.05,546.21,46.11,75.78
CUST01412,40.7,105.0,54.6,6.6,41.4,4770.6,116.28,21.2,10.6,9.7,9.1,6.3,0.064,0.088,0.021,0,5586.0,0.545,127.2,37.5,6,2,2,898.35,1937.25,178.91,1043.37,712.73
CUST01413,44.5,57.7,44.3,10.2,24.9,1340.55,51.52,8.3,6.9,9.7,13.2,12.1,0.513,0.469,0.158,2,1706.0,0.311,48.8,24.6,18,4,1,439.2,162.46,244.98,240.12,253.79
CUST01414,31.5,59.4,57.2,5.3,14.5,2188.07,168.22,4.7,4.6,5.1,15.4,3.2,0.106,0.042,0.008,0,2242.0,0.526,153.7,38.1,3,3,1,137.57,1203.48,57.72,577.77,211.52
CUST01415,20.5,48.8,14.8,6.2,16.7,420.77,26.15,9.5,7.7,0.0,36.7,8.5,0.237,0.244,0.052,1,1067.0,0.271,207.8,142.5,14,5,1,116.98,171.19,1.61,49.09,81.91
CUST01416,33.6,98.0,20.5,39.6,11.1,1156.96,109.01,5.7,4.7,0.8,4.6,5.0,0.212,0.242,0.061,0,750.0,0.328,43.6,6.3,7,1,2,475.16,41.96,66.34,301.18,272.32
CUST01417,40.2,108.2,46.6,6.9,30.1,6479.29,210.43,16.9,10.9,2.3,12.2,0.4,0.137,0.107,0.033,1,4722.0,0.439,120.4,25.7,7,7,1,2739.98,1797.4,74.73,349.99,1517.18
CUST01418,41.6,101.9,67.1,14.5,27.5,4966.62,161.4,13.2,7.4,6.9,10.0,3.5,0.138,0.053,0.015,0,5830.0,0.491,85.5,10.3,10,6,1,1778.98,599.1,395.34,866.27,1326.93
CUST01419,18.0,62.7,13.3,13.0,25.2,1738.53,68.59,8.1,5.5,11.6,22.5,12.1,0.344,0.478,0.142,0,360.0,0.16,108.7,115.0,10,2,1,506.18,584.99,166.25,15.29,465.82
CUST01420,40.1,55.0,39.1,38.1,14.2,1244.61,105.13,7.5,6.3,0.4,12.1,3.2,0.356,0.206,0.061,0,1739.0,0.24,57.1,43.1,8,2,2,332.69,355.08,360.04,35.19,161.61
CUST01421,33.3,80.6,26.1,20.7,13.9,390.87,30.48,5.6,4.3,4.0,17.6,13.9,0.754,0.493,0.167,1,1095.0,0.471,66.0,34.2,16,2,0,62.44,95.53,53.38,113.14,66.39
CUST01422,19.7,46.2,12.8,5.2,5.8,338.19,57.09,2.9,2.9,0.1,30.4,5.8,0.379,0.642,0.12,1,1108.0,0.203,195.8,121.4,16,3,0,123.69,91.26,13.69,34.58,74.98
CUST01423,62.3,108.9,39.7,11.0,11.6,1566.07,153.2,5.9,5.6,0.1,2.4,2.9,0.125,0.018,0.029,1,4017.0,0.653,51.9,46.6,6,6,0,462.55,207.11,105.74,503.72,286.95
CUST01424,52.3,105.0,56.7,14.1,29.7,4373.87,127.66,10.7,14.1,4.8,12.3,2.5,0.152,0.051,0.035,1,5645.0,0.727,57.6,17.6,4,2,1,581.05,761.0,559.02,1625.29,847.52
CUST01425,48.5,50.6,30.8,38.2,10.0,971.69,100.2,4.9,3.4,1.6,6.9,5.2,0.259,0.292,0.046,0,2013.0,0.435,42.8,20.7,7,2,0,157.1,78.26,310.66,259.89,165.78
CUST01426,34.9,77.6,30.7,15.5,13.1,1513.14,97.72,5.9,5.0,2.2,6.0,4.6,0.269,0.11,0.105,2,1734.0,0.238,21.4,20.9,6,0,3,362.36,87.83,274.1,445.18,343.67
CUST01427,40.3,71.6,37.7,10.7,24.9,3495.5,171.59,11.7,9.1,4.2,11.8,2.0,0.078,0.054,0.028,1,3607.0,0.417,100.6,36.1,7,8,0,700.56,594.0,215.57,1921.03,64.35
CUST01428,50.8,63.5,29.9,36.3,13.5,361.73,33.44,5.7,3.1,4.7,11.5,2.4,0.409,0.222,0.029,0,1593.0,0.232,12.4,23.3,8,1,1,57.8,69.6,105.3,55.32,73.71
CUST01429,53.7,74.6,74.9,202.0,2.7,136.04,46.68,1.4,0.7,0.6,2.0,0.8,0.182,0.167,0.227,3,236.0,0.043,12.5,6.1,2,0,2,6.45,57.02,51.71,5.27,15.59
CUST01430,43.3,62.2,33.3,34.7,13.1,1635.71,103.59,4.5,3.8,4.9,10.3,3.5,0.264,0.083,0.075,0,2180.0,0.323,25.8,5.2,2,0,1,683.73,232.48,325.72,274.91,118.88
CUST01431,25.8,50.6,15.3,7.5,16.7,826.13,53.03,5.9,7.0,3.8,10.7,9.2,0.337,0.333,0.148,0,1060.0,0.251,268.7,91.8,17,2,1,299.58,299.22,22.88,26.36,178.09
CUST01432,20.0,46.5,21.9,7.9,13.9,903.9,59.75,7.3,3.1,3.5,36.0,3.3,0.291,0.48,0.165,2,1390.0,0.255,232.7,103.1,15,6,0,458.31,95.08,15.63,202.48,132.4
CUST01433,26.3,62.9,12.4,12.0,11.5,396.67,37.6,4.8,2.5,4.2,24.8,4.4,0.294,0.241,0.036,2,1008.0,0.349,189.3,103.4,18,3,1,145.18,133.05,55.01,1.9,61.51
CUST01434,53.6,50.6,78.9,99.6,3.0,114.46,37.26,1.2,0.6,1.2,1.3,0.7,0.338,0.251,0.222,5,311.0,0.062,13.0,6.0,0,0,3,4.5,4.21,96.5,1.89,7.36
CUST01435,47.4,58.0,36.1,13.5,21.8,3743.08,140.29,10.4,5.1,6.3,11.2,3.4,0.152,0.051,0.028,0,2721.0,0.617,94.8,24.7,5,7,0,1018.05,57.68,280.85,1735.57,650.92
CUST01436,39.2,104.8,29.6,7.9,38.4,4947.93,121.43,12.0,10.5,16.0,8.6,4.0,0.071,0.08,0.034,0,3349.0,0.251,81.2,27.1,9,3,1,1603.54,694.72,315.23,1010.73,1323.71
CUST01437,42.4,59.7,38.5,30.9,7.5,251.78,38.59,3.0,1.7,2.8,21.6,7.5,0.911,0.397,0.141,0,2025.0,0.484,81.6,28.3,17,1,0,1.26,45.11,111.81,49.25,44.35
CUST01438,34.1,77.4,70.3,255.7,2.4,122.27,44.35,1.4,0.8,0.2,1.9,0.6,0.109,0.15,0.305,0,291.0,0.048,5.1,4.8,1,0,2,4.55,6.0,78.65,27.46,5.61
CUST01439,50.6,49.0,38.0,14.3,16.1,652.71,48.32,8.9,7.5,0.0,7.0,16.1,0.571,0.475,0.116,0,1618.0,0.307,60.2,37.2,11,4,1,97.72,234.68,124.7,169.78,25.83
CUST01440,46.7,72.8,32.3,211.2,1.8,58.23,28.39,0.7,0.8,0.3,2.0,0.9,0.294,0.192,0.264,2,405.0,0.033,9.8,5.8,0,0,2,10.03,14.94,19.31,2.96,10.98
CUST01441,47.6,65.7,32.0,11.1,14.5,1805.68,100.69,6.2,3.1,5.2,2.5,5.9,0.176,0.236,0.02,0,1024.0,0.179,25.9,15.2,7,0,1,188.2,174.83,505.28,695.17,242.21
CUST01442,54.1,151.4,40.1,10.9,24.7,6617.21,233.74,10.5,9.9,4.3,12.6,4.3,0.079,0.09,0.024,0,6033.0,0.628,103.4,27.0,8,3,0,2612.41,3225.75,63.39,408.71,306.94
CUST01443,58.2,49.6,57.0,142.6,2.8,140.56,56.6,1.6,1.4,0.0,2.4,1.5,0.151,0.224,0.221,1,353.0,0.05,12.5,9.2,4,0,2,50.62,13.5,69.39,0.02,7.03
CUST01444,36.5,72.2,15.2,12.2,15.8,1070.41,67.53,7.6,6.8,1.4,28.7,4.4,0.321,0.466,0.019,0,893.0,0.288,199.1,136.5,9,0,1,208.21,194.07,87.39,139.86,440.88
CUST01445,47.2,97.4,37.1,31.6,11.1,1006.24,81.29,3.4,3.7,4.1,5.6,4.6,0.35,0.186,0.066,0,1209.0,0.167,26.5,12.9,4,1,0,84.53,158.53,167.03,278.9,317.26
CUST01446,32.9,129.4,43.1,4.8,25.2,3493.77,118.1,9.4,6.7,9.2,17.9,1.0,0.056,0.061,0.028,0,3147.0,0.518,107.0,47.8,3,7,1,853.72,939.59,4.81,1286.24,409.4
CUST01447,38.8,38.1,66.5,152.1,2.5,111.88,36.76,1.3,0.8,0.4,1.8,1.6,0.191,0.247,0.199,3,263.0,0.036,4.9,8.2,1,0,1,4.51,17.46,33.66,32.37,23.89
CUST01448,43.1,51.8,39.1,32.2,12.4,782.11,71.01,5.4,3.1,3.9,9.7,3.7,0.252,0.236,0.023,1,1786.0,0.3,30.3,18.6,6,1,0,126.13,64.28,325.37,110.5,155.83
CUST01449,54.3,66.9,39.1,47.9,12.6,1045.5,78.9,4.7,4.3,3.6,5.3,0.4,0.264,0.187,0.077,1,1212.0,0.114,29.4,26.5,6,2,0,480.94,97.7,283.31,83.52,100.02
CUST01450,61.2,74.8,37.8,92.0,4.9,376.73,73.14,1.6,1.7,1.6,2.2,0.8,0.291,0.209,0.191,1,305.0,0.04,9.6,4.6,0,1,2,36.1,14.29,275.93,13.61,36.81
CUST01451,31.9,54.8,15.9,11.8,13.6,581.97,44.33,4.8,3.1,5.7,12.1,4.8,0.237,0.248,0.171,1,1088.0,0.232,112.4,95.3,18,4,0,98.51,347.13,34.98,63.4,37.95
CUST01452,75.0,76.5,74.6,93.6,3.9,271.86,66.79,2.1,1.0,0.7,3.0,1.1,0.251,0.103,0.216,1,288.0,0.022,6.3,3.8,0,1,2,52.29,1.84,145.75,48.84,23.14
CUST01453,37.8,74.4,25.3,42.4,12.1,959.57,86.73,6.9,3.2,1.9,9.9,6.0,0.217,0.186,0.084,0,1157.0,0.245,34.1,10.5,2,0,1,185.67,94.94,261.12,185.42,232.44
CUST01454,25.7,52.2,18.3,5.7,24.8,1555.02,58.82,12.8,7.4,4.7,18.5,6.8,0.184,0.471,0.133,1,478.0,0.183,131.8,97.7,19,2,1,544.63,562.9,14.16,200.93,232.4
CUST01455,43.7,126.4,38.6,10.6,29.9,4780.55,162.61,11.4,12.2,6.3,15.7,5.2,0.034,0.092,0.014,0,2923.0,0.644,78.5,28.7,4,4,1,2420.58,177.65,429.26,1433.36,319.71
CUST01456,40.5,90.7,38.4,53.7,16.4,924.14,55.43,6.2,8.0,2.2,5.5,1.4,0.313,0.257,0.032,0,1686.0,0.259,1.7,22.1,3,0,0,150.1,186.27,115.18,204.77,267.82
CUST01457,41.4,73.6,69.7,109.3,1.8,67.74,29.1,0.9,0.5,0.3,2.3,1.7,0.171,0.198,0.183,1,221.0,0.041,8.4,3.3,1,0,3,2.97,0.77,35.12,5.65,23.24
CUST01458,57.6,75.6,50.8,98.7,2.7,132.06,48.13,1.4,0.7,0.6,2.3,1.0,0.159,0.161,0.234,4,290.0,0.035,13.4,3.1,0,0,3,3.24,3.95,29.29,54.3,41.28
CUST01459,34.6,70.0,26.4,14.7,22.8,838.22,32.68,13.6,5.0,4.1,6.1,21.2,0.582,0.447,0.127,3,1757.0,0.532,62.3,61.3,10,2,0,62.08,339.37,268.18,31.94,136.65
CUST01460,51.9,73.5,69.0,168.5,2.0,114.56,51.44,0.8,0.5,0.7,1.2,1.1,0.198,0.162,0.155,1,323.0,0.076,3.9,2.3,1,0,2,36.68,16.83,18.46,5.03,37.56
CUST01461,39.8,76.3,15.5,21.8,20.4,435.9,21.97,8.7,6.7,5.1,20.3,11.3,0.708,0.237,0.156,1,1886.0,0.309,97.6,31.3,14,4,1,12.41,63.68,340.69,13.26,5.86
CUST01462,52.7,42.4,78.5,189.7,3.7,154.58,45.01,2.2,1.2,0.3,1.8,1.0,0.24,0.174,0.217,2,312.0,0.036,9.1,5.8,5,0,1,4.15,25.96,95.31,19.29,9.87
CUST01463,55.5,84.6,29.9,10.3,23.0,4684.45,178.26,10.9,4.8,7.3,9.1,3.5,0.096,0.103,0.025,1,3351.0,0.517,113.9,23.8,7,5,1,349.96,2632.53,183.09,922.98,595.89
CUST01464,53.5,63.4,5.7,52.7,4.1,167.62,39.52,1.9,0.9,1.3,2.8,1.1,0.206,0.176,0.117,1,268.0,0.036,5.7,1.3,0,0,2,53.02,53.36,49.05,1.76,10.43
CUST01465,40.5,64.0,31.3,47.4,6.4,363.98,65.3,2.4,2.3,1.7,5.4,6.4,0.284,0.186,0.03,0,1298.0,0.301,40.6,28.5,7,2,1,80.66,19.36,47.09,108.06,108.81
CUST01466,48.5,72.2,50.7,8.3,50.9,3076.02,69.01,17.6,22.7,10.7,14.2,4.9,0.117,0.132,0.024,1,4786.0,0.678,68.9,48.7,6,4,2,652.03,178.07,814.18,816.03,615.71
CUST01467,51.3,74.7,48.4,54.5,8.9,618.06,71.31,4.1,2.4,2.5,10.6,6.5,0.36,0.246,0.09,1,2116.0,0.411,43.0,10.2,3,1,0,53.24,193.35,120.96,160.85,89.67
CUST01468,26.2,52.1,16.0,11.8,17.2,1067.26,57.98,8.9,5.0,3.3,23.9,3.1,0.319,0.371,0.127,0,878.0,0.369,176.6,97.7,16,3,1,303.65,492.44,18.39,104.99,147.78
CUST01469,43.3,36.4,45.4,13.0,12.1,307.02,23.13,6.8,3.8,1.5,7.1,5.1,0.125,0.237,0.09,1,1780.0,0.389,15.2,20.9,11,0,1,53.22,56.97,133.04,43.05,20.75
CUST01470,69.5,103.8,69.8,77.6,2.2,102.1,49.33,0.7,0.6,0.9,2.1,1.0,0.127,0.197,0.228,2,200.0,0.052,10.3,5.6,2,0,7,21.64,2.42,27.57,32.35,18.11
CUST01471,27.3,54.9,21.8,11.6,10.9,532.11,46.98,3.7,4.0,3.1,36.5,7.0,0.471,0.271,0.08,0,773.0,0.22,148.4,64.4,11,6,0,124.02,14.86,65.75,2.24,325.25
CUST01472,51.2,85.4,69.9,18.1,4.7,241.57,57.77,2.0,1.1,1.6,2.4,1.1,0.212,0.103,0.274,2,328.0,0.065,8.8,3.9,1,1,5,6.61,59.88,99.1,13.71,62.28
CUST01473,34.0,41.2,46.4,24.7,9.7,409.2,36.91,3.7,4.5,1.5,8.9,3.8,0.205,0.129,0.049,0,2114.0,0.352,36.7,12.3,1,0,0,60.13,127.19,46.52,76.01,99.35
CUST01474,23.4,64.3,1.5,10.0,4.3,386.84,75.35,2.2,1.8,0.3,24.7,4.3,0.228,0.429,0.15,2,1615.0,0.332,175.3,102.4,19,6,0,240.26,49.79,1.27,69.64,25.88
CUST01475,32.2,54.2,21.4,20.0,28.8,1194.64,35.9,10.2,12.0,6.6,19.3,11.6,0.584,0.414,0.122,0,805.0,0.356,72.8,51.2,9,2,0,96.05,188.37,391.52,264.1,254.6
CUST01476,40.1,44.5,55.1,148.7,2.7,160.04,56.16,1.6,0.9,0.2,2.1,1.4,0.217,0.134,0.235,4,245.0,0.054,8.2,4.2,0,0,2,23.26,3.57,99.9,26.55,6.77
CUST01477,45.8,68.3,39.6,44.6,5.3,382.91,63.57,3.1,1.2,0.9,9.3,0.0,0.17,0.26,0.067,1,1486.0,0.244,20.9,26.1,1,0,0,32.62,62.88,43.14,152.19,92.07
CUST01478,52.6,60.2,101.3,131.6,1.7,82.44,48.31,0.7,0.5,0.5,2.1,1.0,0.27,0.318,0.183,2,135.0,0.04,9.6,2.9,3,1,6,7.07,13.66,25.8,12.94,22.97
CUST01479,61.3,57.2,67.3,67.1,1.1,70.88,69.31,0.4,0.3,0.3,2.7,0.7,0.259,0.239,0.257,3,237.0,0.046,11.6,4.8,1,0,1,10.83,11.56,25.09,18.44,4.97
CUST01480,19.7,64.1,10.1,14.6,16.3,995.43,65.89,6.3,3.7,6.3,27.6,3.2,0.313,0.775,0.265,0,795.0,0.188,207.4,105.9,18,2,2,445.73,210.46,47.09,64.82,227.33
CUST01481,40.6,59.7,29.2,56.6,18.6,997.18,57.9,6.2,7.7,4.7,7.9,5.8,0.247,0.13,0.098,1,779.0,0.465,38.5,5.5,3,1,0,108.09,60.73,206.48,350.43,271.47
CUST01482,63.4,115.1,53.8,12.5,27.1,4379.24,160.79,11.7,6.0,9.4,9.1,2.7,0.093,0.076,0.014,0,4075.0,0.556,58.2,45.4,6,3,0,706.2,525.9,423.67,1704.76,1018.71
CUST01483,25.0,60.0,15.4,17.4,11.2,696.04,67.75,5.7,4.1,1.4,19.7,11.2,0.349,0.504,0.122,2,1164.0,0.146,216.3,0.0,27,3,2,289.71,89.07,28.64,50.38,238.26
CUST01484,49.9,88.3,63.4,10.4,7.5,971.54,126.82,2.5,2.8,2.2,15.3,1.6,0.048,0.078,0.023,0,4712.0,0.439,116.7,46.9,8,4,1,105.37,234.2,208.01,314.88,109.08
CUST01485,45.5,43.1,21.2,15.4,19.5,570.35,26.82,6.0,4.5,9.0,11.9,6.7,0.708,0.436,0.137,2,1386.0,0.19,56.8,30.9,10,1,0,60.96,231.45,201.52,28.44,47.97
CUST01486,31.1,20.9,33.5,0.3,18.3,1030.95,48.18,8.3,7.9,2.1,8.9,16.2,0.53,0.544,0.156,0,1428.0,0.307,34.7,69.3,15,1,1,57.11,64.83,842.42,15.39,51.2
CUST01487,39.2,32.0,18.9,21.4,19.5,870.79,42.73,9.3,7.8,2.3,16.3,10.1,0.743,0.376,0.07,0,1748.0,0.607,46.6,29.9,9,5,1,69.53,159.18,435.11,186.54,20.43
CUST01488,54.2,65.7,66.8,132.6,3.0,134.15,43.73,1.6,0.7,0.8,2.9,0.8,0.189,0.285,0.242,1,377.0,0.064,5.9,5.2,0,0,7,20.15,33.97,53.07,16.56,10.4
CUST01489,38.6,80.2,19.7,9.9,5.5,277.18,60.52,3.0,2.1,0.4,14.9,5.5,0.839,0.28,0.139,0,1549.0,0.361,18.4,74.9,15,0,1,9.25,43.95,113.92,12.77,97.28
CUST01490,27.6,48.6,15.1,6.8,12.9,721.03,54.15,5.7,3.2,4.0,24.0,6.5,0.218,0.222,0.189,0,1046.0,0.156,259.6,111.9,23,3,1,166.51,174.52,176.45,46.78,156.77
CUST01491,47.3,52.2,28.3,8.1,23.1,1543.43,60.5,9.9,10.7,2.5,8.2,12.9,0.251,0.293,0.17,0,2033.0,0.396,21.6,17.0,11,3,2,160.48,158.75,1014.09,198.76,11.35
CUST01492,45.8,61.5,40.9,8.2,26.4,1756.81,53.14,14.0,9.6,2.8,19.1,16.0,0.594,0.434,0.199,0,1354.0,0.3,52.9,21.6,7,1,2,198.73,533.49,622.73,313.53,88.33
CUST01493,43.0,75.0,32.1,10.9,30.8,1172.66,34.64,9.9,11.7,9.2,26.0,14.0,0.849,0.372,0.075,1,1100.0,0.268,64.5,31.5,13,4,0,389.45,182.85,501.1,91.55,7.72
CUST01494,57.1,149.3,26.7,8.9,28.7,2412.23,78.01,12.8,13.2,2.8,10.9,4.1,0.083,0.046,0.024,0,4214.0,0.458,52.6,60.2,3,4,2,293.2,689.93,252.18,858.67,318.24
CUST01495,47.6,58.4,72.1,154.0,3.0,99.09,38.59,1.4,0.8,0.9,1.8,1.0,0.224,0.158,0.224,2,325.0,0.044,7.0,3.3,2,0,0,9.77,5.76,36.93,43.9,2.74
CUST01496,48.6,76.6,79.4,277.0,2.1,133.35,65.72,1.1,0.4,0.5,1.5,1.9,0.306,0.183,0.157,2,408.0,0.035,4.8,1.1,2,0,3,13.25,22.53,37.99,21.1,38.48
CUST01497,46.7,53.4,28.0,91.9,1.8,101.46,59.86,0.9,0.4,0.5,3.0,1.2,0.12,0.188,0.209,3,265.0,0.067,9.6,2.6,1,0,1,5.94,2.02,55.64,3.38,34.47
CUST01498,23.1,24.7,21.6,8.7,20.6,2124.45,77.08,9.0,7.0,4.5,31.0,6.8,0.161,0.427,0.105,1,1040.0,0.249,194.1,61.3,14,8,0,603.68,312.85,597.64,503.87,106.42
CUST01499,37.9,49.2,27.0,15.2,32.3,1861.76,56.72,19.3,12.0,1.0,10.4,17.8,0.449,0.18,0.119,1,951.0,0.392,86.6,44.7,5,2,4,28.17,638.77,787.88,136.47,270.47
CUST01500,40.6,62.9,31.7,52.0,13.2,649.61,56.3,5.9,5.5,1.8,2.5,4.5,0.281,0.213,0.041,0,2354.0,0.245,28.7,27.0,4,0,0,220.42,53.42,145.5,68.36,161.9
CUST01501,27.7,55.3,18.0,5.6,17.5,782.58,40.33,9.0,8.0,0.5,15.7,7.0,0.22,0.482,0.238,1,1216.0,0.319,131.2,77.0,15,1,0,192.01,291.52,70.66,152.83,75.56
CUST01502,30.7,46.6,20.4,11.2,8.1,595.34,73.02,4.1,2.6,1.4,32.8,8.1,0.293,0.394,0.157,0,578.0,0.113,154.1,76.2,23,3,0,71.02,246.55,145.97,4.06,127.74
CUST01503,38.8,136.2,49.9,8.3,33.2,4280.75,142.06,16.2,10.9,6.1,9.2,1.2,0.135,0.061,0.036,0,4755.0,0.851,19.5,24.8,6,7,2,1244.25,1486.5,1010.52,272.01,267.48
CUST01504,38.1,64.6,29.0,12.2,23.1,1035.08,39.78,9.7,5.9,7.5,11.0,13.4,0.971,0.254,0.075,2,1397.0,0.289,84.4,48.5,11,1,1,42.68,333.28,574.03,77.56,7.53
CUST01505,31.6,66.0,27.3,21.5,27.2,599.09,25.21,9.4,11.9,5.9,15.0,13.0,0.898,0.527,0.105,1,1062.0,0.518,32.9,53.6,9,2,2,30.61,11.85,399.24,79.51,77.88
CUST01506,41.9,42.6,36.7,8.6,14.8,466.76,32.8,6.7,3.8,4.3,15.2,10.1,0.714,0.321,0.156,0,1026.0,0.649,55.1,57.6,11,7,0,13.2,114.11,240.31,22.22,76.92
CUST01507,29.2,34.3,6.9,11.2,15.6,898.68,56.9,7.7,6.5,1.5,33.4,7.3,0.342,0.474,0.198,0,854.0,0.166,216.1,102.6,10,4,1,108.18,358.53,25.25,24.78,381.95
CUST01508,18.6,59.0,10.2,13.5,25.8,1580.72,72.55,7.9,9.5,8.3,29.6,4.9,0.367,0.402,0.214,1,899.0,0.277,223.2,80.5,18,2,3,777.69,163.37,52.94,137.21,449.51
CUST01509,50.5,50.3,51.9,128.6,3.5,96.25,30.36,1.2,1.5,0.8,1.8,1.0,0.243,0.214,0.21,1,106.0,0.064,9.8,8.0,1,0,2,26.21,1.58,35.58,17.57,15.31
CUST01510,44.8,52.5,73.3,218.6,4.4,327.84,63.16,2.6,1.8,0.0,2.0,1.0,0.294,0.058,0.183,6,227.0,0.05,10.7,5.4,0,0,3,106.6,73.1,93.75,36.17,18.22
CUST01511,43.8,102.6,19.8,18.3,10.1,608.3,55.98,4.5,4.4,1.2,12.3,5.6,0.217,0.231,0.09,1,1987.0,0.365,27.7,13.0,6,1,4,163.11,90.86,86.21,56.17,211.95
CUST01512,32.2,55.4,32.7,161.2,3.2,165.74,60.36,1.8,1.6,0.0,2.1,1.2,0.146,0.207,0.156,0,226.0,0.045,6.1,4.8,4,0,3,40.29,29.16,79.52,6.11,10.66
CUST01513,45.7,72.5,33.8,30.5,10.2,692.69,59.25,4.6,2.9,2.7,3.0,4.7,0.332,0.259,0.062,0,1817.0,0.235,15.5,24.7,3,2,0,128.95,40.4,77.5,175.71,270.13
CUST01514,56.4,130.9,63.6,8.1,22.8,2796.04,104.32,13.0,6.3,3.4,12.9,0.3,0.15,0.054,0.034,0,3696.0,0.768,58.4,47.9,7,4,2,613.54,706.78,5.71,1354.77,115.24
CUST01515,37.3,60.3,27.3,13.6,22.0,1027.61,50.83,7.1,6.7,8.1,15.0,15.6,0.503,0.306,0.147,0,1249.0,0.452,59.3,53.2,6,2,0,87.5,73.33,542.67,50.68,273.44
CUST01516,50.9,71.6,60.6,9.6,39.3,5622.01,138.79,18.4,10.6,10.4,9.1,3.1,0.111,0.068,0.035,0,5299.0,0.403,40.5,50.0,6,4,1,2077.54,215.13,1261.01,1784.08,284.25
CUST01517,47.2,68.2,60.6,47.7,3.7,193.77,52.31,1.5,1.1,1.1,1.5,1.2,0.219,0.262,0.171,1,341.0,0.053,9.3,3.6,2,0,6,29.12,52.1,62.53,18.93,31.09
CUST01518,44.5,60.7,30.4,39.9,9.5,626.1,63.72,5.2,2.6,1.7,12.3,2.6,0.282,0.251,0.12,1,1986.0,0.359,0.2,14.5,10,0,0,49.45,173.36,150.99,214.67,37.63
CUST01519,36.7,62.9,26.3,24.2,15.0,191.93,11.84,8.3,6.6,0.1,12.2,9.5,0.501,0.475,0.151,1,2229.0,0.428,52.2,46.5,6,1,3,11.42,53.28,101.52,8.78,16.93
CUST01520,25.9,60.6,34.8,36.3,11.3,825.68,79.54,6.1,3.6,1.6,8.3,1.9,0.253,0.173,0.061,0,948.0,0.321,23.7,5.7,5,0,0,261.27,264.36,144.65,21.56,133.84
CUST01521,45.7,117.4,67.3,5.0,30.4,2316.66,97.5,14.0,13.9,2.5,8.3,2.3,0.11,0.064,0.023,0,3257.0,0.705,137.7,24.2,6,3,0,403.83,753.5,270.41,621.02,267.91
CUST01522,25.7,64.6,49.3,57.8,6.9,178.19,32.31,3.9,2.1,1.0,5.3,3.1,0.28,0.236,0.088,1,1904.0,0.169,42.4,15.4,6,2,1,4.26,20.8,41.04,38.49,73.6
CUST01523,18.2,56.9,36.3,14.7,8.0,494.18,55.48,3.4,2.8,1.8,15.8,8.0,0.434,0.536,0.139,0,582.0,0.286,56.2,35.4,14,0,0,215.91,154.8,83.46,26.37,13.64
CUST01524,34.8,104.6,51.7,2.6,21.0,2736.74,141.42,11.5,6.1,3.4,13.0,5.2,0.089,0.058,0.024,0,5168.0,0.562,97.9,44.5,11,6,3,470.91,722.83,586.29,578.2,378.5
CUST01525,22.3,45.1,20.6,10.4,7.1,440.95,75.56,2.7,1.7,2.7,43.7,6.1,0.157,0.436,0.13,2,883.0,0.199,103.7,119.6,19,7,0,102.26,133.59,18.93,24.09,162.09
CUST01526,34.7,56.5,19.6,5.0,18.7,594.4,27.06,8.3,7.8,2.6,11.8,16.6,0.527,0.219,0.144,2,1494.0,0.305,77.8,33.2,20,1,1,19.06,265.39,190.18,74.55,45.21
CUST01527,31.0,59.5,27.6,17.1,22.4,957.64,49.89,8.5,7.3,6.6,17.3,13.7,0.351,0.174,0.104,0,1430.0,0.447,60.1,38.2,16,1,2,91.99,256.86,419.96,64.6,124.24
CUST01528,18.0,55.8,24.3,15.1,23.9,832.97,37.86,8.5,10.3,5.0,18.8,7.5,0.887,0.396,0.107,0,1060.0,0.504,32.2,49.8,16,2,2,17.31,125.55,515.81,146.8,27.5
CUST01529,49.1,85.2,21.0,3.1,10.1,707.36,87.6,3.5,3.7,2.8,6.8,6.6,0.324,0.29,0.076,0,2100.0,0.072,45.4,19.9,3,1,1,186.1,62.45,272.21,125.14,61.45
CUST01530,27.4,69.9,16.4,8.2,17.7,1005.74,57.24,9.2,7.0,1.6,33.1,2.3,0.2,0.186,0.171,0,1161.0,0.201,114.6,121.5,16,3,1,97.76,218.96,29.07,224.09,435.86
CUST01531,38.1,78.4,36.1,9.5,23.7,753.93,28.5,11.9,9.9,1.9,21.1,4.3,0.76,0.339,0.219,0,952.0,0.415,87.2,61.5,18,2,2,73.01,63.79,475.11,113.06,28.96
CUST01532,61.5,59.4,74.1,130.3,2.6,134.08,54.18,0.9,0.9,0.8,1.6,1.4,0.091,0.308,0.254,5,363.0,0.038,3.0,3.0,0,0,3,1.81,8.47,89.66,4.7,29.44
CUST01533,45.4,70.5,70.9,113.8,2.8,75.9,31.63,1.4,1.0,0.4,1.2,1.3,0.202,0.203,0.22,3,204.0,0.061,3.7,7.1,1,0,4,14.43,8.19,32.82,2.89,17.57
CUST01534,37.1,77.8,19.4,7.5,15.9,1081.59,65.22,8.9,3.9,3.1,9.8,15.9,0.292,0.467,0.068,2,1065.0,0.622,97.7,75.1,16,2,0,197.43,38.86,600.58,98.24,146.48
CUST01535,23.3,52.0,7.4,14.4,17.5,888.63,50.9,8.7,3.9,4.9,17.2,8.7,0.241,0.179,0.175,1,835.0,0.187,188.2,118.8,23,1,2,335.08,111.07,10.04,155.01,277.43
CUST01536,56.2,90.8,41.9,5.0,28.5,4333.76,165.79,9.9,6.8,11.8,7.1,4.9,0.075,0.097,0.039,0,4559.0,0.559,96.3,46.8,5,3,1,907.97,1021.77,13.65,1403.03,987.35
CUST01537,37.4,77.3,28.2,15.1,32.1,1207.61,43.79,14.5,12.3,5.3,13.9,18.7,0.244,0.159,0.095,1,1002.0,0.493,81.8,50.6,15,4,3,6.77,212.81,852.91,70.64,64.48
CUST01538,36.8,55.9,75.4,18.9,2.0,129.95,63.28,1.0,0.6,0.4,1.7,1.8,0.174,0.149,0.082,3,136.0,0.048,6.5,3.0,3,0,2,15.01,10.09,89.94,9.7,5.21
CUST01539,37.5,59.3,35.1,15.9,22.9,918.26,44.12,10.8,6.6,5.5,9.9,11.9,0.514,0.245,0.185,0,1218.0,0.403,63.8,67.1,19,2,1,46.51,190.96,539.13,58.31,83.35
CUST01540,33.2,50.2,13.5,8.5,27.6,2134.97,77.9,12.0,8.8,6.8,22.2,7.8,0.132,0.501,0.198,1,755.0,0.282,141.1,81.0,12,3,1,762.18,146.73,99.06,210.29,916.72
CUST01541,51.5,46.8,50.0,221.6,4.2,156.33,42.84,1.4,2.0,0.8,3.2,1.4,0.131,0.131,0.31,1,254.0,0.055,3.5,5.5,0,0,2,64.31,34.91,23.95,6.49,26.67
CUST01542,47.8,118.2,58.3,16.8,20.0,3884.34,169.12,11.6,4.4,4.0,16.0,3.2,0.061,0.037,0.037,0,5975.0,0.646,100.5,39.9,8,2,1,1524.37,536.72,349.78,302.7,1170.78
CUST01543,19.1,71.1,16.8,7.7,27.7,870.04,32.5,15.8,8.4,3.5,33.6,8.8,0.166,0.649,0.213,1,852.0,0.287,283.2,77.7,23,3,0,52.48,325.94,126.81,29.93,334.89
CUST01544,32.1,67.7,30.9,7.8,21.6,464.5,29.21,8.7,4.6,8.2,10.6,17.4,0.853,0.441,0.191,1,479.0,0.452,62.4,30.3,10,0,3,70.2,117.77,205.88,61.62,9.04
CUST01545,36.0,82.2,26.2,29.0,11.3,857.75,69.07,5.3,4.1,1.9,6.4,2.8,0.21,0.269,0.133,0,2232.0,0.286,24.9,0.4,9,1,0,63.3,279.14,166.57,256.57,92.18
CUST01546,25.0,55.0,19.1,11.4,24.7,1348.53,51.68,11.6,5.2,7.9,16.4,6.8,0.266,0.259,0.165,0,702.0,0.322,21.4,133.4,19,7,1,188.99,440.27,305.06,159.32,254.89
CUST01547,43.3,63.5,37.2,41.4,10.2,789.1,78.12,4.4,3.6,2.2,5.8,4.5,0.43,0.37,0.06,1,1896.0,0.204,11.7,16.3,3,2,1,44.49,138.75,124.63,345.53,135.72
CUST01548,22.9,56.5,13.9,10.6,23.3,511.28,25.46,13.6,7.5,2.2,20.2,9.4,0.371,0.563,0.173,1,1193.0,0.263,215.3,101.9,16,2,0,101.07,138.58,1.23,108.75,161.64
CUST01549,46.1,147.7,34.3,1.0,31.9,7351.62,219.93,14.0,12.8,5.1,6.7,1.8,0.07,0.109,0.029,0,1646.0,0.751,145.6,14.7,4,5,0,707.0,2190.24,892.96,2739.44,821.98
CUST01550,48.7,73.1,47.1,141.4,2.8,141.07,44.81,1.4,1.0,0.4,2.2,1.7,0.274,0.195,0.21,0,224.0,0.058,8.2,4.8,1,0,1,22.05,33.54,33.29,34.49,17.7
CUST01551,40.7,56.0,30.5,15.9,20.1,1011.6,61.85,8.6,5.2,6.4,6.2,3.7,0.154,0.232,0.103,0,1263.0,0.183,35.6,13.5,3,3,0,163.57,192.75,184.57,106.98,363.72
CUST01552,52.7,66.4,58.1,129.8,3.1,178.49,50.32,1.3,1.2,0.6,2.3,1.5,0.277,0.239,0.229,4,389.0,0.037,1.6,2.5,1,0,1,9.43,33.02,52.99,81.86,1.2
CUST01553,48.1,57.9,29.1,4.0,13.3,631.48,45.97,7.7,5.7,0.0,7.1,7.6,0.387,0.238,0.09,0,1162.0,0.37,39.2,23.9,4,1,1,83.43,142.77,289.3,34.65,81.32
CUST01554,30.1,72.5,37.5,36.0,12.7,634.64,55.77,4.2,2.9,5.6,7.0,6.2,0.278,0.109,0.083,1,2211.0,0.166,36.8,17.2,2,1,1,120.68,147.55,48.27,145.79,172.34
CUST01555,45.7,45.6,31.8,4.3,22.6,910.85,41.85,13.0,10.4,0.0,5.0,10.7,1.0,0.391,0.103,1,749.0,0.22,42.3,31.8,12,1,3,38.31,485.27,238.43,60.87,87.98
CUST01556,34.1,83.3,43.0,14.5,20.2,1188.36,64.89,7.2,7.6,5.4,10.9,19.9,0.481,0.506,0.104,0,1119.0,0.218,56.5,19.9,13,5,0,121.25,112.92,568.05,364.53,21.62
CUST01557,54.0,59.4,84.7,123.2,4.6,190.94,38.57,2.1,1.8,0.7,1.8,1.1,0.078,0.261,0.117,2,344.0,0.063,3.9,2.6,1,0,5,7.43,11.26,80.22,90.99,1.05
CUST01558,22.9,58.9,8.0,8.4,20.2,520.85,30.06,10.0,9.1,1.0,34.1,3.4,0.179,0.473,0.17,1,524.0,0.244,190.8,80.2,12,1,0,274.83,89.27,29.4,23.98,103.37
CUST01559,39.6,59.7,23.2,32.4,17.3,600.94,32.04,9.6,8.5,0.0,12.3,3.0,0.278,0.193,0.039,0,2185.0,0.521,47.7,10.7,7,0,4,141.29,230.47,48.68,138.53,41.97
CUST01560,46.5,75.4,29.1,44.3,12.0,583.48,48.57,5.1,4.9,2.0,9.9,5.8,0.24,0.107,0.046,0,2205.0,0.503,18.6,39.9,1,0,2,390.25,50.03,66.46,34.78,41.96
CUST01561,47.7,59.4,22.9,28.1,22.5,1132.27,47.34,13.3,8.1,1.1,13.6,19.6,1.0,0.37,0.101,1,1103.0,0.407,22.0,3.8,17,2,1,296.89,81.32,626.93,124.55,2.59
CUST01562,44.6,72.0,23.2,20.1,20.8,1388.27,61.31,11.3,5.4,4.0,16.1,20.8,1.0,0.435,0.125,0,1287.0,0.365,36.9,22.1,9,1,0,368.32,221.83,471.27,217.97,108.86
CUST01563,48.1,63.8,52.7,202.6,1.8,99.9,55.64,0.8,0.5,0.4,3.2,1.5,0.112,0.268,0.143,3,371.0,0.034,11.7,2.6,0,0,5,16.98,10.06,53.05,0.61,19.2
CUST01564,53.4,78.6,34.8,13.8,24.9,1019.1,40.16,10.1,6.6,8.3,9.7,9.0,0.714,0.353,0.132,0,1917.0,0.552,50.3,60.0,14,2,1,26.11,363.46,464.47,61.66,103.38
CUST01565,33.6,84.2,41.7,34.5,14.0,300.22,20.5,5.7,5.2,3.2,3.9,2.7,0.299,0.1,0.064,0,1110.0,0.203,28.1,39.1,10,0,1,85.89,23.61,63.48,88.81,38.44
CUST01566,26.2,64.6,12.7,16.1,6.0,240.88,49.58,2.4,2.8,0.8,27.8,5.5,0.284,0.829,0.186,0,1459.0,0.268,258.5,68.9,16,2,0,57.74,74.04,29.01,45.68,34.41
CUST01567,37.6,48.6,5.7,25.2,3.8,198.81,53.31,1.7,1.2,0.8,3.7,1.0,0.27,0.243,0.271,0,142.0,0.074,9.0,7.0,0,0,1,9.86,12.74,51.31,100.0,24.91
CUST01568,56.1,56.5,54.2,8.4,21.3,4944.27,197.9,7.5,9.9,3.9,12.3,2.6,0.057,0.078,0.026,0,4559.0,0.438,110.0,10.1,8,5,1,474.59,1375.93,827.92,1257.56,1008.28
CUST01569,54.0,80.8,37.2,54.6,3.9,161.64,38.69,2.0,1.5,0.3,3.2,0.4,0.106,0.303,0.248,1,330.0,0.075,8.9,3.6,0,0,1,7.29,14.59,29.3,49.54,60.92
CUST01570,25.9,40.9,27.1,4.4,18.2,693.27,41.87,7.4,7.9,2.9,13.2,8.7,0.382,0.31,0.132,0,1083.0,0.256,176.5,101.6,17,7,1,282.52,139.58,7.74,50.28,213.14
CUST01571,26.5,47.2,6.3,13.1,27.1,1460.24,57.3,13.6,12.3,1.2,26.8,8.8,0.415,0.541,0.155,2,974.0,0.227,188.3,112.5,21,4,1,386.81,551.4,159.17,157.42,205.44
CUST01572,35.2,120.1,59.8,8.2,52.6,7277.41,129.71,16.6,15.3,20.7,8.4,1.3,0.154,0.091,0.023,0,4283.0,0.601,61.4,32.9,7,1,0,1077.23,1399.28,1189.82,2155.21,1455.88
CUST01573,66.5,53.2,90.7,170.4,2.7,117.11,43.93,1.5,0.7,0.5,0.7,1.0,0.146,0.241,0.233,2,314.0,0.083,6.4,7.0,1,0,3,1.84,62.08,23.91,20.83,8.44
CUST01574,37.7,50.2,48.2,52.3,10.2,416.83,38.76,5.4,3.3,1.5,8.2,7.5,0.351,0.282,0.038,1,1408.0,0.19,77.3,32.8,7,1,0,97.1,117.83,103.83,41.66,56.41
CUST01575,41.9,73.0,25.8,7.1,11.6,401.72,38.66,6.2,4.3,1.2,14.0,11.6,0.916,0.372,0.146,1,1592.0,0.519,114.6,47.9,7,5,1,4.66,114.06,236.22,6.19,40.59
CUST01576,44.7,97.9,40.2,6.4,16.4,2185.77,148.01,9.0,7.3,0.1,14.0,2.6,0.045,0.074,0.045,0,3222.0,0.795,124.2,67.2,4,3,1,262.05,248.55,664.92,184.45,825.8
CUST01577,52.0,74.0,56.8,9.1,28.7,4430.81,138.17,13.5,8.2,7.0,6.1,2.9,0.098,0.056,0.032,0,5919.0,0.909,99.9,66.8,3,8,0,557.9,1063.24,604.31,1795.98,409.37
CUST01578,57.7,40.8,62.7,91.0,3.2,197.93,55.05,1.5,1.5,0.2,2.0,0.7,0.318,0.115,0.165,3,236.0,0.063,4.6,5.0,0,0,0,69.65,16.09,57.99,47.55,6.64
CUST01579,60.0,66.0,18.7,185.3,1.6,38.77,25.89,0.8,0.6,0.2,2.1,1.6,0.078,0.194,0.246,1,362.0,0.041,9.9,5.2,1,0,2,12.09,3.27,8.97,10.47,3.96
CUST01580,28.2,55.3,22.6,13.9,16.7,924.1,53.45,8.9,7.0,0.9,14.2,3.5,0.181,0.566,0.142,1,676.0,0.296,201.4,97.9,25,4,1,141.53,295.66,50.79,175.77,260.35
CUST01581,38.7,67.1,44.5,14.2,21.3,735.75,39.65,12.0,6.4,2.8,5.0,5.6,0.892,0.323,0.063,0,1727.0,0.471,69.2,39.4,12,4,3,13.66,58.93,484.47,78.6,100.1
CUST01582,27.9,79.2,28.0,16.3,15.0,253.04,18.0,7.8,7.2,0.0,15.3,14.7,0.805,0.293,0.193,1,818.0,0.444,29.8,17.6,10,4,3,4.06,115.43,67.3,4.95,61.3
CUST01583,21.8,67.6,17.9,12.1,20.0,971.37,48.4,7.0,6.0,6.9,17.8,7.9,0.219,0.479,0.138,0,1159.0,0.327,194.8,47.3,18,4,1,178.28,681.04,20.13,36.9,55.02
CUST01584,40.0,49.2,14.2,0.0,6.3,195.1,30.53,2.1,1.8,2.4,30.1,3.2,0.483,0.398,0.131,1,680.0,0.23,152.0,91.2,17,4,2,12.98,26.36,17.57,27.36,110.83
CUST01585,37.1,92.1,27.7,57.9,16.0,1067.77,54.21,8.2,7.4,0.4,8.4,6.8,0.166,0.177,0.103,1,1790.0,0.324,42.4,26.4,7,0,0,342.89,301.22,24.01,216.45,183.19
CUST01586,36.6,139.8,43.7,12.2,40.1,5060.54,119.46,13.3,10.1,16.7,5.4,1.7,0.103,0.092,0.045,0,3995.0,0.601,71.9,36.9,10,3,2,1483.48,1215.27,19.85,716.27,1625.68
CUST01587,53.5,92.4,49.5,179.8,3.8,213.31,51.69,1.7,1.0,1.1,2.1,1.3,0.243,0.262,0.148,1,293.0,0.034,6.8,5.6,2,0,3,32.79,28.23,101.62,17.18,33.49
CUST01588,31.7,50.7,12.1,11.5,5.4,292.02,49.06,1.8,1.3,2.3,4.9,3.2,0.3,0.307,0.135,1,1232.0,0.146,205.1,82.8,21,4,1,65.24,109.84,10.01,51.99,54.94
CUST01589,29.8,58.6,11.2,8.6,21.9,1574.65,63.61,11.2,9.0,1.8,4.0,9.8,0.167,0.393,0.137,0,981.0,0.326,280.8,137.4,24,7,1,657.78,254.41,186.28,57.87,418.31
CUST01590,61.1,56.8,59.4,112.0,3.6,178.9,42.79,1.4,1.4,0.7,1.5,0.4,0.131,0.121,0.248,3,287.0,0.069,4.8,4.0,2,0,6,12.58,46.2,57.35,52.55,10.22
CUST01591,61.1,65.7,64.0,142.7,2.4,138.52,52.37,0.7,0.5,1.2,1.9,0.8,0.216,0.226,0.162,0,269.0,0.053,10.3,6.0,2,0,1,50.22,41.63,27.97,13.71,4.99
CUST01592,39.2,92.5,20.4,39.1,16.2,994.67,61.52,7.8,7.2,1.2,9.0,3.8,0.286,0.203,0.101,0,1441.0,0.455,49.6,24.7,3,1,1,253.53,119.22,22.19,347.65,252.08
CUST01593,39.2,186.0,36.4,12.2,54.3,7815.81,117.9,19.2,11.4,23.7,7.1,4.5,0.077,0.036,0.04,0,4906.0,0.288,88.5,37.0,7,6,0,3256.84,2017.95,56.45,1491.56,993.01
CUST01594,32.6,136.6,20.3,3.9,37.9,4565.83,119.19,15.4,10.3,12.2,1.8,2.5,0.104,0.082,0.028,0,5338.0,0.598,65.7,18.1,5,2,0,530.51,1321.69,1200.47,1048.77,464.4
CUST01595,21.6,66.0,59.5,57.0,3.2,155.7,48.43,1.7,1.6,0.0,3.2,1.0,0.193,0.191,0.136,0,313.0,0.068,10.9,5.7,0,0,2,36.35,14.91,69.85,1.65,32.93
CUST01596,25.3,35.2,15.3,5.9,18.8,544.67,31.66,11.1,8.0,0.0,16.5,7.4,0.258,0.507,0.201,0,946.0,0.22,169.8,13.6,22,3,0,122.36,119.49,123.21,19.06,160.56
CUST01597,40.7,69.6,25.4,12.2,30.3,772.25,28.35,13.4,12.1,4.7,8.5,13.2,0.396,0.284,0.103,0,1420.0,0.152,68.3,55.2,7,4,1,38.92,91.33,496.16,141.42,4.42
CUST01598,55.6,39.6,42.7,4.3,37.6,3545.35,89.91,11.5,13.2,12.9,13.5,3.3,0.096,0.048,0.032,0,5525.0,0.344,62.3,11.9,6,3,0,243.63,1776.87,644.31,360.52,520.02
CUST01599,45.1,154.2,13.6,9.5,21.5,2927.33,137.73,12.9,7.0,1.7,12.1,0.6,0.08,0.077,0.024,0,4899.0,0.575,98.4,51.8,6,8,0,1355.21,334.63,141.28,809.22,286.99
CUST01600,43.9,60.7,28.1,45.2,9.6,596.76,64.85,5.1,2.5,2.0,3.0,4.3,0.374,0.16,0.102,1,1402.0,0.123,10.9,20.5,3,3,0,205.14,65.68,46.86,228.53,50.55
CUST01601,35.6,55.2,31.5,8.5,23.2,803.82,36.45,10.1,8.1,5.1,7.8,19.0,0.719,0.39,0.154,0,1574.0,0.526,69.4,27.3,14,0,1,25.15,116.55,382.63,161.44,118.05
CUST01602,37.3,51.9,34.3,12.9,8.2,119.52,14.71,3.2,2.7,2.3,4.1,8.2,0.12,0.273,0.173,0,1504.0,0.331,75.8,49.4,24,3,1,1.62,7.91,100.29,9.46,0.25
CUST01603,40.3,56.0,9.5,2.0,25.4,919.75,31.16,9.0,7.5,8.9,21.0,14.5,0.957,0.363,0.093,3,1345.0,0.421,60.4,18.1,21,0,1,98.54,307.33,112.8,344.98,56.1
CUST01604,42.6,63.4,30.0,11.7,15.2,413.64,27.73,5.6,6.2,3.4,15.7,4.4,0.516,0.323,0.134,1,2033.0,0.352,91.9,38.9,12,0,1,9.04,11.48,215.71,56.16,121.25
CUST01605,33.8,54.4,17.7,6.6,38.0,9993.12,239.64,14.2,9.9,13.8,10.5,1.8,0.088,0.074,0.032,1,3465.0,0.369,45.0,50.4,6,8,1,3182.66,1969.52,1641.86,1468.14,1730.93
CUST01606,18.4,31.5,14.2,10.8,20.7,1116.19,49.66,10.9,8.6,1.2,31.4,5.3,0.202,0.58,0.145,1,833.0,0.343,214.3,94.2,18,3,0,343.2,283.21,255.75,50.14,183.89
CUST01607,37.2,91.4,60.1,12.6,33.1,2729.23,87.85,14.6,12.9,5.6,15.5,3.0,0.057,0.078,0.024,0,5054.0,0.508,74.1,56.4,3,1,0,917.26,563.23,459.21,483.51,306.02
CUST01608,43.7,60.8,42.0,7.5,12.8,870.47,67.03,5.9,3.2,3.7,11.7,4.0,0.269,0.185,0.073,0,736.0,0.18,30.8,12.4,5,0,0,76.14,49.71,223.35,30.27,491.0
CUST01609,28.7,50.4,51.6,15.1,30.2,1370.47,50.37,13.4,8.4,8.4,9.9,22.6,0.786,0.4,0.106,0,1216.0,0.431,17.2,52.3,9,1,0,30.86,296.88,849.29,189.64,3.8
CUST01610,28.9,78.7,10.4,14.0,9.6,464.82,48.58,4.7,2.6,2.3,19.0,5.0,0.219,0.36,0.115,2,703.0,0.341,207.6,20.3,27,5,1,55.47,122.06,153.32,19.59,114.39
CUST01611,53.3,89.8,22.3,48.7,2.1,122.48,57.68,1.1,0.6,0.5,6.7,2.1,0.258,0.224,0.038,0,1838.0,0.398,41.4,25.1,8,3,0,22.11,41.01,14.2,36.4,8.76
CUST01612,57.2,83.3,63.2,175.4,2.0,108.97,56.31,1.1,0.9,0.0,2.2,0.8,0.187,0.206,0.165,1,504.0,0.055,10.4,0.0,1,0,1,15.91,25.38,16.87,31.18,19.63
CUST01613,24.9,53.4,9.9,5.0,16.0,967.19,56.7,6.0,3.6,6.4,30.0,6.6,0.452,0.488,0.097,0,1215.0,0.269,222.4,109.8,17,3,0,59.96,536.16,0.13,35.49,335.45
CUST01614,36.9,67.7,28.4,25.8,22.8,1006.53,48.89,9.5,11.1,2.2,7.2,9.5,0.617,0.375,0.125,0,1916.0,0.243,12.3,50.8,16,2,2,61.04,498.02,373.4,52.15,21.92
CUST01615,36.1,60.3,28.5,17.3,9.8,316.66,37.55,5.8,3.3,0.7,11.8,9.8,0.404,0.303,0.202,0,1367.0,0.209,57.1,63.6,5,1,1,28.28,63.16,138.7,52.35,34.17
CUST01616,34.3,88.4,62.6,165.6,3.0,60.74,19.56,1.2,0.7,1.1,1.6,0.0,0.255,0.191,0.155,1,181.0,0.058,10.6,2.1,0,0,7,2.91,3.16,26.45,4.22,24.01
CUST01617,47.4,90.3,14.2,23.3,10.5,430.48,42.96,3.3,2.1,5.1,4.4,3.3,0.178,0.221,0.102,0,2451.0,0.31,37.4,20.7,3,1,1,115.57,73.48,30.36,175.68,35.39
CUST01618,63.6,64.2,48.4,110.2,2.1,88.7,55.76,0.9,0.5,0.8,1.9,0.3,0.176,0.241,0.275,1,476.0,0.05,11.7,7.9,0,0,4,20.37,24.11,30.65,9.03,4.53
CUST01619,29.9,56.1,19.0,12.7,13.4,748.96,64.59,6.4,3.0,4.0,7.3,4.5,0.307,0.458,0.066,1,1031.0,0.198,224.6,144.7,23,3,0,130.59,170.83,87.76,25.95,333.83
CUST01620,54.7,106.4,53.0,117.2,3.7,207.35,52.96,1.6,1.3,0.8,0.5,0.9,0.103,0.094,0.239,2,216.0,0.051,4.8,5.7,0,0,3,85.18,14.39,56.3,21.95,29.53
CUST01621,28.9,35.0,14.8,6.5,15.5,1050.55,70.81,7.7,5.1,2.8,18.5,6.0,0.242,0.2,0.179,0,1316.0,0.086,249.7,103.1,16,2,2,372.45,210.01,15.99,0.68,451.42
CUST01622,43.3,74.7,44.6,7.7,27.1,3354.03,127.85,12.5,8.5,6.1,9.6,4.8,0.097,0.079,0.026,0,4832.0,0.621,188.4,20.2,12,4,2,1278.71,768.2,73.03,772.6,461.48
CUST01623,30.5,41.2,12.5,10.4,27.3,882.15,29.64,13.5,6.1,7.7,16.2,7.1,0.447,0.25,0.164,0,995.0,0.251,254.2,146.2,24,3,1,221.13,250.6,144.94,11.28,254.2
CUST01624,41.6,76.9,43.8,55.5,7.2,432.21,54.7,2.5,1.7,3.1,9.6,3.0,0.255,0.247,0.126,0,765.0,0.33,26.8,28.3,3,1,0,140.3,64.28,49.41,140.84,37.39
CUST01625,39.0,87.4,59.6,4.9,26.8,3514.41,141.99,15.8,8.6,2.4,10.3,0.5,0.075,0.085,0.031,0,4444.0,0.501,44.0,0.0,5,2,2,710.55,906.27,479.63,243.68,1174.29
CUST01626,51.0,62.6,67.9,266.3,2.2,30.15,15.7,1.0,0.8,0.3,2.7,0.8,0.161,0.153,0.173,0,114.0,0.031,11.6,7.9,0,0,4,5.48,5.41,6.41,7.53,5.32
CUST01627,29.1,67.9,19.1,20.5,35.5,1038.17,32.29,13.5,9.8,12.1,22.1,13.6,0.388,0.476,0.084,1,1524.0,0.469,0.0,37.1,16,1,0,403.21,28.93,594.96,5.26,5.81
CUST01628,26.8,66.8,15.5,12.8,9.1,545.54,53.23,3.4,3.1,2.6,20.6,7.9,0.213,0.438,0.112,1,432.0,0.157,246.1,58.8,22,4,1,92.13,163.21,18.97,134.94,136.29
CUST01629,59.4,90.6,43.9,10.9,36.0,5075.47,155.82,13.6,12.0,10.3,8.3,1.4,0.09,0.064,0.03,0,3215.0,0.368,172.2,29.4,5,6,1,1039.28,930.39,134.45,2014.75,956.61
CUST01630,32.4,43.6,11.8,11.4,22.2,615.69,27.59,7.1,6.8,8.2,42.4,3.4,0.363,0.281,0.079,0,1125.0,0.22,153.5,43.3,18,2,0,132.67,235.51,6.02,25.46,216.04
CUST01631,54.4,82.9,43.9,45.7,1.9,108.32,56.01,0.8,0.7,0.4,2.7,1.0,0.297,0.281,0.152,2,235.0,0.059,10.9,3.8,1,0,2,10.6,22.54,64.46,7.28,3.44
CUST01632,31.7,79.1,25.0,20.8,28.5,1200.18,41.35,13.5,11.2,3.8,16.7,16.3,0.788,0.461,0.145,0,526.0,0.287,55.1,48.6,8,4,0,391.55,275.6,451.36,43.67,37.99
CUST01633,48.4,55.2,50.6,184.6,3.2,110.98,35.46,1.8,1.1,0.3,0.3,1.8,0.248,0.198,0.057,6,250.0,0.034,9.5,2.5,1,0,4,5.33,23.69,36.17,29.71,16.09
CUST01634,41.6,55.2,48.4,103.2,2.0,89.0,48.09,0.8,0.7,0.5,2.8,1.4,0.236,0.337,0.183,0,365.0,0.039,5.4,7.3,0,0,4,44.63,9.15,22.24,2.06,10.92
CUST01635,30.2,53.9,36.5,56.4,8.7,534.84,58.62,2.7,1.8,4.2,6.8,4.8,0.179,0.226,0.074,1,833.0,0.422,16.6,28.1,6,2,2,108.15,91.99,77.95,163.67,93.09
CUST01636,34.8,67.5,35.0,14.8,13.5,492.55,36.63,5.9,5.8,1.8,18.3,10.0,0.596,0.347,0.186,1,1239.0,0.426,67.0,36.3,10,0,1,43.65,47.96,88.54,101.72,210.69
CUST01637,33.4,43.8,25.1,3.8,17.4,748.88,46.08,9.7,6.1,1.6,17.0,17.4,0.776,0.468,0.095,0,1499.0,0.37,96.5,9.5,18,3,1,45.18,16.57,457.67,139.25,90.22
CUST01638,44.2,135.8,54.5,9.3,35.1,2843.88,72.15,15.3,12.5,7.2,14.4,2.3,0.01,0.089,0.026,0,3683.0,0.398,37.8,35.7,6,5,1,463.45,500.74,721.86,243.74,914.08
CUST01639,34.7,55.4,23.1,15.0,5.6,349.69,69.08,2.9,1.6,1.1,9.0,4.2,0.316,0.146,0.014,1,1691.0,0.221,56.0,22.4,6,0,1,44.56,63.1,150.83,41.8,49.4
CUST01640,38.9,84.3,28.5,72.7,8.5,315.52,49.67,2.8,2.5,3.1,10.1,0.0,0.142,0.204,0.122,1,1950.0,0.234,50.3,6.1,4,2,1,43.91,115.11,58.26,78.86,19.38
CUST01641,22.1,40.9,18.1,6.6,14.4,754.64,47.27,4.9,5.7,3.9,38.5,8.2,0.266,0.478,0.071,0,897.0,0.28,235.3,117.2,23,4,1,110.86,473.85,4.98,23.84,141.1
CUST01642,38.2,87.4,34.9,25.6,11.1,666.45,67.59,4.1,3.8,3.2,5.8,3.5,0.306,0.202,0.074,0,1257.0,0.331,25.2,0.0,4,1,0,212.89,60.55,53.57,92.92,246.52
CUST01643,34.4,33.1,9.4,5.0,18.5,1250.97,61.72,8.6,8.3,1.6,25.7,10.3,0.349,0.398,0.142,1,1098.0,0.324,199.0,180.7,21,3,1,605.46,140.19,124.63,11.62,369.07
CUST01644,63.2,47.7,55.5,227.0,4.1,86.56,23.36,2.1,1.0,1.1,2.2,1.5,0.173,0.305,0.237,0,283.0,0.043,4.2,5.2,1,0,4,31.39,12.81,8.73,25.93,7.71
CUST01645,35.2,69.2,42.3,7.3,11.9,1824.32,166.34,5.9,5.3,0.7,5.4,3.8,0.087,0.075,0.04,0,4672.0,0.77,124.5,33.7,6,1,1,346.59,477.12,235.09,316.84,448.68
CUST01646,49.1,75.4,48.9,172.8,2.6,143.7,52.83,1.5,1.0,0.1,1.7,0.8,0.187,0.214,0.02,4,419.0,0.023,3.4,6.5,1,0,2,51.69,51.56,25.39,6.14,8.92
CUST01647,35.9,90.0,86.6,6.9,28.4,4785.12,143.88,11.0,11.6,5.7,8.9,0.8,0.055,0.117,0.037,0,3740.0,0.684,143.1,45.2,6,5,0,1169.91,1443.75,419.61,341.44,1410.41
CUST01648,41.1,55.7,29.1,24.0,8.4,662.48,67.77,4.5,2.5,1.4,7.9,5.9,0.375,0.273,0.098,0,1903.0,0.186,28.0,13.2,6,1,0,186.03,128.62,113.09,157.08,77.67
CUST01649,57.8,70.9,71.9,121.8,4.8,224.21,37.71,2.4,1.8,0.6,2.3,1.5,0.287,0.257,0.244,5,235.0,0.064,7.3,2.4,1,0,1,28.59,8.44,71.71,15.93,99.55
CUST01650,54.8,90.1,24.9,103.8,3.5,159.27,47.31,1.6,1.4,0.6,0.8,1.2,0.205,0.221,0.176,1,296.0,0.073,7.6,6.1,0,0,3,11.4,5.22,108.66,12.37,21.62
CUST01651,42.7,55.5,35.9,3.4,33.2,4220.71,113.2,16.4,11.9,4.9,3.5,2.7,0.103,0.033,0.023,0,2920.0,0.616,127.2,42.4,1,4,1,1025.99,40.82,139.05,1228.18,1786.67
CUST01652,24.8,65.1,38.2,13.5,28.4,1942.66,67.4,9.3,8.2,10.9,12.1,20.4,0.866,0.466,0.104,1,1322.0,0.402,40.2,49.0,15,6,2,138.32,319.7,1021.72,257.62,205.31
CUST01653,40.8,54.1,29.1,16.6,25.5,669.39,39.32,10.0,10.5,5.1,13.7,11.1,0.656,0.357,0.137,0,1243.0,0.071,49.3,25.5,11,1,2,12.8,328.08,286.05,22.77,19.69
CUST01654,30.0,43.2,30.6,12.4,22.7,1122.79,48.72,9.3,9.7,3.8,10.8,19.1,0.643,0.338,0.108,3,1572.0,0.693,122.5,28.7,9,2,1,48.97,252.07,568.53,71.64,181.58
CUST01655,56.3,133.3,32.5,11.7,27.2,4641.62,202.25,14.3,6.8,6.2,11.8,2.6,0.103,0.058,0.016,0,4654.0,0.509,132.9,22.0,10,3,0,1063.69,978.23,6.99,1324.55,1268.16
CUST01656,48.1,87.0,30.8,44.1,10.0,659.68,67.65,5.7,2.9,1.3,7.9,3.4,0.117,0.257,0.092,0,1757.0,0.194,47.9,9.6,4,2,0,125.75,129.38,90.96,158.71,154.89
CUST01657,29.6,68.0,14.5,11.3,17.8,645.7,34.94,7.1,5.8,4.9,53.6,9.9,0.305,0.596,0.148,1,1410.0,0.242,232.7,112.2,22,8,0,228.08,186.06,81.38,13.08,137.09
CUST01658,25.9,30.1,33.2,8.7,8.7,198.07,28.11,2.8,3.4,2.5,11.0,8.7,0.749,0.419,0.075,0,1134.0,0.344,36.2,20.6,12,2,1,3.97,31.41,150.92,0.53,11.25
CUST01659,31.0,89.1,30.1,15.0,36.3,1634.17,42.75,14.9,10.6,10.9,14.3,9.7,0.887,0.268,0.129,0,2766.0,0.38,90.6,47.4,8,3,0,163.19,273.69,1041.36,77.94,78.0
CUST01660,20.0,47.3,13.0,5.6,16.0,963.64,55.12,7.4,4.8,3.8,32.8,1.2,0.326,0.524,0.105,0,1276.0,0.297,192.2,73.6,13,3,1,27.95,195.03,175.59,170.91,394.16
CUST01661,52.2,102.9,21.7,263.2,4.8,205.81,45.86,2.2,1.6,1.0,1.5,0.9,0.272,0.2,0.271,1,189.0,0.061,9.2,6.1,0,0,1,23.71,76.11,19.61,28.8,57.59
CUST01662,29.6,52.1,13.2,1.0,9.1,117.23,12.72,4.1,4.1,0.9,18.0,5.2,0.326,0.385,0.117,2,512.0,0.127,247.9,68.7,23,6,0,61.81,24.15,1.17,13.4,16.71
CUST01663,51.0,81.7,25.0,40.9,15.9,1037.59,57.43,5.9,3.3,6.8,13.4,5.6,0.296,0.221,0.095,0,1826.0,0.518,36.2,33.6,4,1,0,208.9,26.58,412.13,284.48,105.51
CUST01664,24.9,67.9,10.4,8.2,12.1,994.67,70.13,6.9,3.9,1.4,25.6,4.9,0.347,0.416,0.148,0,706.0,0.15,53.2,15.1,21,4,3,492.19,201.18,104.72,13.58,183.0
CUST01665,39.2,59.7,42.1,14.5,9.2,511.3,52.25,3.5,3.9,1.8,4.4,4.0,0.256,0.122,0.091,0,1662.0,0.293,26.3,4.1,4,1,0,82.07,41.12,184.82,120.05,83.24
CUST01666,36.0,79.6,39.2,36.1,11.2,513.93,42.94,4.1,2.7,4.3,4.5,4.6,0.235,0.23,0.117,0,1653.0,0.387,5.3,22.9,1,1,0,130.8,45.4,26.92,198.05,112.76
CUST01667,39.5,65.7,11.2,12.3,30.0,1281.09,42.5,17.0,14.6,0.0,11.5,13.3,0.658,0.254,0.13,2,997.0,0.424,52.6,34.2,11,0,5,158.97,248.53,440.63,83.51,349.44
CUST01668,45.2,71.7,44.3,40.9,5.5,187.92,34.73,2.5,1.7,1.3,9.7,5.5,0.2,0.203,0.083,1,1208.0,0.328,38.9,24.4,6,3,2,20.36,90.23,13.15,14.01,50.16
CUST01669,42.1,119.6,37.9,6.6,22.9,4442.4,171.36,7.7,10.1,5.1,7.3,4.7,0.09,0.056,0.022,0,2889.0,0.517,45.9,47.8,5,8,0,958.0,889.31,1560.1,838.26,196.73
CUST01670,29.1,87.4,29.7,57.0,13.5,610.07,47.67,5.6,4.9,3.0,9.6,4.7,0.126,0.159,0.094,0,1940.0,0.182,32.5,25.2,4,0,1,110.54,136.15,43.04,172.21,148.14
CUST01671,29.2,42.3,37.9,22.7,11.5,323.82,31.83,5.9,3.6,2.1,23.6,11.5,0.471,0.413,0.12,0,1225.0,0.265,39.1,28.4,20,0,2,18.22,58.56,171.89,10.81,64.34
CUST01672,39.6,83.6,39.0,37.2,13.7,678.12,46.47,6.4,4.4,2.9,10.6,4.0,0.263,0.22,0.094,2,1640.0,0.312,50.9,39.8,5,0,2,197.58,182.92,80.39,124.43,92.81
CUST01673,46.6,82.6,19.8,54.3,9.9,664.09,66.01,5.9,3.0,1.1,11.8,2.9,0.323,0.154,0.029,0,1049.0,0.211,33.8,30.1,11,0,2,104.65,43.61,193.61,253.66,68.56
CUST01674,47.8,71.1,15.9,64.0,8.8,431.66,56.12,3.8,2.6,2.3,3.0,5.8,0.266,0.223,0.094,0,1350.0,0.225,49.0,22.5,5,0,1,23.33,74.92,167.04,120.84,45.53
CUST01675,59.8,67.9,52.4,75.1,2.5,163.74,71.54,1.3,1.1,0.0,1.4,0.8,0.242,0.352,0.249,0,381.0,0.055,7.5,5.0,1,0,1,8.62,25.93,88.23,10.18,30.78
CUST01676,39.9,61.3,45.6,12.4,4.9,174.06,36.62,1.5,1.3,2.1,16.2,4.9,0.873,0.467,0.143,0,1477.0,0.666,40.2,56.5,7,3,2,36.31,40.95,76.85,15.96,3.98
CUST01677,46.0,79.3,30.9,7.8,52.3,11685.22,215.61,30.9,21.7,0.0,11.8,3.7,0.084,0.063,0.038,1,3442.0,0.788,41.3,22.4,8,6,1,5543.35,1875.43,1505.15,2115.74,645.56
CUST01678,22.5,70.1,10.8,9.9,13.8,760.32,53.89,6.8,6.6,0.4,25.1,3.9,0.263,0.503,0.191,0,1057.0,0.288,158.4,122.2,17,3,1,84.26,418.63,60.63,50.45,146.35
CUST01679,54.5,118.5,47.4,13.0,31.6,4071.51,141.44,13.8,11.0,6.7,2.3,3.1,0.088,0.055,0.045,0,4121.0,0.57,72.4,40.5,8,2,0,1380.34,859.74,164.53,1352.83,314.08
CUST01680,50.5,47.9,77.3,207.2,2.7,140.85,58.53,1.1,0.8,0.8,2.4,0.8,0.225,0.111,0.183,1,396.0,0.046,10.2,2.4,2,1,4,4.89,4.0,84.02,45.64,2.31
CUST01681,32.2,40.4,41.8,18.7,33.1,1436.44,44.94,17.4,10.3,5.5,8.3,11.1,0.782,0.312,0.077,1,2114.0,0.414,45.1,62.7,12,2,0,0.4,331.52,425.59,401.74,277.2
CUST01682,34.5,49.7,36.8,19.5,7.8,831.45,91.4,3.7,3.0,1.1,11.3,5.2,0.337,0.215,0.101,1,1692.0,0.288,30.6,30.3,5,1,0,228.8,133.32,41.85,266.94,160.55
CUST01683,67.8,69.7,83.8,153.7,4.0,264.11,61.39,1.9,1.3,0.8,1.2,1.2,0.242,0.163,0.223,2,209.0,0.051,11.5,4.1,1,0,1,93.3,9.32,87.57,61.17,12.75
CUST01684,44.0,80.1,15.6,5.2,18.5,914.73,59.24,7.1,5.8,5.7,7.7,1.7,0.164,0.0,0.098,1,1618.0,0.136,34.6,31.3,3,1,0,352.36,28.49,315.54,13.17,205.17
CUST01685,33.9,43.6,39.1,8.6,31.8,3390.83,100.64,15.8,10.1,5.9,9.7,1.2,0.106,0.07,0.016,1,3478.0,0.571,65.4,8.3,3,6,0,831.08,369.22,158.19,1518.9,513.44
CUST01686,20.2,53.3,32.3,21.3,2.7,150.88,47.48,0.8,1.0,0.9,5.2,2.7,0.403,0.181,0.084,0,1641.0,0.38,66.1,28.5,4,2,1,33.57,18.76,10.82,37.54,50.19
CUST01687,50.0,67.9,31.0,35.1,9.3,476.31,55.46,2.9,2.3,4.1,9.2,3.9,0.295,0.261,0.055,1,1478.0,0.307,36.2,12.4,7,1,1,58.42,97.74,174.8,25.77,119.59
CUST01688,23.4,63.5,10.2,11.4,13.9,84.62,6.41,7.9,5.7,0.4,28.5,4.0,0.404,0.307,0.203,0,909.0,0.223,163.0,101.8,13,3,2,8.11,44.58,0.59,14.13,17.21
CUST01689,51.8,71.5,51.0,100.1,0.6,30.21,57.19,0.3,0.3,0.0,3.4,0.6,0.257,0.229,0.234,0,284.0,0.051,8.1,5.3,0,0,2,0.02,7.43,9.53,0.75,12.49
CUST01690,38.9,39.1,56.7,168.1,3.3,165.17,46.0,1.0,1.4,0.9,2.4,0.9,0.192,0.121,0.206,1,351.0,0.055,10.8,4.4,1,0,1,9.6,80.11,29.72,24.07,21.67
CUST01691,49.0,98.6,40.6,9.5,35.5,4051.19,92.14,14.5,8.9,12.1,11.5,4.0,0.114,0.061,0.015,0,5313.0,0.517,46.3,29.7,5,5,1,297.44,571.86,1152.51,1225.98,803.4
CUST01692,34.3,59.5,10.0,14.1,22.0,1108.31,48.15,8.6,7.2,6.2,37.4,3.2,0.137,0.282,0.201,0,936.0,0.234,90.7,129.5,18,0,1,286.77,356.36,80.26,5.9,379.02
CUST01693,47.7,53.9,16.8,18.5,29.2,719.62,24.65,12.8,12.2,4.2,21.4,8.9,0.636,0.204,0.071,1,1124.0,0.713,57.0,34.3,10,0,0,175.23,48.38,321.86,38.88,135.27
CUST01694,40.1,125.9,22.8,6.3,23.8,2651.7,112.77,9.5,10.4,3.9,8.9,3.9,0.136,0.062,0.031,0,2524.0,0.424,86.8,34.4,5,1,0,913.72,284.17,232.18,954.96,266.66
CUST01695,37.8,98.8,48.1,9.0,20.5,471.56,24.45,7.9,7.6,5.0,15.4,18.1,0.643,0.404,0.154,0,1580.0,0.42,78.6,60.2,17,0,2,199.16,124.99,51.84,73.02,22.55
CUST01696,51.0,139.4,56.7,7.3,27.6,4630.36,151.39,13.8,6.7,7.0,13.6,1.3,0.06,0.102,0.028,0,5091.0,0.347,136.6,33.7,9,8,1,941.68,1255.36,48.89,951.93,1432.5
CUST01697,55.7,94.6,36.4,5.8,35.4,6501.0,176.58,12.6,10.2,12.6,8.5,2.0,0.088,0.081,0.037,0,4248.0,0.693,88.2,35.3,11,6,0,2031.58,1101.61,680.46,2619.87,67.47
CUST01698,47.5,83.4,45.2,9.8,25.3,3344.88,145.43,14.7,10.8,0.0,5.9,3.2,0.054,0.063,0.027,0,4496.0,0.479,44.8,39.3,3,3,0,752.11,1120.38,494.1,567.11,411.17
CUST01699,52.6,87.4,24.6,34.4,9.2,785.17,96.76,5.1,2.2,1.8,13.8,1.8,0.305,0.163,0.086,0,1518.0,0.35,40.8,13.7,7,1,1,92.09,324.73,74.07,162.03,132.24
CUST01700,29.6,52.3,15.0,16.5,13.3,590.24,45.42,4.4,4.6,4.3,14.5,8.2,0.372,0.079,0.112,0,1415.0,0.042,60.1,131.0,27,6,2,181.18,36.44,36.72,43.99,291.91
CUST01701,43.3,79.5,22.4,21.0,11.6,537.43,54.04,4.1,4.8,2.7,7.0,4.7,0.247,0.225,0.05,0,1229.0,0.338,34.9,23.8,5,3,3,165.51,150.94,49.67,120.4,50.91
CUST01702,22.4,64.2,7.4,9.7,16.7,653.85,39.6,8.9,6.3,1.5,34.7,5.7,0.218,0.485,0.022,0,524.0,0.212,224.0,52.3,17,1,1,401.86,226.02,5.02,0.71,20.24
CUST01703,37.0,72.4,29.5,19.8,31.1,767.28,22.14,11.5,11.6,8.0,13.0,14.3,0.679,0.186,0.102,2,1596.0,0.368,73.3,17.3,5,0,1,149.43,64.81,448.89,75.67,28.47
CUST01704,28.0,33.7,15.4,7.2,17.3,641.65,33.08,5.9,7.5,3.9,7.5,4.1,0.203,0.425,0.121,0,775.0,0.158,77.3,70.6,20,3,1,299.16,142.3,45.2,8.83,146.16
CUST01705,18.2,30.0,16.6,16.8,11.9,943.31,72.9,6.1,5.2,0.6,27.5,6.4,0.266,0.373,0.079,0,1215.0,0.236,161.0,132.8,18,1,0,165.1,384.61,207.6,38.05,147.95
CUST01706,49.9,142.8,71.2,2.5,23.5,2193.4,95.62,8.1,10.3,5.1,9.7,0.9,0.123,0.081,0.015,0,4974.0,0.379,71.3,34.1,4,6,0,273.9,358.42,230.82,859.88,470.37
CUST01707,31.8,79.7,59.9,155.6,2.5,174.09,67.08,1.4,1.1,0.0,1.9,0.2,0.268,0.174,0.149,1,453.0,0.027,5.0,7.9,0,0,0,3.39,32.34,84.09,45.37,8.9
CUST01708,43.4,65.9,36.5,18.1,3.1,124.0,41.7,1.1,1.1,0.9,24.5,3.1,0.41,0.616,0.14,0,1485.0,0.441,27.1,59.8,10,2,0,6.59,23.94,74.47,1.21,17.79
CUST01709,46.3,89.2,38.5,153.7,4.2,126.5,33.38,1.6,1.6,1.1,2.2,1.2,0.181,0.162,0.27,3,405.0,0.053,8.8,8.8,1,0,2,18.19,33.9,63.47,1.1,9.84
CUST01710,53.3,62.9,75.5,186.0,3.0,152.37,51.29,1.1,0.9,1.0,1.3,1.0,0.055,0.175,0.247,2,410.0,0.023,0.8,6.8,0,0,0,44.56,14.29,76.69,0.7,16.13
CUST01711,43.0,80.9,25.5,8.3,15.0,2490.58,161.43,5.5,7.4,2.2,13.3,3.3,0.188,0.07,0.033,0,2936.0,0.382,1.0,37.3,4,6,1,358.24,466.37,409.34,1074.1,182.53
CUST01712,48.9,86.8,66.6,14.1,22.3,2839.22,111.44,12.2,6.3,3.9,15.4,4.8,0.109,0.07,0.026,0,3895.0,0.601,59.1,30.1,3,5,1,884.5,742.45,129.31,870.61,212.35
CUST01713,51.6,116.6,78.0,6.0,3.3,67.75,21.45,1.0,1.2,1.1,2.1,0.8,0.069,0.239,0.086,2,177.0,0.028,7.4,3.3,0,0,4,8.06,14.77,32.48,4.88,7.56
CUST01714,29.4,58.1,8.9,15.6,16.4,986.41,59.56,9.7,4.2,2.4,26.8,10.0,0.412,0.667,0.141,0,326.0,0.189,306.8,149.1,14,4,1,261.47,242.19,144.03,46.81,291.91
CUST01715,49.4,149.6,54.9,7.0,32.6,4561.23,156.11,15.7,12.2,4.7,9.4,3.2,0.122,0.04,0.028,0,4751.0,0.588,85.8,32.2,5,8,1,1290.77,1106.46,65.04,1109.79,989.17
CUST01716,34.5,63.3,34.3,16.8,16.4,1145.77,67.82,7.0,7.8,1.6,7.5,1.7,0.257,0.264,0.079,0,1534.0,0.374,52.8,29.4,6,1,3,207.3,301.19,320.26,236.65,80.37
CUST01717,38.0,99.7,60.3,11.2,14.8,1791.91,141.51,5.8,6.0,3.0,8.5,2.1,0.116,0.073,0.016,0,3161.0,0.431,38.3,28.9,4,7,1,305.08,202.69,238.99,755.73,289.42
CUST01718,59.1,68.6,96.6,222.0,1.9,158.13,73.12,0.6,0.8,0.5,3.0,0.7,0.207,0.305,0.208,1,145.0,0.077,5.4,4.2,2,0,4,76.29,13.12,47.77,20.88,0.07
CUST01719,20.6,78.9,45.5,37.6,3.4,228.91,75.87,1.1,1.3,1.0,4.4,2.4,0.129,0.12,0.137,0,1647.0,0.22,28.5,33.5,9,0,3,19.93,74.99,32.55,58.6,42.84
CUST01720,36.0,59.6,19.1,21.5,13.6,926.76,63.28,6.1,5.6,2.0,7.6,13.6,0.58,0.383,0.093,1,1960.0,0.55,61.3,60.7,20,2,1,42.39,97.19,592.2,139.38,55.59
CUST01721,45.0,112.1,22.2,3.7,22.6,2873.08,126.68,13.6,10.8,0.0,14.2,3.5,0.105,0.054,0.029,2,3418.0,0.924,83.1,11.2,4,10,0,402.85,374.68,1316.51,285.81,493.23
CUST01722,47.4,131.8,42.0,5.6,25.0,2220.16,100.29,9.9,5.6,9.5,7.2,3.6,0.114,0.097,0.013,0,2029.0,0.68,82.0,40.5,5,8,1,583.47,581.36,21.82,296.71,736.79
CUST01723,32.2,69.3,41.3,15.0,10.2,299.07,31.71,3.5,4.6,2.0,18.8,2.2,0.72,0.25,0.162,0,1475.0,0.492,48.6,51.5,12,0,1,1.79,22.41,153.62,112.49,8.75
CUST01724,38.2,79.0,36.4,7.2,28.5,2905.6,90.9,10.3,6.3,12.0,12.1,2.9,0.063,0.075,0.028,0,2839.0,0.633,77.6,43.2,10,7,0,522.39,1500.82,154.72,690.18,37.49
CUST01725,45.1,91.8,73.1,218.5,1.6,73.48,50.75,0.9,0.7,0.0,1.4,1.2,0.125,0.208,0.221,1,239.0,0.018,14.4,5.4,0,0,3,0.77,4.5,43.45,4.13,20.63
CUST01726,51.0,96.8,18.6,11.2,33.6,5097.81,179.72,11.8,15.1,6.7,14.7,5.2,0.071,0.07,0.032,0,4065.0,0.436,148.9,53.5,8,4,0,862.9,1861.98,93.27,2082.84,196.82
CUST01727,27.0,45.1,12.8,16.1,24.4,640.15,27.77,12.3,10.3,1.8,50.8,5.0,0.338,0.07,0.165,0,738.0,0.2,169.4,95.7,16,2,0,41.12,335.18,154.22,0.97,108.65
CUST01728,41.3,47.0,17.7,54.0,7.8,504.06,57.53,4.0,2.5,1.4,7.2,5.4,0.267,0.198,0.076,0,1967.0,0.441,35.2,17.1,4,2,0,45.39,132.85,204.25,88.03,33.54
CUST01729,49.9,80.5,23.3,36.1,8.1,323.72,42.03,3.4,2.7,2.1,8.5,2.5,0.259,0.307,0.07,0,1990.0,0.18,37.1,24.5,11,0,1,61.72,50.64,79.34,91.03,40.99
CUST01730,55.9,26.6,89.9,212.0,4.1,201.33,44.88,2.1,1.0,0.9,2.6,0.4,0.171,0.158,0.249,2,225.0,0.039,7.7,5.7,2,0,0,59.98,24.43,105.92,0.67,10.32
CUST01731,35.0,62.0,35.8,22.2,26.0,946.53,39.69,12.1,12.3,1.6,19.9,18.4,0.567,0.469,0.111,0,1904.0,0.386,68.4,30.6,11,2,0,77.61,400.62,222.2,132.83,113.26
CUST01732,48.8,53.8,65.7,97.3,2.5,124.28,44.99,1.1,1.0,0.3,2.7,1.2,0.206,0.145,0.21,1,215.0,0.042,12.4,5.6,2,0,2,15.82,56.91,36.73,13.47,1.34
CUST01733,19.0,61.2,16.1,12.3,22.7,1540.03,59.88,12.1,7.3,3.2,29.4,5.8,0.359,0.406,0.131,1,625.0,0.361,331.9,148.8,18,5,1,239.64,566.34,144.85,9.26,579.94
CUST01734,28.3,42.3,12.4,11.6,15.6,1114.46,76.71,5.0,5.7,4.9,6.4,9.1,0.304,0.196,0.113,0,862.0,0.27,145.1,0.0,21,4,2,142.39,440.41,74.66,295.79,161.22
CUST01735,61.6,108.5,38.8,11.1,15.9,1055.26,113.59,5.8,5.0,5.1,5.9,2.3,0.066,0.11,0.023,1,1920.0,0.378,52.9,34.0,2,6,1,299.91,184.2,167.62,271.74,131.79
CUST01736,35.1,93.4,40.9,14.8,8.3,500.95,61.06,4.1,4.0,0.1,6.5,5.6,0.347,0.156,0.066,0,1413.0,0.247,25.7,22.0,2,0,2,224.42,136.38,39.64,51.63,48.89
CUST01737,26.5,31.0,17.3,14.5,17.2,1063.76,67.34,5.6,7.6,4.1,38.3,6.5,0.156,0.614,0.182,1,1262.0,0.286,231.3,48.3,19,2,2,256.17,441.88,19.55,174.04,172.14
CUST01738,46.7,44.0,43.6,12.8,24.2,826.67,39.84,12.7,9.4,2.1,21.7,16.2,0.644,0.424,0.13,1,1781.0,0.278,96.0,65.3,15,2,3,32.52,165.4,487.49,54.0,87.27
CUST01739,35.2,66.8,38.6,3.5,17.9,780.73,38.83,10.0,5.1,2.8,7.4,17.9,0.599,0.335,0.107,0,1292.0,0.286,90.4,38.0,6,2,0,232.51,29.93,440.65,71.64,6.01
CUST01740,26.1,47.8,19.3,12.1,12.9,1087.4,92.16,4.3,6.3,2.3,25.8,9.2,0.299,0.421,0.175,1,975.0,0.197,88.4,96.0,27,6,3,122.07,605.57,93.85,152.36,113.54
CUST01741,47.4,75.2,25.1,43.9,13.4,1594.41,109.38,4.4,6.3,2.8,9.4,4.3,0.235,0.227,0.1,0,1666.0,0.282,30.7,8.4,9,1,1,449.08,462.64,218.98,331.1,132.62
CUST01742,43.5,76.7,72.6,143.5,2.4,100.78,47.98,1.4,1.2,0.0,1.2,0.8,0.121,0.216,0.243,1,313.0,0.066,12.2,2.8,0,1,3,1.83,2.1,35.77,41.0,20.08
CUST01743,31.1,89.5,69.3,59.6,4.2,285.61,64.11,1.4,1.6,1.2,2.4,1.4,0.139,0.272,0.202,4,188.0,0.049,10.9,2.6,0,0,6,55.85,82.37,66.59,36.21,44.59
CUST01744,33.1,127.2,51.2,5.7,21.4,2463.05,117.39,11.7,4.7,5.0,17.0,4.0,0.143,0.072,0.032,0,2850.0,0.415,72.4,47.1,3,1,0,954.93,387.61,91.9,685.77,342.84
CUST01745,21.9,56.4,14.4,5.6,8.2,517.42,74.17,3.3,2.7,2.1,30.8,8.2,0.343,0.624,0.105,1,1159.0,0.344,207.5,71.5,17,2,2,213.3,215.49,12.35,13.89,62.39
CUST01746,29.8,50.3,14.3,9.1,18.4,1203.17,66.31,10.1,3.9,4.4,11.9,6.7,0.269,0.566,0.11,1,815.0,0.139,236.4,126.7,16,2,1,331.25,680.03,15.09,0.32,176.49
CUST01747,53.9,139.8,75.0,2.6,27.1,3546.29,140.96,11.8,9.1,6.2,11.4,4.3,0.15,0.074,0.031,0,2854.0,0.495,90.2,45.8,5,3,0,383.91,657.11,683.07,1006.13,816.07
CUST01748,46.3,75.6,37.2,16.8,14.6,98.6,8.45,8.4,6.4,0.0,17.1,9.5,0.4,0.281,0.115,0,1435.0,0.32,50.3,47.8,10,2,1,20.7,10.77,60.89,2.96,3.28
CUST01749,36.0,99.9,71.0,51.0,2.4,95.2,42.23,1.2,0.5,0.7,2.0,0.8,0.108,0.071,0.275,1,375.0,0.056,9.0,4.6,1,0,4,11.76,1.42,71.28,6.62,4.12
CUST01750,44.2,185.8,40.3,0.0,11.5,2092.25,170.66,5.0,3.1,3.5,11.3,1.8,0.064,0.088,0.042,0,4205.0,0.715,45.0,66.7,5,8,0,545.1,612.79,127.9,518.67,287.8
CUST01751,25.1,48.0,19.1,12.9,12.4,426.92,29.22,4.6,5.1,2.6,32.2,8.3,0.199,0.594,0.144,0,1024.0,0.216,179.1,85.3,8,6,0,170.4,54.42,29.15,66.38,106.59
CUST01752,53.8,74.3,43.3,5.6,20.1,581.77,32.28,11.4,9.1,0.0,15.0,15.9,1.0,0.095,0.139,0,1065.0,0.379,106.1,33.3,10,0,2,99.04,92.83,180.53,36.4,172.98
CUST01753,38.4,105.5,68.5,9.3,16.4,1375.05,76.35,8.1,7.7,0.7,6.9,3.3,0.147,0.076,0.033,0,3670.0,0.317,53.2,56.1,4,6,1,486.39,236.56,479.32,104.78,68.0
CUST01754,40.7,60.7,26.2,28.1,26.0,1616.7,61.25,14.8,11.3,0.0,14.9,18.7,0.724,0.442,0.092,1,1414.0,0.403,46.8,63.1,14,4,1,348.38,658.12,421.42,133.3,55.49
CUST01755,48.1,74.8,44.8,26.6,7.4,318.66,48.47,3.7,3.6,0.0,6.7,2.1,0.199,0.142,0.053,0,462.0,0.319,18.9,7.8,7,0,1,7.97,72.61,15.38,95.8,126.9
CUST01756,37.5,85.7,45.3,35.5,13.5,1209.2,96.72,4.4,6.1,2.9,7.3,6.6,0.179,0.209,0.065,0,1478.0,0.236,23.9,22.8,8,0,0,228.9,150.26,462.97,241.11,125.96
CUST01757,39.7,64.3,26.3,44.0,11.2,676.84,58.43,5.2,5.2,0.8,9.2,4.0,0.408,0.145,0.044,1,1692.0,0.382,30.3,13.4,2,0,2,153.36,62.02,46.88,130.89,283.68
CUST01758,22.6,51.4,21.4,16.6,3.7,126.65,34.03,1.4,0.9,1.4,30.5,3.7,0.347,0.299,0.088,1,1030.0,0.27,159.5,99.4,13,3,1,39.91,12.6,16.99,21.39,35.77
CUST01759,50.8,97.3,52.2,9.3,24.1,3887.59,188.68,13.2,11.5,0.0,10.4,3.8,0.151,0.083,0.041,0,5702.0,0.703,165.4,36.2,5,5,0,2254.9,286.56,324.01,762.96,259.15
CUST01760,34.6,56.3,16.4,12.3,16.6,735.38,37.91,9.6,3.5,3.5,23.9,4.8,0.344,0.382,0.099,1,769.0,0.115,210.5,113.6,21,4,2,377.11,129.53,33.63,136.21,58.89
CUST01761,32.5,58.1,13.3,14.1,22.5,1162.65,51.29,7.5,7.0,8.0,17.9,6.7,0.114,0.438,0.114,0,1003.0,0.239,97.6,66.2,15,1,0,144.33,624.75,259.79,26.77,107.01
CUST01762,28.0,88.2,29.5,33.5,12.1,624.8,53.58,7.2,3.0,1.9,13.2,4.1,0.287,0.309,0.123,0,1515.0,0.215,13.4,19.3,2,0,0,31.97,185.35,141.57,130.36,135.55
CUST01763,35.7,134.2,48.0,6.0,18.2,3832.45,185.13,9.0,6.2,2.9,12.0,3.8,0.135,0.055,0.028,0,4128.0,0.422,75.1,58.4,6,5,0,1231.63,750.44,793.24,286.12,771.03
CUST01764,30.2,53.8,5.2,9.5,12.3,674.37,61.69,4.8,3.1,4.4,27.3,0.7,0.175,0.503,0.076,2,823.0,0.233,168.5,105.3,25,0,0,99.71,109.55,111.85,24.55,328.72
CUST01765,32.0,64.5,45.4,9.8,22.3,2435.94,100.98,7.0,8.4,6.9,6.0,2.7,0.064,0.067,0.033,0,3282.0,0.649,74.2,21.9,7,4,1,571.07,1000.03,44.32,443.73,376.79
CUST01766,34.6,64.8,39.1,16.3,9.3,455.95,47.6,3.7,3.1,2.5,13.4,7.1,0.545,0.287,0.115,2,2056.0,0.254,33.9,52.1,12,4,0,30.76,161.6,245.63,1.3,16.67
CUST01767,46.2,62.1,77.1,62.4,3.4,63.93,26.39,1.4,0.7,1.3,1.6,0.8,0.231,0.155,0.119,4,396.0,0.042,5.4,2.6,2,0,2,10.96,3.23,48.56,0.2,0.97
CUST01768,28.2,41.1,16.3,10.6,8.7,263.24,33.63,4.1,3.8,0.8,29.5,5.2,0.298,0.363,0.106,0,1202.0,0.401,283.1,93.9,17,0,0,39.51,127.57,35.26,41.34,19.57
CUST01769,44.2,66.2,31.5,22.0,24.1,1524.92,59.21,12.6,7.7,3.8,23.2,23.5,0.833,0.441,0.163,2,1270.0,0.378,95.3,18.0,9,1,2,133.54,81.07,905.72,69.31,335.29
CUST01770,38.6,49.2,53.1,19.1,27.0,1415.27,49.53,8.2,13.3,5.5,16.8,16.0,0.714,0.321,0.118,0,2043.0,0.38,98.9,44.7,7,1,3,44.04,289.39,1002.46,47.05,32.33
CUST01771,26.2,66.7,11.8,8.2,26.7,1883.89,66.7,12.2,7.5,7.0,27.8,7.0,0.24,0.591,0.119,1,758.0,0.359,117.3,63.1,23,4,0,501.69,531.71,95.48,511.57,243.44
CUST01772,40.8,73.8,33.9,154.1,4.1,140.99,31.59,2.4,1.7,0.1,2.2,0.8,0.128,0.181,0.141,2,316.0,0.044,6.1,5.3,1,0,3,11.06,40.73,45.91,31.38,11.91
CUST01773,41.5,72.7,1.0,29.9,24.2,647.4,23.91,13.0,10.9,0.2,9.2,2.6,0.245,0.181,0.071,1,1744.0,0.286,40.0,9.7,5,0,1,27.51,342.19,164.57,50.83,62.31
CUST01774,45.8,42.5,19.8,51.9,4.7,309.73,55.95,1.7,1.8,1.2,9.7,2.4,0.276,0.232,0.112,0,1195.0,0.373,26.6,32.5,3,1,0,28.25,96.21,90.06,50.7,44.51
CUST01775,37.9,69.8,39.8,185.5,3.5,170.64,52.89,1.1,1.0,1.3,2.0,0.9,0.302,0.261,0.143,3,263.0,0.076,7.2,2.9,0,2,0,7.29,35.02,66.7,27.08,34.55
CUST01776,28.0,80.1,42.8,23.9,15.3,862.4,57.1,7.4,3.4,4.6,16.0,14.1,0.804,0.41,0.134,1,1058.0,0.208,74.5,46.7,11,4,0,26.17,426.13,342.63,12.12,55.36
CUST01777,42.3,68.8,55.7,175.5,3.0,78.34,29.76,1.6,0.9,0.5,1.1,0.7,0.211,0.088,0.147,1,297.0,0.037,7.6,3.9,2,0,0,0.2,7.36,50.13,18.3,2.35
CUST01778,29.3,75.0,16.1,7.3,13.2,744.53,65.34,6.0,4.7,2.5,38.1,4.7,0.386,0.409,0.137,2,600.0,0.12,151.4,107.7,13,4,0,224.86,342.91,98.44,16.06,62.26
CUST01779,37.7,65.9,25.1,9.7,15.3,762.56,51.04,4.8,7.5,3.1,17.7,15.3,0.689,0.31,0.138,2,1221.0,0.442,66.7,46.7,13,3,2,55.55,210.09,203.73,158.63,134.56
CUST01780,41.6,101.8,54.7,45.6,18.8,1354.47,70.18,6.4,5.9,6.5,5.2,4.1,0.134,0.199,0.054,0,1531.0,0.251,20.3,10.4,4,0,1,123.4,61.94,91.26,780.35,297.51
CUST01781,52.0,117.7,40.9,2.7,21.8,2974.71,130.34,8.7,6.1,7.0,13.3,3.0,0.103,0.037,0.024,1,4611.0,0.659,65.7,49.9,6,5,0,916.29,707.21,374.37,911.39,65.44
CUST01782,23.6,49.5,31.9,45.5,11.1,676.87,56.49,5.9,2.9,2.3,8.8,5.6,0.293,0.258,0.114,0,1777.0,0.251,25.4,24.1,2,1,0,122.14,170.72,208.59,135.74,39.67
CUST01783,29.4,50.0,20.0,14.7,13.4,720.01,50.6,6.9,5.1,1.5,25.5,4.5,0.395,0.633,0.144,0,608.0,0.307,174.5,120.2,24,3,0,72.72,167.73,240.19,85.12,154.25
CUST01784,39.3,58.4,41.5,101.3,2.5,99.6,41.36,0.9,1.2,0.3,2.0,1.4,0.138,0.027,0.135,0,437.0,0.066,5.9,7.1,0,0,2,2.68,10.45,17.17,10.42,58.87
CUST01785,57.5,53.3,71.2,216.0,1.3,52.01,38.19,0.6,0.6,0.1,1.1,0.9,0.231,0.245,0.219,2,270.0,0.089,5.4,2.2,0,0,0,6.12,8.21,29.08,1.46,7.13
CUST01786,34.4,64.0,30.6,14.5,8.3,724.81,82.55,4.3,1.9,2.1,7.0,5.7,0.234,0.21,0.112,1,1467.0,0.181,39.4,16.4,5,0,0,64.91,120.37,237.72,179.79,122.03
CUST01787,55.4,58.7,103.1,90.9,3.8,187.4,48.27,1.5,1.1,1.1,2.2,0.6,0.173,0.215,0.159,2,171.0,0.056,8.6,4.7,2,0,1,30.15,8.38,92.61,52.66,3.6
CUST01788,44.7,85.8,57.4,193.0,1.4,26.61,20.34,0.6,0.6,0.3,2.5,0.9,0.253,0.25,0.283,2,294.0,0.059,10.5,4.2,0,1,2,0.7,6.32,8.72,6.75,4.13
CUST01789,37.4,87.0,59.7,6.0,14.8,1716.85,118.41,6.3,4.1,4.4,5.4,4.6,0.072,0.112,0.016,0,5240.0,0.265,104.7,42.2,6,4,2,412.99,380.19,82.67,477.24,363.75
CUST01790,35.8,48.5,16.0,12.0,11.5,326.43,27.39,3.7,2.4,5.5,21.5,7.6,0.285,0.549,0.165,0,517.0,0.32,102.7,31.6,16,3,1,32.44,58.59,41.04,28.73,165.63
CUST01791,52.8,123.4,55.6,13.2,33.5,7120.88,196.74,15.2,10.4,7.9,8.0,3.3,0.117,0.109,0.022,0,4048.0,0.531,97.5,28.2,2,7,0,871.9,1631.26,270.39,2950.88,1396.45
CUST01792,53.9,94.9,43.6,69.6,2.2,146.36,65.31,1.3,0.9,0.0,1.5,1.2,0.17,0.163,0.091,2,280.0,0.039,12.5,5.4,1,0,0,4.74,0.37,41.28,92.16,7.81
CUST01793,18.0,31.0,17.0,8.1,14.6,1268.03,83.12,6.5,4.4,3.7,33.9,5.8,0.225,0.341,0.168,0,302.0,0.279,111.9,59.7,24,2,0,281.27,181.1,120.34,148.32,537.01
CUST01794,46.1,79.5,76.1,159.9,5.1,274.79,51.91,2.6,2.4,0.1,1.7,1.2,0.217,0.223,0.175,4,235.0,0.055,11.9,3.4,1,0,5,6.0,24.77,39.42,204.29,0.3
CUST01795,45.5,129.8,23.6,11.0,16.4,2642.23,186.83,5.2,7.2,4.1,11.5,4.1,0.117,0.051,0.04,0,4888.0,0.606,6.2,53.2,9,8,3,595.51,1008.95,77.06,551.6,409.11
CUST01796,43.2,105.0,64.5,8.5,22.7,2085.92,128.44,12.2,4.9,5.5,9.8,3.8,0.177,0.065,0.027,0,3359.0,0.511,82.7,45.8,4,6,1,479.42,820.06,163.93,539.68,82.82
CUST01797,58.7,72.1,42.9,242.1,2.1,79.39,43.07,0.6,0.8,0.7,1.5,0.9,0.231,0.341,0.188,2,255.0,0.025,9.8,5.9,2,1,1,12.08,1.46,40.46,1.6,23.78
CUST01798,39.7,95.0,66.3,3.6,45.4,6829.53,178.41,21.2,20.3,3.9,8.0,1.1,0.119,0.109,0.032,0,6055.0,0.557,156.7,31.1,5,7,0,1546.99,1334.0,841.65,1516.49,1590.4
CUST01799,49.5,91.8,46.8,7.4,11.3,2104.16,184.61,6.8,4.4,0.1,5.9,5.2,0.106,0.086,0.029,0,2531.0,0.774,10.0,16.6,4,4,0,422.34,929.43,256.55,226.25,269.59
CUST01800,50.5,114.9,53.8,4.1,32.5,4366.38,157.85,18.2,11.2,3.0,10.5,2.7,0.089,0.091,0.021,0,2872.0,0.478,69.5,46.0,7,4,1,598.55,1260.95,873.38,550.66,1082.85
CUST01801,30.2,65.4,25.9,28.7,14.5,874.57,49.49,7.0,3.8,3.7,14.9,4.6,0.154,0.186,0.063,0,3235.0,0.338,56.2,32.8,7,0,1,9.48,239.25,491.95,67.58,66.3
CUST01802,66.9,50.5,43.4,248.2,1.7,73.54,36.16,1.0,0.8,0.0,1.9,1.0,0.224,0.128,0.145,3,245.0,0.062,0.4,5.6,1,0,3,2.42,3.47,42.25,11.98,13.42
CUST01803,39.0,54.1,2.2,11.1,30.5,1111.15,34.88,13.1,7.7,9.8,11.7,6.0,0.796,0.388,0.096,1,1060.0,0.308,49.5,58.4,10,2,3,54.08,530.22,372.03,93.46,61.36
CUST01804,28.6,69.5,21.7,15.5,14.5,331.27,26.15,5.8,5.9,2.8,10.6,14.5,0.467,0.587,0.125,2,1273.0,0.428,31.9,0.0,8,4,1,5.98,73.23,184.81,22.74,44.51
CUST01805,28.1,68.7,20.0,5.3,30.3,1080.49,41.68,15.6,13.4,1.4,13.8,17.5,0.579,0.261,0.124,0,1737.0,0.456,39.6,21.8,17,3,0,32.89,385.26,301.91,268.16,92.28
CUST01806,55.6,75.7,72.7,203.9,2.7,76.48,28.08,1.1,0.6,1.0,2.3,1.7,0.271,0.254,0.113,4,405.0,0.055,7.6,6.2,1,0,2,3.39,10.24,22.43,7.36,33.07
CUST01807,54.9,69.0,53.9,139.0,4.3,283.11,53.13,2.3,1.5,0.5,2.9,1.0,0.213,0.131,0.193,4,324.0,0.048,10.3,5.7,0,1,0,3.66,4.39,86.29,106.02,82.75
CUST01808,34.3,56.2,44.4,4.4,8.4,327.07,45.59,3.8,3.7,0.8,14.8,8.4,0.55,0.527,0.143,0,931.0,0.406,51.8,55.3,13,3,2,27.04,36.34,197.82,51.89,13.99
CUST01809,47.7,99.1,49.7,7.6,13.0,2178.09,162.07,7.1,4.1,1.9,3.2,0.0,0.182,0.036,0.045,0,5664.0,0.255,72.4,35.1,3,3,1,540.35,267.74,64.26,1215.66,90.08
CUST01810,47.6,65.6,43.5,5.1,30.5,4681.44,132.55,12.7,7.8,10.1,8.9,3.3,0.073,0.108,0.023,0,3380.0,0.71,151.3,57.8,7,6,1,1766.32,1041.92,344.91,1088.46,439.84
CUST01811,60.3,87.2,98.8,135.2,4.2,195.49,45.77,2.2,1.5,0.4,1.7,1.3,0.18,0.228,0.248,3,342.0,0.039,5.2,4.3,0,1,4,22.56,15.8,86.92,11.08,59.12
CUST01812,57.7,86.5,45.5,78.4,4.0,214.01,51.87,2.3,1.6,0.1,2.5,0.4,0.226,0.143,0.205,3,292.0,0.041,4.8,6.7,1,0,1,25.68,9.44,104.34,66.48,8.07
CUST01813,33.7,73.8,33.7,15.7,28.3,1148.03,35.41,14.2,11.4,2.8,28.7,10.5,0.753,0.485,0.133,3,1673.0,0.274,72.2,36.1,16,1,0,356.74,224.7,539.48,26.57,0.53
CUST01814,48.5,98.9,82.5,5.6,26.5,5689.67,205.55,10.4,12.4,3.7,9.5,2.2,0.165,0.073,0.045,0,5306.0,0.506,106.8,53.3,6,5,1,2172.4,546.0,738.73,1953.23,279.32
CUST01815,53.4,163.6,28.4,6.1,25.9,4066.62,155.43,9.1,10.0,6.8,11.7,5.4,0.146,0.115,0.033,0,4931.0,0.365,57.1,43.9,5,3,1,1264.55,303.61,339.2,1314.03,845.24
CUST01816,26.1,87.5,19.4,59.4,10.6,410.36,39.03,4.9,4.8,1.0,9.1,5.3,0.245,0.221,0.11,0,1248.0,0.278,25.5,24.9,3,1,1,99.62,46.6,180.04,38.79,45.31
CUST01817,45.5,55.0,13.1,29.7,27.0,384.86,16.66,8.2,12.0,6.9,5.8,14.6,0.737,0.376,0.102,1,1139.0,0.405,78.7,29.9,10,0,2,52.59,74.84,187.88,16.43,53.12
CUST01818,46.3,59.6,49.5,133.3,2.9,175.72,60.88,1.2,0.8,0.9,2.4,0.4,0.136,0.203,0.3,2,301.0,0.058,13.7,3.8,1,0,0,0.13,30.84,36.75,97.55,10.46
CUST01819,47.2,71.8,52.7,55.6,2.3,146.25,64.78,1.0,1.0,0.3,1.7,0.4,0.265,0.241,0.248,1,449.0,0.073,10.7,3.6,1,0,5,7.44,14.1,89.43,7.99,27.29
CUST01820,30.8,39.6,37.2,21.8,26.2,904.48,32.49,14.5,9.9,1.8,17.0,2.7,0.582,0.341,0.125,1,825.0,0.327,6.4,32.9,8,2,1,210.87,179.77,299.32,70.89,143.63
CUST01821,29.8,51.8,22.0,20.6,16.2,847.94,47.82,6.1,6.4,3.6,14.7,16.2,0.552,0.301,0.109,1,1209.0,0.388,31.7,38.7,10,2,1,85.74,255.98,193.7,122.55,189.97
CUST01822,40.4,85.4,47.3,8.3,16.3,812.18,60.35,5.2,6.8,4.3,4.9,1.6,0.097,0.089,0.034,0,2731.0,0.367,130.7,27.1,9,0,0,80.23,98.77,14.7,466.47,152.03
CUST01823,56.8,78.2,84.6,153.6,3.3,127.79,42.76,1.6,1.1,0.6,1.3,0.9,0.221,0.158,0.149,2,323.0,0.085,11.5,2.8,3,0,2,46.64,1.69,19.49,22.32,37.65
CUST01824,47.4,86.4,51.6,214.9,3.2,138.31,46.92,1.1,0.7,1.5,2.3,0.8,0.198,0.247,0.198,3,329.0,0.052,14.8,2.3,2,0,3,48.58,31.44,38.61,19.41,0.26
CUST01825,55.6,52.8,52.9,145.5,5.1,268.49,53.53,1.9,2.2,1.0,1.1,0.8,0.177,0.205,0.211,0,425.0,0.061,6.9,3.7,1,0,1,52.76,24.67,151.31,22.1,17.67
CUST01826,23.3,61.9,7.4,12.3,12.3,878.59,71.93,4.3,4.3,3.7,23.6,7.4,0.253,0.23,0.111,0,323.0,0.196,141.9,113.1,10,5,0,280.33,223.27,75.08,108.14,191.77
CUST01827,50.6,114.7,29.4,8.5,25.7,4971.81,191.92,10.3,12.4,2.9,15.5,5.4,0.109,0.042,0.016,0,3616.0,0.674,76.8,3.9,8,6,1,551.86,2331.94,163.7,1486.11,438.21
CUST01828,24.9,70.6,21.3,37.2,11.5,1035.49,80.16,5.7,5.1,0.7,2.6,2.8,0.256,0.127,0.085,0,1169.0,0.377,28.7,10.9,2,0,1,98.65,123.06,265.86,232.21,315.71
CUST01829,57.6,34.4,71.1,199.2,1.1,51.48,49.97,0.4,0.5,0.2,3.0,1.1,0.346,0.289,0.288,4,539.0,0.046,3.7,8.4,1,0,0,17.49,2.16,5.86,0.17,25.81
CUST01830,35.0,57.9,34.7,12.9,33.5,847.13,26.87,18.7,6.9,7.9,25.5,15.4,0.741,0.263,0.127,3,871.0,0.471,66.1,51.1,11,1,2,5.72,116.24,388.5,146.54,190.13
CUST01831,39.3,76.3,33.7,25.9,13.4,506.31,37.37,6.7,5.7,1.0,13.0,1.7,0.177,0.141,0.051,0,2176.0,0.284,40.2,19.6,6,1,0,64.84,67.06,50.12,215.99,108.3
CUST01832,50.5,69.4,28.2,153.1,4.5,210.74,51.07,2.1,2.3,0.2,1.8,0.7,0.144,0.265,0.181,2,339.0,0.063,12.1,3.3,0,0,0,15.7,9.05,171.54,6.47,7.98
CUST01833,30.2,85.8,13.0,9.1,5.6,186.31,39.73,3.0,2.7,0.0,32.1,5.6,0.203,0.423,0.139,1,1471.0,0.194,244.8,64.8,19,3,0,50.9,40.75,41.08,3.92,49.65
CUST01834,29.5,67.1,58.3,201.3,3.1,152.35,58.3,1.5,1.4,0.2,1.7,1.6,0.177,0.144,0.168,3,357.0,0.059,8.3,5.8,1,0,1,8.65,14.75,62.97,31.31,34.67
CUST01835,33.4,92.0,18.4,14.0,9.7,642.36,67.45,3.6,3.3,2.9,9.2,3.4,0.096,0.2,0.05,2,1012.0,0.482,23.1,19.1,3,2,0,295.7,231.79,22.83,76.84,15.2
CUST01836,64.2,83.9,70.8,164.5,3.7,193.14,49.38,2.2,1.1,0.4,1.8,0.9,0.194,0.176,0.228,2,327.0,0.037,8.0,5.6,0,0,1,21.04,13.09,133.57,22.66,2.78
CUST01837,32.9,150.3,54.0,9.9,48.6,6861.05,130.04,26.1,12.0,10.6,12.0,4.8,0.121,0.064,0.026,0,3079.0,0.537,76.4,51.4,10,4,1,1467.51,1940.45,1434.18,1774.01,244.9
CUST01838,37.1,54.8,42.9,20.1,21.3,800.39,36.6,9.4,5.2,6.6,20.5,14.5,0.538,0.224,0.132,2,1580.0,0.075,66.7,65.1,13,5,3,5.72,43.99,461.05,235.03,54.6
CUST01839,40.9,66.2,36.0,39.6,6.9,467.05,59.95,2.2,2.6,2.1,14.9,1.3,0.312,0.174,0.057,0,1701.0,0.17,30.5,21.3,5,0,1,62.72,87.36,129.97,113.66,73.34
CUST01840,29.4,73.6,38.4,12.8,32.1,1282.52,44.73,13.3,8.5,10.3,6.9,15.7,0.743,0.44,0.177,3,1633.0,0.299,78.8,28.8,10,1,1,34.19,440.54,419.73,110.51,277.56
CUST01841,31.7,39.0,25.3,22.3,20.9,1253.39,51.27,7.8,8.4,4.6,23.6,12.2,0.485,0.352,0.088,0,1133.0,0.356,21.8,50.8,9,2,2,90.08,104.86,644.43,310.81,103.21
CUST01842,18.9,46.3,16.6,9.2,23.3,1368.13,64.02,13.5,8.9,0.9,25.2,4.1,0.293,0.478,0.097,0,935.0,0.33,279.9,0.0,16,2,1,359.65,572.05,24.15,51.12,361.16
CUST01843,25.5,52.7,14.7,8.6,22.3,1288.05,57.41,9.1,11.1,2.1,27.6,5.0,0.268,0.515,0.185,1,1138.0,0.205,236.6,52.9,17,1,0,399.26,464.0,53.83,250.47,120.48
CUST01844,45.3,73.0,84.4,220.0,2.3,98.9,41.92,1.3,1.1,0.0,3.3,0.5,0.131,0.252,0.16,2,330.0,0.073,8.9,3.2,0,0,6,39.07,1.53,48.66,6.26,3.39
CUST01845,41.7,51.8,45.5,23.0,9.1,1058.81,106.54,4.1,2.6,2.5,7.3,4.0,0.267,0.135,0.085,1,2585.0,0.274,29.6,24.7,5,0,2,77.44,229.79,229.64,140.16,381.78
CUST01846,43.6,41.0,15.8,15.1,21.5,957.51,38.69,10.6,6.4,4.4,6.6,7.8,0.788,0.367,0.102,1,1316.0,0.63,33.7,33.2,12,3,1,131.46,192.33,205.53,254.7,173.5
CUST01847,44.3,153.7,60.4,7.1,30.6,5162.89,161.94,17.7,13.6,0.0,1.3,2.3,0.114,0.106,0.024,1,3677.0,0.511,85.1,47.0,4,3,0,1074.59,534.76,273.19,2658.91,621.45
CUST01848,37.2,49.6,20.2,11.8,20.4,837.81,38.74,8.9,6.2,5.3,14.9,7.4,1.0,0.315,0.126,1,810.0,0.464,60.4,46.4,15,2,0,14.7,434.7,258.27,66.19,63.94
CUST01849,38.5,80.7,40.7,50.0,5.8,669.28,104.66,3.3,1.4,1.1,6.4,4.3,0.123,0.163,0.093,0,1630.0,0.207,39.2,26.8,3,2,3,71.89,109.74,230.83,196.47,60.34
CUST01850,57.3,71.3,57.3,205.8,2.0,48.85,27.4,1.0,0.6,0.4,2.0,0.5,0.334,0.159,0.2,1,302.0,0.072,7.5,5.5,3,0,1,2.03,9.34,12.87,23.86,0.75
CUST01851,41.4,55.0,29.2,18.7,22.0,795.71,41.04,7.5,5.8,8.7,18.2,20.9,0.526,0.55,0.15,0,1388.0,0.273,24.8,43.2,13,1,3,154.15,147.93,247.64,206.54,39.46
CUST01852,38.7,60.2,18.8,20.0,12.4,605.66,60.44,7.3,4.2,1.0,6.6,6.0,0.243,0.249,0.094,1,1610.0,0.176,41.9,27.0,2,1,0,53.87,38.01,247.91,72.93,192.94
CUST01853,52.2,85.4,26.8,43.4,8.6,427.49,50.1,4.8,2.1,1.7,9.7,4.8,0.32,0.228,0.115,0,1152.0,0.385,35.1,13.6,4,0,1,98.24,25.13,172.48,100.67,30.98
CUST01854,43.7,105.5,30.8,23.9,6.5,306.16,43.82,3.8,2.1,0.7,15.6,6.4,0.208,0.171,0.055,1,1135.0,0.394,55.4,26.3,5,1,0,42.94,58.7,59.21,63.49,81.81
CUST01855,32.6,59.9,36.3,23.9,7.3,269.75,35.09,3.7,3.0,0.7,9.4,5.8,0.089,0.273,0.083,2,1302.0,0.262,31.2,24.7,6,1,1,26.69,57.91,87.9,26.73,70.52
CUST01856,38.8,49.4,35.2,11.7,15.5,557.34,33.58,9.2,6.3,0.0,19.3,15.4,0.63,0.412,0.115,1,1254.0,0.341,37.8,37.1,11,3,1,20.43,204.32,270.71,45.57,16.3
CUST01857,29.2,68.2,76.3,125.1,2.8,63.98,18.49,1.2,1.3,0.3,2.2,1.2,0.225,0.243,0.112,3,348.0,0.031,6.3,3.2,0,0,2,0.52,3.36,48.38,3.82,7.9
CUST01858,21.1,34.8,15.5,10.5,8.8,474.45,54.11,3.3,3.8,1.7,31.5,8.8,0.113,0.507,0.156,0,989.0,0.427,225.6,130.6,19,3,0,266.98,59.36,11.4,41.18,95.53
CUST01859,37.4,69.4,33.4,63.6,7.0,498.68,67.71,3.6,3.4,0.0,7.7,6.3,0.269,0.253,0.065,0,1004.0,0.341,27.9,18.2,6,2,0,105.91,127.24,34.95,145.84,84.74
CUST01860,53.1,75.2,37.4,122.1,2.3,176.29,64.97,0.8,1.1,0.4,2.0,1.2,0.112,0.282,0.186,4,250.0,0.047,12.3,7.7,2,0,4,25.78,4.26,93.34,41.98,10.94
CUST01861,49.9,80.8,77.3,165.3,2.7,125.89,51.42,1.0,0.7,1.0,0.9,1.1,0.19,0.253,0.27,2,216.0,0.06,8.9,4.4,1,0,0,8.42,17.86,44.43,8.62,46.56
CUST01862,43.2,81.0,63.6,136.3,3.2,194.14,56.24,1.5,1.0,0.7,2.7,1.2,0.278,0.188,0.131,4,120.0,0.054,6.5,4.5,1,1,2,24.18,29.82,87.44,17.75,34.95
CUST01863,39.5,67.6,43.8,11.4,19.3,4389.38,214.8,10.5,4.5,4.4,5.9,2.2,0.084,0.061,0.02,1,3475.0,0.487,136.8,41.1,6,5,0,1233.18,2017.85,269.03,459.48,409.84
CUST01864,27.8,63.5,11.8,5.4,16.7,509.52,32.82,7.2,7.3,2.2,31.9,7.0,0.46,0.362,0.191,0,947.0,0.305,257.6,97.0,17,4,0,181.23,171.34,6.27,107.41,43.27
CUST01865,24.0,46.1,38.7,33.0,12.5,797.45,70.55,5.2,6.2,1.1,4.5,5.3,0.2,0.136,0.069,2,1640.0,0.141,36.8,31.5,7,2,2,165.88,341.62,35.87,37.86,216.22
CUST01866,33.4,75.8,13.1,51.0,3.8,315.04,68.12,2.0,1.9,0.0,10.6,3.6,0.213,0.194,0.108,1,1901.0,0.304,49.7,9.7,6,1,0,58.02,50.71,105.05,10.92,90.34
CUST01867,32.8,102.2,68.9,13.1,19.8,1895.04,115.17,6.9,9.3,3.6,2.6,2.5,0.081,0.129,0.033,1,5496.0,0.75,99.3,34.7,5,5,1,429.4,927.43,23.87,289.53,224.8
CUST01868,35.0,109.8,55.2,8.2,37.1,8475.8,231.04,21.5,13.9,1.6,10.3,2.2,0.043,0.08,0.023,0,3217.0,0.496,161.8,28.2,6,3,0,958.78,1732.41,2045.89,1523.61,2215.11
CUST01869,50.4,132.7,66.9,9.3,29.1,5721.54,214.25,12.2,11.9,5.0,12.7,3.2,0.035,0.148,0.031,0,4909.0,0.413,96.8,33.4,2,4,0,229.73,1641.86,140.4,1077.84,2631.72
CUST01870,63.3,66.9,64.1,198.4,2.3,151.54,62.67,1.0,0.7,0.7,1.4,1.8,0.173,0.138,0.212,0,322.0,0.026,9.2,7.2,1,0,2,52.09,11.48,69.33,5.34,13.31
CUST01871,41.0,90.2,29.9,25.3,14.2,531.45,34.32,6.6,4.5,3.1,7.6,3.8,0.269,0.172,0.058,2,1975.0,0.3,38.9,20.2,4,1,2,55.85,193.41,48.93,134.99,98.27
CUST01872,37.0,41.7,27.8,7.0,28.9,864.57,30.27,14.8,7.1,6.9,19.7,18.5,0.725,0.266,0.138,1,1484.0,0.398,69.4,38.2,20,4,1,78.26,308.34,309.02,133.56,35.4
CUST01873,19.4,44.3,13.2,4.5,19.6,1231.17,75.89,8.1,9.1,2.4,21.4,5.6,0.329,0.577,0.154,1,559.0,0.231,167.4,64.4,25,0,1,385.03,266.63,138.24,88.89,352.38
CUST01874,54.5,56.1,26.7,48.7,3.8,388.51,93.85,1.3,0.8,1.7,8.9,3.8,0.336,0.213,0.099,1,1130.0,0.43,37.4,22.5,8,1,1,31.8,51.67,27.12,209.1,68.83
CUST01875,52.0,64.4,60.3,224.3,3.6,136.52,42.01,1.6,1.1,0.9,1.2,0.8,0.222,0.248,0.138,0,404.0,0.047,8.0,4.5,1,0,2,40.34,8.21,60.66,6.01,21.3
CUST01876,19.7,49.1,15.7,2.2,17.2,932.79,68.64,9.8,5.3,2.1,31.2,10.6,0.21,0.574,0.173,3,959.0,0.245,109.9,80.0,18,0,0,171.47,257.9,20.46,82.13,400.83
CUST01877,22.7,48.0,16.0,13.9,13.2,674.61,52.06,7.1,3.2,2.9,13.3,7.1,0.246,0.463,0.23,2,578.0,0.279,190.2,117.1,19,4,0,125.89,90.13,68.32,226.0,164.27
CUST01878,23.5,58.4,16.5,10.4,9.5,563.5,60.58,5.0,4.0,0.5,31.1,5.5,0.248,0.55,0.174,0,855.0,0.328,217.5,42.6,24,5,1,80.44,265.74,44.44,25.62,147.27
CUST01879,40.3,62.7,28.6,11.2,23.0,485.75,17.35,11.9,11.4,0.0,13.2,9.6,0.51,0.232,0.157,0,1681.0,0.165,69.4,38.0,12,5,1,17.87,38.26,359.53,16.95,53.14
CUST01880,21.1,54.3,7.6,4.6,24.9,1672.18,61.51,10.5,8.1,6.3,19.8,10.1,0.023,0.326,0.203,0,660.0,0.37,96.0,87.7,11,3,0,405.49,908.33,67.9,184.27,106.2
CUST01881,71.2,67.7,55.4,165.4,3.0,208.9,66.97,1.5,0.8,0.7,2.6,1.4,0.239,0.179,0.179,1,271.0,0.082,11.5,5.1,0,0,2,54.78,17.3,25.66,33.55,77.61
CUST01882,43.6,61.1,32.0,19.7,15.0,1409.12,80.73,5.5,4.4,5.2,5.8,4.4,0.403,0.218,0.108,0,1635.0,0.318,59.5,16.2,3,1,0,557.73,447.8,127.99,163.81,111.8
CUST01883,59.6,54.1,65.6,94.5,2.8,90.11,32.7,1.3,0.9,0.6,2.0,0.8,0.223,0.162,0.221,4,371.0,0.051,11.5,0.0,1,0,1,18.67,2.16,21.98,42.96,4.35
CUST01884,51.0,76.0,54.1,47.3,3.6,190.91,63.44,1.4,1.5,0.6,2.0,0.6,0.268,0.121,0.215,3,448.0,0.073,9.3,3.1,4,0,3,80.19,34.35,66.23,7.98,2.16
CUST01885,40.0,110.8,25.3,6.2,40.9,2831.32,59.65,22.0,14.5,4.3,8.0,2.3,0.06,0.067,0.037,0,5175.0,0.779,131.3,47.2,6,8,1,378.51,760.15,715.62,567.21,409.83
CUST01886,23.4,28.6,21.5,13.7,9.0,588.86,68.86,4.9,4.0,0.0,26.5,1.1,0.138,0.624,0.202,0,952.0,0.266,108.5,26.9,17,3,1,165.18,309.53,71.11,2.83,40.22
CUST01887,44.5,122.1,46.7,7.8,19.4,2684.32,129.24,8.5,4.8,6.1,5.8,4.0,0.094,0.09,0.023,0,2962.0,0.759,87.3,63.5,2,4,1,1175.73,665.1,82.77,691.24,69.48
CUST01888,28.3,68.5,42.7,12.7,28.4,908.21,29.31,10.6,6.8,11.1,11.6,22.0,0.212,0.185,0.146,1,1090.0,0.268,46.7,20.7,17,4,1,47.23,221.59,434.04,111.95,93.41
CUST01889,50.6,74.2,82.0,186.8,4.1,197.33,49.03,2.4,1.8,0.0,1.8,0.9,0.203,0.16,0.133,3,287.0,0.07,4.0,4.6,1,0,0,24.34,1.17,159.24,1.58,10.99
CUST01890,40.3,70.7,37.2,45.0,10.4,305.69,28.69,4.5,4.6,1.3,6.1,5.4,0.262,0.24,0.06,1,1604.0,0.452,36.4,14.0,3,3,0,68.93,75.58,37.63,41.45,82.1
CUST01891,47.5,126.5,64.0,7.5,36.2,6365.98,171.56,12.5,11.8,11.8,5.1,4.3,0.103,0.021,0.047,0,4006.0,0.524,38.7,61.9,5,6,0,817.04,2174.43,490.03,1762.53,1121.94
CUST01892,28.1,43.5,8.0,14.3,22.8,909.38,49.54,10.1,10.5,2.1,36.9,8.9,0.289,0.479,0.077,0,1313.0,0.389,251.6,171.8,17,2,0,325.49,91.34,319.98,26.03,146.53
CUST01893,47.3,83.0,50.6,55.4,11.1,810.93,71.18,4.0,2.8,4.2,10.5,6.8,0.228,0.198,0.097,0,1568.0,0.281,11.9,23.1,7,3,1,72.07,188.29,147.37,255.0,148.2
CUST01894,39.1,71.2,42.8,9.9,34.9,1096.11,33.12,16.8,15.2,2.9,12.0,3.1,0.568,0.374,0.133,0,1497.0,0.61,66.6,48.7,8,2,1,18.02,610.88,373.33,83.63,10.24
CUST01895,25.4,56.2,19.3,5.7,18.4,1036.08,54.61,7.2,7.6,3.6,44.6,3.0,0.355,0.417,0.127,3,1280.0,0.25,64.5,162.3,19,3,1,260.71,204.33,82.42,23.51,465.12
CUST01896,38.5,70.8,55.2,174.1,1.6,96.12,62.4,0.7,0.3,0.6,2.8,1.2,0.238,0.167,0.131,2,195.0,0.064,2.8,1.5,0,0,1,0.67,26.06,34.25,34.33,0.81
CUST01897,53.7,79.7,38.9,141.1,3.9,160.44,32.24,1.9,0.9,1.1,3.6,1.0,0.134,0.238,0.089,1,174.0,0.046,9.4,4.7,1,0,4,19.57,38.3,45.91,6.52,50.15
CUST01898,36.9,40.4,27.3,10.4,35.6,2316.14,56.94,13.0,10.9,11.7,12.0,13.3,0.813,0.273,0.11,1,1245.0,0.502,51.5,29.2,10,2,2,339.04,562.73,921.06,309.62,183.67
CUST01899,28.1,62.7,25.9,18.8,28.3,1327.89,51.74,14.0,11.0,3.3,20.3,26.8,0.565,0.527,0.103,0,1384.0,0.334,69.7,16.1,10,2,1,345.36,214.49,223.51,424.88,119.65
CUST01900,41.2,81.0,44.6,141.9,1.0,54.02,53.65,0.4,0.2,0.4,2.4,0.9,0.068,0.244,0.248,1,375.0,0.048,11.7,3.6,1,0,3,0.28,15.76,23.02,2.76,12.2
CUST01901,22.7,49.6,25.1,11.0,20.0,830.64,41.24,11.3,8.0,0.6,18.3,4.6,0.139,0.25,0.097,0,266.0,0.197,212.6,68.3,13,1,0,117.86,248.99,17.68,42.08,404.03
CUST01902,45.0,130.1,63.8,8.6,51.5,6148.15,155.16,30.7,12.5,8.3,10.8,4.3,0.059,0.074,0.041,1,3489.0,0.511,118.1,17.1,6,7,1,1078.11,1795.62,339.39,2176.08,758.95
CUST01903,50.6,53.7,37.3,234.4,1.2,87.06,67.02,0.4,0.4,0.5,1.4,0.5,0.224,0.068,0.189,4,221.0,0.054,8.9,7.5,1,0,5,3.14,39.49,31.4,11.52,1.51
CUST01904,52.8,86.7,39.2,9.2,17.8,3091.31,172.27,8.3,4.7,4.8,11.2,2.1,0.076,0.051,0.027,0,6667.0,0.722,86.8,40.8,4,6,0,1171.67,1067.23,71.29,235.45,545.67
CUST01905,56.2,69.4,88.0,95.6,3.4,56.27,17.29,2.0,0.8,0.5,1.8,1.6,0.199,0.255,0.146,0,216.0,0.044,10.6,2.3,0,0,2,33.22,8.79,9.15,2.39,2.7
CUST01906,45.0,54.0,33.1,17.4,20.5,703.91,33.68,11.1,9.0,0.5,15.0,8.4,0.343,0.299,0.08,1,1329.0,0.262,69.4,77.2,11,1,3,19.08,142.66,336.34,124.11,81.72
CUST01907,42.6,61.7,20.6,21.8,5.1,167.5,52.32,3.0,2.3,0.0,10.0,4.9,0.177,0.117,0.117,0,2064.0,0.2,26.8,9.7,7,1,0,21.83,17.56,6.83,29.68,91.6
CUST01908,30.5,71.3,45.0,24.1,27.0,500.17,17.94,9.4,10.3,7.3,11.2,15.3,0.851,0.204,0.092,1,1511.0,0.385,55.1,36.9,7,2,2,36.21,80.21,353.93,10.96,18.86
CUST01909,43.5,58.0,32.8,7.6,27.2,820.06,25.72,15.8,9.3,2.1,12.7,11.7,0.824,0.319,0.146,3,1883.0,0.21,68.6,69.3,16,2,0,90.73,203.12,283.04,156.02,87.15
CUST01910,61.4,90.7,65.6,10.5,39.9,10693.09,232.48,12.1,17.2,10.6,5.7,3.1,0.076,0.086,0.049,0,3423.0,0.732,78.6,25.2,6,5,2,520.51,4940.12,146.96,4224.58,860.92
CUST01911,33.2,63.1,30.2,8.2,22.0,685.19,32.93,9.5,6.9,5.6,12.8,11.1,0.908,0.341,0.09,3,1378.0,0.275,75.1,20.9,8,1,2,79.51,128.83,240.36,8.46,228.04
CUST01912,30.4,42.4,39.4,25.1,12.9,873.31,61.42,5.4,4.3,3.2,10.5,4.3,0.318,0.225,0.079,0,1465.0,0.251,33.8,24.2,2,2,2,274.44,235.35,112.86,57.16,193.49
CUST01913,36.4,72.9,36.9,8.2,7.8,523.13,74.07,3.7,1.9,2.1,10.3,4.5,0.306,0.222,0.093,0,770.0,0.226,35.3,20.9,5,0,1,22.76,316.59,110.58,33.75,39.44
CUST01914,32.7,42.0,30.9,7.6,11.6,490.4,43.23,3.9,2.6,5.1,14.0,11.6,1.0,0.352,0.113,2,992.0,0.569,50.8,58.5,11,2,0,40.66,27.24,336.4,58.98,27.12
CUST01915,33.6,64.8,17.4,10.0,20.6,776.31,41.67,10.7,7.5,2.4,11.1,5.9,0.359,0.348,0.199,1,887.0,0.249,198.6,85.9,17,1,0,50.59,214.96,71.5,47.94,391.32
CUST01916,51.5,88.6,63.9,153.3,4.2,183.43,44.02,2.4,1.3,0.5,1.0,0.8,0.18,0.139,0.289,3,399.0,0.047,12.0,3.6,1,0,4,83.13,1.61,74.14,11.2,13.35
CUST01917,48.2,68.9,27.4,49.5,8.9,338.83,38.1,2.7,3.2,2.9,3.5,4.1,0.154,0.159,0.076,2,990.0,0.273,37.3,31.9,3,0,2,48.62,180.3,13.0,14.92,81.99
CUST01918,27.4,59.8,16.2,13.5,5.7,216.72,42.06,2.2,1.7,1.8,34.2,5.7,0.359,0.225,0.166,1,714.0,0.211,158.5,42.3,15,4,0,82.77,64.26,5.85,21.02,42.83
CUST01919,36.9,52.9,31.9,20.6,11.3,283.94,25.14,5.4,4.1,1.8,3.7,11.3,0.666,0.44,0.121,1,2080.0,0.472,69.3,27.7,13,4,1,55.4,28.52,139.33,56.0,4.7
CUST01920,26.1,55.9,10.3,14.5,17.8,491.03,27.35,10.3,4.6,2.9,37.7,6.0,0.241,0.376,0.143,1,573.0,0.331,71.7,89.4,22,1,0,228.29,58.64,2.27,0.38,201.44
CUST01921,39.8,88.8,60.9,184.3,3.4,99.31,34.91,1.6,1.3,0.5,1.9,1.4,0.082,0.211,0.193,3,462.0,0.045,8.1,4.9,1,0,1,11.18,26.87,48.0,8.59,4.67
CUST01922,59.6,115.4,75.0,11.6,13.5,2241.15,191.14,5.9,5.5,2.1,12.9,4.7,0.121,0.104,0.034,1,2094.0,0.55,59.1,32.2,7,6,0,1060.21,553.82,207.51,269.0,150.6
CUST01923,48.5,21.2,42.6,171.6,1.4,47.86,36.57,0.5,0.4,0.5,2.4,1.1,0.138,0.203,0.23,0,373.0,0.057,2.8,7.0,0,0,3,10.32,9.66,21.51,4.79,1.58
CUST01924,41.3,31.0,32.8,21.6,37.6,1277.68,32.25,11.4,12.6,13.5,16.9,17.3,0.616,0.379,0.141,1,1591.0,0.41,44.5,22.7,11,2,1,24.32,422.93,386.95,274.56,168.92
CUST01925,37.5,76.4,68.9,166.8,3.1,128.63,40.1,1.6,0.7,0.8,2.8,0.7,0.192,0.246,0.211,3,360.0,0.044,4.8,7.9,0,0,3,17.2,16.16,33.66,13.5,48.11
CUST01926,43.8,100.8,54.8,8.6,30.9,4629.71,142.06,13.9,15.2,1.8,13.2,4.1,0.113,0.109,0.029,1,3857.0,0.533,106.2,23.2,6,4,0,1039.83,561.02,21.79,1746.06,1261.01
CUST01927,26.1,32.0,6.5,9.4,17.1,837.8,52.17,6.5,4.7,5.9,33.9,6.8,0.231,0.403,0.152,0,1012.0,0.32,154.8,105.0,21,1,1,403.31,144.9,89.65,23.3,176.64
CUST01928,20.2,39.4,21.0,9.2,15.5,1202.34,73.17,8.1,3.3,4.0,22.7,8.8,0.238,0.488,0.094,1,1135.0,0.318,387.9,75.9,20,1,0,610.79,146.05,11.07,149.69,284.74
CUST01929,59.1,86.9,55.1,262.9,3.5,154.07,45.83,1.7,1.6,0.2,2.0,0.4,0.185,0.193,0.249,2,483.0,0.039,7.4,6.1,0,1,2,2.96,2.21,63.45,36.32,49.12
CUST01930,65.9,47.9,64.0,11.4,19.0,2785.57,124.45,10.4,7.6,1.0,7.8,2.3,0.104,0.105,0.037,0,5434.0,0.436,73.1,40.0,7,4,0,711.35,768.15,170.27,640.18,495.64
CUST01931,31.7,57.8,16.5,14.1,6.9,417.13,72.5,3.1,2.7,1.2,33.5,6.9,0.233,0.49,0.157,0,1498.0,0.308,83.7,99.1,13,3,1,62.88,184.98,71.23,12.64,85.39
CUST01932,27.7,40.3,15.9,10.0,21.8,1580.34,68.11,11.7,10.8,0.0,17.1,1.0,0.413,0.461,0.145,1,1221.0,0.209,63.0,145.5,18,4,1,730.27,115.33,54.24,442.21,238.29
CUST01933,23.2,52.4,21.7,6.5,14.7,573.7,49.0,4.5,3.9,6.4,25.0,6.3,0.243,0.168,0.19,0,1363.0,0.219,213.1,164.1,19,1,3,40.78,358.24,12.95,28.94,132.8
CUST01934,44.5,75.5,66.4,154.0,3.5,229.25,64.62,1.5,1.2,0.8,2.1,1.5,0.214,0.174,0.159,1,266.0,0.063,5.6,6.9,2,0,2,54.06,77.82,73.72,12.28,11.38
CUST01935,44.2,75.4,72.3,168.2,3.3,228.63,69.4,1.1,0.7,1.4,2.8,1.9,0.161,0.172,0.085,1,362.0,0.08,10.0,3.3,1,0,3,34.44,36.01,78.53,35.25,44.39
CUST01936,42.9,80.1,43.3,34.3,14.7,828.7,54.74,8.4,5.7,0.5,11.1,5.6,0.119,0.173,0.104,0,1571.0,0.148,50.7,18.3,6,1,1,155.35,48.74,239.9,259.47,125.24
CUST01937,39.9,66.7,47.4,12.9,28.1,1562.41,56.39,10.7,8.1,9.3,16.4,23.6,0.407,0.429,0.084,0,1635.0,0.498,79.4,31.5,12,1,0,37.28,112.69,1124.68,245.08,42.67
CUST01938,40.7,77.3,27.0,46.7,10.2,781.25,73.85,5.2,4.2,0.8,7.6,5.2,0.141,0.266,0.092,0,1896.0,0.283,34.6,16.1,6,0,0,212.89,303.38,92.66,117.62,54.7
CUST01939,26.5,56.9,14.3,16.5,11.4,613.79,52.72,6.4,5.2,0.0,16.3,6.3,0.303,0.359,0.077,0,707.0,0.26,329.5,28.3,14,4,0,214.37,190.64,107.39,40.37,61.02
CUST01940,33.4,135.2,67.2,10.6,18.2,1918.49,106.21,5.7,3.7,8.8,16.1,5.1,0.109,0.042,0.031,0,3938.0,0.296,90.7,43.3,7,5,0,1153.27,392.28,60.11,194.71,118.13
CUST01941,50.8,101.2,66.9,4.3,9.1,542.18,73.32,4.1,2.7,2.4,7.5,4.4,0.08,0.075,0.024,1,1425.0,0.579,79.8,45.1,7,9,0,161.51,102.63,7.62,110.69,159.73
CUST01942,38.8,73.5,45.8,15.0,23.8,722.54,31.11,9.9,9.3,4.6,11.9,23.8,0.673,0.322,0.0,2,1951.0,0.557,68.0,67.7,12,1,3,89.36,75.31,350.75,6.56,200.56
CUST01943,34.9,78.9,58.2,60.0,1.2,60.58,58.32,0.5,0.5,0.2,2.6,1.0,0.139,0.27,0.183,3,382.0,0.024,12.1,4.7,2,0,5,3.88,8.72,40.09,3.08,4.82
CUST01944,46.2,51.0,65.6,96.4,3.3,103.67,32.05,1.3,1.3,0.8,3.0,0.7,0.25,0.147,0.157,0,394.0,0.05,4.5,1.9,1,0,2,0.31,15.97,22.43,32.03,32.93
CUST01945,60.7,60.2,49.0,162.7,4.1,161.31,37.84,2.0,2.0,0.1,2.3,1.0,0.221,0.199,0.192,1,392.0,0.055,11.6,5.2,2,0,1,20.6,8.39,83.43,46.83,2.06
CUST01946,26.0,35.1,19.3,11.0,13.9,1124.7,71.17,5.7,5.6,2.7,40.8,1.5,0.327,0.533,0.222,0,1027.0,0.157,305.2,87.7,22,7,0,68.82,475.87,37.59,285.21,257.21
CUST01947,24.6,42.2,10.9,16.5,15.7,148.85,9.84,7.2,6.4,2.1,12.5,4.5,0.194,0.594,0.235,1,486.0,0.356,194.2,114.6,26,5,1,27.78,41.28,24.22,14.11,41.46
CUST01948,46.6,106.0,69.0,12.7,20.3,2955.71,161.66,8.3,6.8,5.3,12.9,2.5,0.132,0.085,0.032,0,5248.0,0.693,66.8,53.6,7,5,0,773.48,877.94,31.96,1191.45,80.88
CUST01949,34.2,43.9,24.4,9.3,17.7,577.32,30.92,6.5,5.4,5.8,10.1,16.8,0.602,0.284,0.079,0,1142.0,0.35,66.2,21.1,13,5,3,59.53,155.92,314.95,34.54,12.39
CUST01950,23.2,15.0,17.9,9.6,13.6,677.83,53.68,4.7,4.2,4.7,15.4,6.1,0.471,0.437,0.131,0,890.0,0.32,77.2,66.5,23,3,1,228.18,65.63,97.51,14.49,272.02
CUST01951,49.3,155.0,47.9,5.7,46.5,7183.35,154.91,19.4,21.6,5.5,9.3,1.7,0.121,0.097,0.011,0,3124.0,0.481,35.5,67.5,4,9,0,1453.93,2344.96,912.26,1049.02,1423.18
CUST01952,46.9,50.3,26.3,7.4,28.2,718.62,27.3,14.8,13.8,0.0,17.7,16.4,0.326,0.407,0.111,0,1059.0,0.395,86.1,25.7,13,3,0,232.67,86.69,284.67,82.22,32.36
CUST01953,28.9,53.6,18.3,5.7,22.9,1172.49,46.06,12.7,10.6,0.0,24.6,5.7,0.3,0.551,0.15,0,1063.0,0.333,180.4,73.8,14,3,2,526.93,247.23,5.52,8.07,384.75
CUST01954,54.2,69.6,22.8,141.9,4.5,333.45,69.55,2.6,1.7,0.2,2.9,0.9,0.234,0.311,0.26,3,322.0,0.06,7.2,6.5,3,1,3,23.89,79.15,193.4,10.56,26.44
CUST01955,35.3,74.2,43.0,49.2,13.8,888.94,56.93,7.3,3.3,3.2,8.4,1.8,0.168,0.167,0.058,1,1777.0,0.303,5.7,19.6,7,0,0,39.25,296.74,107.97,89.93,355.04
CUST01956,30.2,51.3,25.5,38.5,12.0,557.61,54.88,6.8,4.2,1.0,6.8,4.2,0.211,0.118,0.072,0,1423.0,0.357,27.3,39.1,5,1,2,127.47,128.3,217.73,4.97,79.14
CUST01957,61.7,61.9,43.2,186.2,3.1,194.05,50.72,1.8,1.6,0.0,0.9,0.7,0.223,0.273,0.142,1,286.0,0.06,7.8,6.3,1,1,3,53.82,3.64,48.78,4.49,83.32
CUST01958,24.4,49.3,16.1,4.8,10.6,371.66,34.06,4.4,2.4,3.7,30.9,9.2,0.216,0.334,0.171,0,1621.0,0.119,42.7,115.7,13,0,1,157.63,53.79,1.28,25.68,133.28
CUST01959,58.9,36.3,48.9,117.5,2.4,119.47,48.35,1.1,0.6,0.7,2.2,1.4,0.244,0.163,0.249,4,205.0,0.049,3.1,7.3,1,0,6,23.62,15.86,75.67,3.97,0.35
CUST01960,48.6,71.8,65.3,166.5,2.7,33.8,13.48,1.1,1.2,0.4,0.7,0.3,0.216,0.2,0.28,3,307.0,0.057,4.0,6.8,1,0,3,0.42,1.58,22.41,6.72,2.67
CUST01961,48.9,64.9,54.7,8.1,21.8,2882.47,125.98,10.8,5.1,5.8,4.5,2.2,0.066,0.081,0.036,0,2557.0,0.434,8.6,0.0,6,0,0,699.46,612.13,45.01,836.37,689.49
CUST01962,30.9,51.4,10.7,12.3,6.6,414.49,55.85,2.1,1.4,3.1,18.9,4.5,0.467,0.481,0.155,1,974.0,0.18,262.8,137.9,24,4,1,209.17,135.31,23.8,0.44,45.77
CUST01963,40.4,85.1,20.6,36.0,11.1,594.69,51.88,6.5,2.9,1.7,5.5,2.6,0.202,0.126,0.063,0,2473.0,0.246,29.8,6.2,1,2,0,155.93,263.7,77.1,40.91,57.05
CUST01964,45.6,74.0,32.4,9.5,26.0,708.38,28.6,15.1,7.8,3.1,15.1,11.2,0.436,0.47,0.144,1,1323.0,0.613,50.9,54.0,11,0,1,19.9,16.94,366.42,35.75,269.37
CUST01965,22.0,47.2,15.7,8.8,12.6,774.15,54.88,4.3,5.7,2.6,26.4,8.6,0.104,0.325,0.158,0,952.0,0.304,190.1,122.3,23,5,1,173.13,243.86,37.21,16.94,303.01
CUST01966,27.7,57.4,12.9,8.4,19.3,1180.66,64.16,9.9,8.5,0.8,6.8,7.4,0.458,0.56,0.162,0,653.0,0.174,144.7,39.6,22,2,1,305.39,240.32,63.37,227.65,343.92
CUST01967,44.5,67.6,38.3,16.3,16.4,742.95,47.13,9.3,3.7,3.4,17.4,7.0,0.581,0.277,0.134,1,1339.0,0.523,71.3,44.6,8,1,1,9.73,358.21,275.96,48.94,50.12
CUST01968,35.6,91.9,26.9,13.4,26.3,987.95,39.57,15.3,12.1,0.0,12.6,10.5,0.664,0.332,0.136,0,1562.0,0.411,64.8,36.3,10,2,2,8.5,218.98,732.41,17.41,10.65
CUST01969,29.9,39.6,30.3,9.7,10.1,261.64,29.58,3.9,4.8,1.3,13.7,6.9,0.575,0.341,0.078,3,1331.0,0.452,77.1,33.9,8,1,0,19.06,55.65,155.96,0.52,30.45
CUST01970,45.6,127.8,77.3,9.1,29.8,5414.53,190.65,14.5,8.1,7.2,9.7,3.4,0.076,0.057,0.039,0,4301.0,0.434,120.9,27.0,5,5,1,1727.22,794.72,112.59,1060.7,1719.29
CUST01971,31.5,110.4,36.7,6.9,27.1,3199.86,111.16,12.8,8.3,6.0,13.1,1.8,0.107,0.082,0.029,0,4023.0,0.827,153.6,41.0,6,8,0,950.37,1070.41,65.1,707.14,406.85
CUST01972,41.1,72.2,32.0,20.4,7.9,284.97,32.57,3.2,3.0,1.7,8.0,5.6,0.216,0.258,0.078,0,1574.0,0.358,53.1,19.4,9,2,1,47.5,57.33,133.2,14.28,32.67
CUST01973,43.0,69.6,17.3,7.7,19.4,515.1,25.43,6.7,4.3,8.4,13.9,14.7,0.903,0.315,0.08,1,1321.0,0.104,61.0,58.0,10,2,2,50.26,135.46,267.49,42.96,18.92
CUST01974,22.9,61.7,11.0,12.0,18.5,1034.63,50.52,5.8,7.5,5.1,20.2,8.6,0.28,0.263,0.134,1,597.0,0.284,128.7,76.0,21,2,1,267.54,226.91,189.61,8.74,341.82
CUST01975,33.2,64.0,29.0,25.3,24.3,926.35,41.74,10.9,4.9,8.5,21.2,16.8,0.916,0.206,0.186,0,1856.0,0.414,73.9,18.9,16,1,2,44.58,479.06,341.66,38.43,22.62
CUST01976,49.8,26.2,38.1,40.3,7.9,1022.18,118.14,4.1,3.8,0.1,8.5,5.9,0.295,0.168,0.105,1,2146.0,0.387,29.2,13.2,1,1,2,229.14,292.98,56.34,194.77,248.96
CUST01977,34.6,29.1,36.0,18.5,34.5,1150.51,33.47,12.2,10.3,11.9,21.8,21.8,0.676,0.458,0.145,1,1356.0,0.664,53.2,46.9,12,4,1,55.42,63.58,1009.54,20.47,1.49
CUST01978,23.8,55.3,14.2,4.5,13.9,738.98,55.14,7.7,2.8,3.3,28.9,4.9,0.258,0.45,0.193,0,1455.0,0.269,178.5,102.8,20,2,2,125.17,378.93,55.8,32.82,146.26
CUST01979,48.2,50.9,15.4,47.5,14.0,875.85,50.38,7.6,5.5,0.9,8.6,3.8,0.284,0.164,0.083,1,2387.0,0.284,32.5,20.1,2,0,3,304.35,328.67,57.21,94.09,91.53
CUST01980,35.0,63.7,46.2,50.6,13.6,1051.79,87.67,5.5,3.7,4.3,10.7,4.9,0.238,0.189,0.079,0,1303.0,0.181,51.4,26.9,5,2,0,121.8,330.67,401.34,83.26,114.73
CUST01981,37.6,66.6,39.0,10.8,21.2,701.45,36.63,10.6,10.0,0.6,15.5,11.0,0.649,0.257,0.127,0,1932.0,0.632,53.9,28.2,10,2,1,111.73,36.69,477.0,30.17,45.85
CUST01982,30.3,54.8,37.6,68.2,13.8,824.33,58.8,5.9,4.1,3.9,8.3,3.4,0.237,0.175,0.053,2,1749.0,0.422,19.7,18.0,6,0,0,9.6,215.63,128.86,316.88,153.36
CUST01983,35.9,63.0,12.1,11.2,14.0,750.29,52.54,8.3,6.2,0.0,33.6,5.9,0.295,0.492,0.19,0,520.0,0.406,287.4,67.4,19,3,0,359.06,70.69,37.51,219.88,63.15
CUST01984,32.1,38.3,12.8,6.2,18.4,1084.45,64.59,6.4,6.6,5.5,13.2,10.2,0.303,0.427,0.118,0,607.0,0.158,125.4,114.7,20,4,1,148.62,473.08,8.37,52.93,401.45
CUST01985,36.3,104.7,43.8,7.8,42.9,7438.34,181.67,22.9,8.9,11.1,7.9,2.1,0.103,0.044,0.028,0,4681.0,0.554,106.1,33.3,6,4,2,1921.25,2590.63,44.04,1751.46,1130.95
CUST01986,36.3,133.9,39.3,9.3,33.3,6086.32,198.99,17.6,14.6,1.1,9.3,2.3,0.106,0.078,0.038,1,2620.0,0.325,75.1,28.7,8,5,1,1447.56,1935.9,359.72,478.38,1864.76
CUST01987,36.2,65.0,65.0,209.1,3.1,149.49,54.95,1.7,0.7,0.7,2.1,0.8,0.223,0.178,0.222,1,229.0,0.038,8.9,6.5,2,0,4,1.09,25.41,111.73,9.33,1.93
CUST01988,20.3,45.3,17.0,9.2,12.0,983.65,77.63,4.9,5.3,1.9,23.0,6.6,0.381,0.551,0.236,1,1028.0,0.238,116.6,55.0,11,2,0,238.98,190.27,44.09,155.58,354.72
CUST01989,31.6,54.6,11.5,2.4,16.4,1054.18,69.25,5.4,7.5,3.5,20.5,8.3,0.296,0.325,0.107,0,1077.0,0.275,95.9,65.5,23,6,1,101.87,342.09,24.65,105.58,479.99
CUST01990,53.1,71.7,65.3,122.9,2.8,192.81,67.57,1.7,0.7,0.5,2.4,0.9,0.198,0.263,0.144,0,191.0,0.052,8.1,4.8,2,0,2,37.86,22.56,40.63,61.7,30.06
CUST01991,44.8,80.8,63.6,221.8,4.0,181.14,41.21,1.4,1.8,0.8,1.5,1.3,0.08,0.289,0.225,4,302.0,0.031,9.9,2.8,5,0,2,37.3,7.51,48.88,56.66,30.79
CUST01992,43.0,48.1,58.9,10.7,22.1,2472.03,116.53,11.8,10.6,0.0,9.2,2.3,0.132,0.069,0.013,0,4716.0,0.25,95.5,16.5,4,5,1,344.43,774.45,110.73,821.84,420.59
CUST01993,51.6,80.4,55.5,158.4,2.4,125.24,48.26,1.0,0.6,0.8,2.5,0.1,0.252,0.095,0.161,5,236.0,0.054,11.8,6.8,2,0,2,3.21,30.88,53.44,7.66,30.06
CUST01994,49.1,91.2,49.0,11.4,20.0,1855.55,113.75,7.5,5.8,6.7,7.2,3.9,0.089,0.071,0.037,0,2653.0,0.37,69.4,21.7,7,4,0,464.39,335.37,207.75,391.83,456.22
CUST01995,46.1,81.2,44.4,121.0,3.7,149.84,39.17,1.7,1.6,0.4,2.1,0.7,0.157,0.257,0.298,1,307.0,0.049,15.9,6.0,0,0,2,64.6,23.52,26.81,13.69,21.24
CUST01996,58.9,75.8,63.8,172.8,3.2,106.45,31.17,1.6,0.9,0.7,1.9,1.7,0.152,0.057,0.256,2,365.0,0.029,7.3,4.2,2,2,7,8.93,13.16,83.47,0.68,0.21
CUST01997,39.9,74.0,25.6,35.9,16.2,536.25,32.35,6.2,5.2,4.9,3.4,3.6,0.348,0.217,0.113,1,1211.0,0.181,20.1,11.2,2,0,1,138.66,74.93,62.74,23.93,235.99
CUST01998,48.2,127.0,29.5,10.4,25.7,3059.16,113.37,13.1,10.8,1.8,5.8,3.2,0.092,0.082,0.033,0,4153.0,0.3,106.4,22.0,3,2,0,1253.54,1079.31,0.98,437.34,287.99
CUST01999,48.7,115.1,31.1,5.0,41.3,5194.11,124.91,17.4,12.8,11.1,12.1,2.5,0.085,0.094,0.026,0,3493.0,0.965,97.3,44.3,6,6,0,1247.24,1541.01,669.12,354.89,1381.85
CUST02000,31.8,69.5,21.8,14.7,26.5,1008.07,41.53,8.6,6.8,11.1,13.6,13.6,0.778,0.328,0.11,0,2104.0,0.349,66.5,41.7,21,2,0,152.81,168.91,450.18,35.5,200.68
